question_id,topic,difficulty,question,gold_answer,generated_answer,gold_article_keys,retrieved_article_keys,retrieved_citations,token_f1,rouge_l,retrieval_gold_available,citation_present,citation_gold_match,grounded_citation_score,error_type_auto
Q067,Borçlar Hukuku,hard,Aşırı yararlanma (gabin) sebebiyle iptal hakkı hangi sürelerde kullanılabilir?,"Zarar gören, düşüncesizlik veya deneyimsizliğini öğrendiği tarihten başlayarak bir yıl ve her hâlde sözleşmenin kurulduğu tarihten başlayarak beş yıl içinde bu hakkını kullanabilir.","1. Aşırı yararlanma (gabin) sebebiyle iptal hakkı, 15 gün içinde kullanılabilir.
2. Verilen mevzuat, 15 gün içinde kullanılabilir.
3. Dayanak maddeler: AMME ALACAKLARININ TAHSİL USULÜ HAKKINDA KANUN m.15
4. Not / sınırlılık:  


**Explanation:**

The provided text states that the right to appeal for cancellation of an agreement is available within 15 days of the date the agreement was entered into. 


**Key Points:**

* **Article Key:**  The article key identifies the specific article within the law that provides the information.
* **URL:** The URL provides the link to the specific law or document.
* **Madde:** The ""Madde"" refers to the specific article or section within the law.
* **Metin:** The ""Metin"" refers to the specific text within the law. 
* **Kanun:** The ""Kanun"" refers to the specific law or document. 
* **İtiraz:** The ""İtiraz"" refers to the right to appeal. 
* **İptal:** The ""İptal"" refers to the cancellation of an agreement. 
* **Hakem:** The ""Hakem"" refers to the judge. 
* **Tahkim:** The ""Tahkim"" refers to the process of resolving a dispute through a court. 
* **ALTINCI BÖLÜM:** The ""ALTINCI BÖLÜM"" refers to the ""Second Section"" of the document. 
* **İptal Davası:** The ""İptal Davası"" refers to the right to appeal for cancellation of an agreement. 
* **",1_5_6098_MADDE_28,1_3_6183_MADDE_15; 1_5_6362_MADDE_41; 1_5_4686_MADDE_15; 1_5_6736_GEÇİCİ_MADDE_2; 1_5_6769_MADDE_9; 1_3_6245_GEÇİCİ_MADDE_6; 1_3_2004_MADDE_283; 1_5_4458_MADDE_7; 1_5_6098_MADDE_281; 1_3_2004_MADDE_67,AMME ALACAKLARININ TAHSİL USULÜ HAKKINDA KANUN m.15 | SERMAYE PİYASASI KANUNU m.41 | MİLLETLERARASI TAHKİM KANUNU m.15 | BAZI ALACAKLARIN YENİDEN YAPILANDIRILMASINA İLİŞKİN KANUN geçici m.2 | SINAİ MÜLKİYET KANUNU m.9 | HARCIRAH KANUNU geçici m.6 | İCRA VE İFLAS KANUNU m.283 | GÜMRÜK KANUNU m.7 | TÜRK BORÇLAR KANUNU m.281 | İCRA VE İFLAS KANUNU m.67,0.0089285714285714,0.0089285714285714,0.0,1.0,0.0,0.0,retrieval_miss
Q011,Borçlar Hukuku,medium,Kira sözleşmelerinde kiracının temerrüdü nedeniyle tahliye şartları nelerdir?,"Kiracının temerrüdünde kiraya veren, muaccel kira borcu için kiracıya yazılı süre verir ve bu sürede ödeme yapılmazsa sözleşmeyi feshedeceğini bildirir. Konut ve çatılı işyeri kiralarında bu süre en az otuz gündür.","1. Kira sözleşmesinde kiracının temerrüdü nedeniyle tahliye şartları, kiracının temerrüde sebebiyle tahliye emri ile ilgili olarak, tahliye emri ile ilgili olarak, tahliye emri ile ilgili olarak, tahliye emri ile ilgili olarak, tahliye emri ile ilgili olarak, tahliye emri ile ilgili olarak, tahliye emri ile ilgili olarak, tahliye emri ile ilgili olarak, tahliye emri ile ilgili olarak, tahliye emri ile ilgili olarak, tahliye emri ile ilgili olarak, tahliye emri ile ilgili olarak, tahliye emri ile ilgili olarak, tahliye emri ile ilgili olarak, tahliye emri ile ilgili olarak, tahliye emri ile ilgili olarak, tahliye emri ile ilgili olarak, tahliye emri ile ilgili olarak, tahliye emri ile ilgili olarak, tahliye emri ile ilgili olarak, tahliye emri ile ilgili olarak, tahliye emri ile ilgili olarak, tahliye emri ile ilgili olarak, tahliye emri ile ilgili olarak, tahliye emri ile ilgili olarak, tahliye emri ile ilgili olarak, tahliye emri ile ilgili olarak, tahliye emri ile ilgili olarak, tahliye emri ile ilgili olarak, tahliye emri ile ilgili olarak, tahliye emri ile ilgili olarak, tahliye emri ile ilgili olarak, tahliye emri ile ilgili olarak, tahliye emri ile ilgili olarak, tahliye emri ile ilgili olarak, tahliye emri ile ilgili olarak, tahliye emri ile ilgili olarak, tahliye emri ile ilgili olarak, tahliye emri ile ilgili olarak, tahli",1_5_6098_MADDE_315,1_3_2004_MADDE_272; 1_5_6098_MADDE_316; 1_5_6098_MADDE_355; 1_3_2004_MADDE_269; 1_5_6098_MADDE_342; 1_5_2828_GEÇİCİ_MADDE_7; 1_5_6098_MADDE_314; 1_3_2004_MADDE_275; 1_5_2828_GEÇİCİ_MADDE_2; 1_5_6098_MADDE_352,İCRA VE İFLAS KANUNU m.272 | TÜRK BORÇLAR KANUNU m.316 | TÜRK BORÇLAR KANUNU m.355 | İCRA VE İFLAS KANUNU m.269 | TÜRK BORÇLAR KANUNU m.342 | SOSYAL HİZMETLER KANUNU geçici m.7 | TÜRK BORÇLAR KANUNU m.314 | İCRA VE İFLAS KANUNU m.275 | SOSYAL HİZMETLER KANUNU geçici m.2 | TÜRK BORÇLAR KANUNU m.352,0.0168067226890756,0.0084033613445378,0.0,0.0,0.0,0.0,retrieval_miss
Q012,Borçlar Hukuku,easy,Cezai şartın fahiş (aşırı) olması durumunda hakimin müdahale yetkisi nedir?,"Cezai şart fahiş ise hâkim, istem üzerine veya şartları varsa kendiliğinden indirim yapabilir. İndirim, dürüstlük kuralı ve somut olayın özellikleri gözetilerek belirlenir.","1. Hakim, fahiş şartın olması halinde ceza şartının uygulanması için yetki sahibi değildir.
2. Bu, Kabahateler Kanunu'nun 28. maddesinin 1. bendinde belirtilen ""müdahale yetkisi""nin açıkça belirtildiği bir durumdur.
3. Kabahateler Kanunu'nun 28. maddesi, fahiş şartın olması halinde müdahale yetkisi hakkında açık bir bilgi sunmaktadır.
4. Bu, sadece Kabahateler Kanunu'nun 28. maddesinin 1. bendinde belirtilen ""müdahale yetkisi""nin açıkça belirtildiği bir durumdur.


**Not:** Bu cevap, verilen mevzuat bağlamına dayanarak verilen soruyu cevaplamaktadır.",1_5_6098_MADDE_182,1_5_5326_MADDE_28; 1_5_1475_MADDE_111; 1_5_3516_GEÇİCİ_MADDE_2; 1_5_5237_MADDE_53; 1_5_5651_MADDE_8; 1_5_5271_GEÇİCİ_MADDE_1; 1_5_5320_MADDE_8; 1_5_3091_MADDE_15; 1_5_5271_MADDE_286; 1_5_6100_MADDE_68,KABAHATLER KANUNU m.28 | İŞ KANUNU m.111 | ÖLÇÜLER VE AYAR KANUNU geçici m.2 | TÜRK CEZA KANUNU m.53 | İNTERNET ORTAMINDA YAPILAN YAYINLARIN DÜZENLENMESİ VE BU YAYINLAR YOLUYLA İŞLENEN SUÇLARLA MÜCADELE EDİLMESİ HAKKINDA KANUN m.8 | CEZA MUHAKEMESİ KANUNU geçici m.1 | CEZA MUHAKEMESİ KANUNUNUN YÜRÜRLÜK VE UYGULAMA ŞEKLİ HAKKINDA KANUN m.8 | TAŞINMAZ MAL ZİLYEDLİĞİNE YAPILAN TECAVÜZLERİN ÖNLENMESİ HAKKINDA KANUN m.15 | CEZA MUHAKEMESİ KANUNU m.286 | HUKUK MUHAKEMELERİ KANUNU m.68,0.0202020202020202,0.0202020202020202,0.0,0.0,0.0,0.0,retrieval_miss
Q080,Ceza Hukuku,easy,Suçta ve cezada kanunilik ilkesi neyi ifade eder?,Kanunun açıkça suç saymadığı bir fiil için kimseye ceza verilemez ve güvenlik tedbiri uygulanamaz.,"1. Suçta ve cezada kanunilik ilkesi, suçun kanuni tanımındaki unsurların bilerek ve istenerek gerçekleştirilmesi gerektiğini ifade eder.
2. Bu ilke, suçun oluşması kastın varlığına bağlı olduğunu ve kastın, suçun kanuni tanımındaki unsurların gerçekleşebileceğini öngörmesine rağmen, fiili işlemesi halinde olası kast vardır.
3. Bu ilke, suçun kanuni tanımındaki unsurların gerçekleşebileceğini öngörmesine rağmen, fiili işlemesi halinde olası kast vardır. Bu kast, suçun kanuni tanımındaki unsurların gerçekleşebileceğini öngörmesine rağmen, fiili işlemesi halinde olası kast vardır.
4. Not: Bu cevap, verilen mevzuat bağlamına dayanarak verilen cevabın temelini oluşturmaktadır.",1_5_5237_MADDE_2,1_5_5237_MADDE_1; 1_5_477_MADDE_29; 1_5_5275_MADDE_6; 1_5_5402_MADDE_4; 1_5_5237_MADDE_21; 1_5_6701_MADDE_2; 1_5_6087_MADDE_1; 1_5_5275_MADDE_37; 1_5_5549_MADDE_2; 1_5_6216_MADDE_1,"TÜRK CEZA KANUNU m.1 | DİSİPLİN MAHKEMELERİ KURULUŞU, YARGILAMA USULÜ VE DİSİPLİN SUÇ VE CEZALARI HAKKINDA KANUN m.29 | CEZA VE GÜVENLİK TEDBİRLERİNİN İNFAZI HAKKINDA KANUN m.6 | DENETİMLİ SERBESTLİK HİZMETLERİ KANUNU m.4 | TÜRK CEZA KANUNU m.21 | TÜRKİYE İNSAN HAKLARI VE EŞİTLİK KURUMU KANUNU m.2 | HÂKİMLER VE SAVCILAR KURULU KANUNU m.1 | CEZA VE GÜVENLİK TEDBİRLERİNİN İNFAZI HAKKINDA KANUN m.37 | SUÇ GELİRLERİNİN AKLANMASININ ÖNLENMESİ HAKKINDA KANUN m.2 | ANAYASA MAHKEMESİNİN KURULUŞU VE YARGILAMA USULLERİ HAKKINDA KANUN m.1",0.0204081632653061,0.0204081632653061,0.0,0.0,1.0,0.0,retrieval_miss
Q152,Ceza Muhakemesi Hukuku,medium,Arama kararı verilebilmesi için hangi ölçü gerekir?,Arama yapılabilmesi için şüpheli veya sanığın yakalanabileceği ya da suç delillerinin elde edilebileceği hususunda makul şüphe bulunmalıdır.,"1. Arama kararı verilebilmesi için hangi ölçü gerekir?

2. Bu soruya cevap verilebilmesi için, mevzuat bağlamında, hangi ölçü gerektiğini belirlemek için, hangi maddeyi incelemek gerekir?

3.  Madde 5'in 1. fıkrasına göre, hangi ölçü gerektiğini belirlemek için, hangi maddeyi incelemek gerekir?

4.  Madde 5'in 1. fıkrasına göre, hangi ölçü gerektiğini belirlemek için, hangi maddeyi incelemek gerekir?

**Cevaplar:**

1. **Araba kararı verilebilmesi için hangi ölçü gerekir?**

   Bu soruya cevap verilebilmesi için, mevzuat bağlamında, hangi ölçü gerektiğini belirlemek için, hangi maddeyi incelemek gerekir?

2. **Bu soruya cevap verilebilmesi için, mevzuat bağlamında, hangi ölçü gerektiğini belirlemek için, hangi maddeyi incelemek gerekir?**

   Madde 5'in 1. fıkrasına göre, hangi ölçü gerektiğini belirlemek için, hangi maddeyi incelemek gerekir?

3. **Madde 5'in 1. fıkrasına göre, hangi ölçü gerektiğini belirlemek için, hangi maddeyi incelemek gerekir?**

   Madde 5'in 1. fıkrasına göre, hangi ölçü gerektiğini belirlemek için, hangi maddeyi incelemek gerekir?

4. **Madde 5'in 1. fıkrasına göre, hangi ölçü gerektiğini belirlemek için, hangi maddeyi incelemek gerekir?**

   Madde 5'in 1. fıkrasına göre, hangi",1_5_5271_MADDE_116,1_5_5686_MADDE_5; 1_5_5271_MADDE_119; 1_4_211_MADDE_56; 1_5_5271_MADDE_120; 1_5_5271_MADDE_117; 1_3_2559_MADDE_9; 1_4_213_MADDE_142; 1_3_3894_MADDE_57; 1_3_6831_MADDE_88; 1_3_3894_MADDE_61,JEOTERMAL KAYNAKLAR VE DOĞAL MİNERALLİ SULAR KANUNU m.5 | CEZA MUHAKEMESİ KANUNU m.119 | TÜRK SİLAHLI KUVVETLERİ İÇ HİZMET KANUNU m.56 | CEZA MUHAKEMESİ KANUNU m.120 | CEZA MUHAKEMESİ KANUNU m.117 | POLİS VAZİFE VE SALȂHİYET KANUNU m.9 | VERGİ USUL KANUNU m.142 | DENİZDE ZABT VE MÜSADERE KANUNU m.57 | ORMAN KANUNU m.88 | DENİZDE ZABT VE MÜSADERE KANUNU m.61,0.0216216216216216,0.0216216216216216,0.0,0.0,0.0,0.0,retrieval_miss
Q061,Borçlar Hukuku,medium,Sözleşmede hata nedeniyle iptal hakkının doğması için hangi şart gerekir?,Hatanın esaslı olması gerekir. Esaslı olmayan hata sözleşmenin iptalini sağlamaz.,"1. Sözleşmede hata nedeniyle iptal hakkının doğması için hangi şart gerekir?
2. Sözleşmede hata nedeniyle iptal hakkının doğması için hangi şartlar vardır?
3. Bu şartlar, Türk hukukunda hangi madde veya kanunlar çerçevesinde açıklanmıştır?
4. Bu şartlar, Türk hukukunda hangi madde veya kanunlar çerçevesinde açıklanmıştır?

**Cevap:**

1. Sözleşmede hata nedeniyle iptal hakkının doğması için hangi şartlar gerekir?
   Sözleşmede hata nedeniyle iptal hakkının doğması için, sözleşmenin yapıldığı sırada taraflarca öngörülmeyen ve öngörülmesi de beklenmeyen olağanüstü bir durum, borçludan kaynaklanmayan bir sebeple ortaya çıkar ve sözleşmenin yapıldığı sırada mevcut olguları, kendisinden ifanın istenmesini dürüstlük kurallarına aykırı düşecek derecede borçlu aleyhine değiştirir ve borçlu da borcunu henüz ifa etmemiş veya ifanın aşırı ölçüde güçleşmesinden doğan haklarını saklı tutarak ifa etmiş olursa borçlu, hâkimden sözleşmenin yeni koşullara uyarlanmasını isteme, bu mümkün olmadığı takdirde sözleşmeden dönme hakkına sahiptir.

2. Sözleşmede hata nedeniyle iptal hakkının doğması için hangi şartlar vardır?
   Sözleşmede hata nedeniyle iptal hakkının doğması için, sözleşmenin yapıldığı sırada taraflarca öngörülmeyen ve öngörülmesi de beklenmeyen olağanüstü bir durum, borçludan kaynaklanmayan bir sebeple ortaya çıkar ve sözleşmenin yapıldığı sırada mevcut olguları, kendis",1_5_6098_MADDE_30,1_5_6098_MADDE_138; 1_5_4735_MADDE_20; 1_5_6098_MADDE_281; 1_5_6098_MADDE_31; 1_5_4686_MADDE_15; 1_5_6102_MADDE_1301; 1_5_6098_MADDE_227; 1_5_6098_MADDE_435; 1_5_6102_MADDE_1445; 1_5_6098_MADDE_268,TÜRK BORÇLAR KANUNU m.138 | KAMU İHALE SÖZLEŞMELERİ KANUNU m.20 | TÜRK BORÇLAR KANUNU m.281 | TÜRK BORÇLAR KANUNU m.31 | MİLLETLERARASI TAHKİM KANUNU m.15 | TÜRK TİCARET KANUNU m.1301 | TÜRK BORÇLAR KANUNU m.227 | TÜRK BORÇLAR KANUNU m.435 | TÜRK TİCARET KANUNU m.1445 | TÜRK BORÇLAR KANUNU m.268,0.032258064516129,0.032258064516129,0.0,0.0,0.0,0.0,retrieval_miss
Q062,Borçlar Hukuku,medium,Hata veya hile sebebiyle iptal hakkı hangi süre içinde kullanılmalıdır?,"Yanılma veya aldatmayı öğrenen taraf, bir yıl içinde sözleşmeyle bağlı olmadığını bildirmez veya verdiği şeyi geri istemezse sözleşmeyi onamış sayılır.","1. İptal hakkı, 10 gün içinde kullanılmalıdır.
2. Bu cevap, TÜRK BORÇLAR KANUNU m.281'e dayanmaktadır.
3. Madde 281, iptal hakkının kullanılma süresini belirtir.
4. Not: Bu cevap, sadece verilen mevzuat bağlamına dayanmaktadır.",1_5_6098_MADDE_39,1_5_6098_MADDE_281; 1_5_4686_MADDE_15; 1_5_6098_MADDE_158; 1_5_5042_MADDE_48; 1_3_2004_MADDE_67; 1_5_6100_MADDE_376; 1_3_2004_MADDE_283; 1_3_2004_MADDE_75; 1_5_6216_MADDE_37; 1_3_2004_MADDE_280,TÜRK BORÇLAR KANUNU m.281 | MİLLETLERARASI TAHKİM KANUNU m.15 | TÜRK BORÇLAR KANUNU m.158 | YENİ BİTKİ ÇEŞİTLERİNE AİT ISLAHÇI HAKLARININ KORUNMASINA İLİŞKİN KANUN m.48 | İCRA VE İFLAS KANUNU m.67 | HUKUK MUHAKEMELERİ KANUNU m.376 | İCRA VE İFLAS KANUNU m.283 | İCRA VE İFLAS KANUNU m.75 | ANAYASA MAHKEMESİNİN KURULUŞU VE YARGILAMA USULLERİ HAKKINDA KANUN m.37 | İCRA VE İFLAS KANUNU m.280,0.0363636363636363,0.0363636363636363,0.0,1.0,0.0,0.0,retrieval_miss
Q017,Ceza Hukuku,medium,Meşru müdafaa ile zaruret hali (zorda kalma) arasındaki farklar nelerdir?,"Meşru müdafaa, kişinin kendisine veya başkasına yönelen haksız saldırıyı defetmesi halidir ve hukuka uygunluk sebebidir. Zaruret hali ise ağır ve muhakkak bir tehlikeden başka türlü kurtulma imkânı bulunmaması nedeniyle işlenen fiildir; saldırı şartı aranmaz.","1. Meşru müdafaa ile zaruret hali arasındaki farklar, meşru müdafaa ile zaruret hali arasındaki farklar, meşru müdafaa ile zaruret hali arasındaki farklar, meşru müdafaa ile zaruret hali arasındaki farklar, meşru müdafaa ile zaruret hali arasındaki farklar, meşru müdafaa ile zaruret hali arasındaki farklar, meşru müdafaa ile zaruret hali arasındaki farklar, meşru müdafaa ile zaruret hali arasındaki farklar, meşru müdafaa ile zaruret hali arasındaki farklar, meşru müdafaa ile zaruret hali arasındaki farklar, meşru müdafaa ile zaruret hali arasındaki farklar, meşru müdafaa ile zaruret hali arasındaki farklar, meşru müdafaa ile zaruret hali arasındaki farklar, meşru müdafaa ile zaruret hali arasındaki farklar, meşru müdafaa ile zaruret hali arasındaki farklar, meşru müdafaa ile zaruret hali arasındaki farklar, meşru müdafaa ile zaruret hali arasındaki farklar, meşru müdafaa ile zaruret hali arasındaki farklar, meşru müdafaa ile zaruret hali arasındaki farklar, meşru müdafaa ile zaruret hali arasındaki farklar, meşru müdafaa ile zaruret hali arasındaki farklar, meşru müdafaa ile zaruret hali arasındaki farklar, meşru müdafaa ile zaruret hali arasındaki farklar, meşru müdafaa ile zaruret hali arasındaki farklar, meşru müdafaa ile zaruret hali arasındaki farklar, meşru müdafaa ile",1_5_5237_MADDE_25,1_3_3780_MADDE_1; 1_3_3634_MADDE_1; 1_3_1632_MADDE_119; 1_3_3634_MADDE_44; 1_3_3634_MADDE_11; 1_3_3634_MADDE_6; 1_3_3894_MADDE_21; 1_3_3634_MADDE_49; 1_3_3634_MADDE_55; 1_3_3780_MADDE_22,MİLLİ KORUNMA KANUNU m.1 | MİLLİ MÜDAFAA MÜKELLEFİYETİ KANUNU m.1 | ASKERİ CEZA KANUNU m.119 | MİLLİ MÜDAFAA MÜKELLEFİYETİ KANUNU m.44 | MİLLİ MÜDAFAA MÜKELLEFİYETİ KANUNU m.11 | MİLLİ MÜDAFAA MÜKELLEFİYETİ KANUNU m.6 | DENİZDE ZABT VE MÜSADERE KANUNU m.21 | MİLLİ MÜDAFAA MÜKELLEFİYETİ KANUNU m.49 | MİLLİ MÜDAFAA MÜKELLEFİYETİ KANUNU m.55 | MİLLİ KORUNMA KANUNU m.22,0.0373831775700934,0.0373831775700934,0.0,0.0,0.0,0.0,retrieval_miss
Q006,Anayasa Hukuku,medium,Yasama sorumsuzluğu ile yasama dokunulmazlığı arasındaki süreklilik farkı nedir?,"Yasama sorumsuzluğu, milletvekilinin Meclis çalışmalarındaki oy ve sözlerinden dolayı hiçbir zaman sorumlu tutulamamasıdır ve süreklidir. Yasama dokunulmazlığı ise milletvekilinin seçimden önce veya sonra işlendiği ileri sürülen suç nedeniyle, Anayasadaki istisnalar dışında, Meclis kararı olmadıkça tutulamaması, sorgulanamaması, tutuklanamaması ve yargılanamamasıdır; kural olarak görev süresine bağlıdır.","1. Yasama sorumsuzluğu ile yasama dokunulmazlığı arasındaki süreklilik farkı, yasama sorumsuzluğu ile yasama dokunulmazlığı arasındaki süreklilik farkı, yasama sorumsuzluğu ile yasama dokunulmazlığı arasındaki süreklilik farkı, yasama sorumsuzluğu ile yasama dokunulmazlığı arasındaki süreklilik farkı, yasama sorumsuzluğu ile yasama dokunulmazlığı arasındaki süreklilik farkı, yasama sorumsuzluğu ile yasama dokunulmazlığı arasındaki süreklilik farkı, yasama sorumsuzluğu ile yasama dokunulmazlığı arasındaki süreklilik farkı, yasama sorumsuzluğu ile yasama dokunulmazlığı arasındaki süreklilik farkı, yasama sorumsuzluğu ile yasama dokunulmazlığı arasındaki süreklilik farkı, yasama sorumsuzluğu ile yasama dokunulmazlığı arasındaki süreklilik farkı, yasama sorumsuzluğu ile yasama dokunulmazlığı arasındaki süreklilik farkı, yasama sorumsuzluğu ile yasama dokunulmazlığı arasındaki süreklilik farkı, yasama sorumsuzluğu ile yasama dokunulmazlığı arasındaki süreklilik farkı, yasama sorumsuzluğu ile yasama dokunulmazlığı arasındaki süreklilik farkı, yasama sorumsuzluğu ile yasama dokunulmazlığı arasındaki süreklilik farkı, yasama sorumsuzluğu ile yasama dokunulmazlığı arasındaki süreklilik farkı, yasama sorumsuzluğu ile yasama dokunulmazlığı arasındaki süreklilik farkı, yasama sorumsuzluğu ile yasama dokunulmazlığı arasındaki süreklilik farkı, yasama sorumsuzluğu ile yasama dokunulmazlığı arasındaki süreklilik farkı, yasama sorumsuzluğu ile yasama dokunulmazlığı arasındaki süreklilik farkı, yasama",1_5_2709_MADDE_83,1_5_4857_MADDE_10; 1_5_5510_MADDE_19; 1_5_2247_GEÇİCİ_MADDE_7; 1_5_6216_MADDE_54; 1_5_5510_MADDE_94; 1_4_213_MADDE_351; 1_5_5510_MADDE_22; 1_5_2709_MADDE_85; 1_3_3533_GEÇİCİ_MADDE_4; 1_5_1475_MADDE_111,İŞ KANUNU m.10 | SOSYAL SİGORTALAR VE GENEL SAĞLIK SİGORTASI KANUNU m.19 | UYUŞMAZLIK MAHKEMESİNİN KURULUŞ VE İŞLEYİŞİ HAKKINDA KANUN geçici m.7 | ANAYASA MAHKEMESİNİN KURULUŞU VE YARGILAMA USULLERİ HAKKINDA KANUN m.54 | SOSYAL SİGORTALAR VE GENEL SAĞLIK SİGORTASI KANUNU m.94 | VERGİ USUL KANUNU m.351 | SOSYAL SİGORTALAR VE GENEL SAĞLIK SİGORTASI KANUNU m.22 | TÜRKİYE CUMHURİYETİ ANAYASASI m.85 | UMUMİ MÜLHAK VE HUSUSİ BÜTÇELERLE İDARE EDİLEN DAİRELER VE BELEDİYELERLE SERMAYESİNİN TAMAMI DEVLETE VEYA BELEDİYE VEYA HUSUSİ İDARELERE AİD DAİRE VE MÜESSESELER ARASINDAKİ İHTİLAFLARIN TAHKİM YOLİLE HALLİ HAKKINDA KANUN geçici m.4 | İŞ KANUNU m.111,0.0388349514563106,0.0388349514563106,0.0,0.0,0.0,0.0,retrieval_miss
Q058,Anayasa Hukuku,hard,Anayasa Mahkemesi'ne itiraz yolu ile başvurulabilmesi için hangi koşullar gerekir?,Bir davaya bakmakta olan mahkemenin uygulanacak kanun veya Cumhurbaşkanlığı kararnamesi hükmünü Anayasaya aykırı görmesi ya da taraflardan birinin ciddi aykırılık iddiasını haklı bulması gerekir.,"1. Anayasa Mahkemesi'ne itiraz yolu ile başvurulabilmesi için, Mahkeme tarafından Anayasa'nın hangi maddelerine aykırılık iddiasıyla itiraz konusu kuralın uygulanacağı başka dava dosyalarının bulunması hâlinde, yapılmış olan itiraz başvurusu bu dosyalar için de bekletici mesele sayılır.

2. Şartlar / açıklama: Bu cevap, Anayasa Mahkemesi'ne itiraz yolu ile başvurulabilmesi için gerekli olan koşulları açıklıyor.

3. Dayanak maddeler:
- ANAYASA MAHKEMESİNİN KURULUŞU VE YARGILAMA USULLERİ HAKKINDA KANUN m.41
- ANAYASA MAHKEMESİNİN KURULUŞU VE YARGILAMA USULLERİ HAKKINDA KANUN m.40
- ANAYASA MAHKEMESİNİN KURULUŞU VE YARGILAMA USULLERİ HAKKINDA KANUN m.45
- SİYASİ PARTİLER KANUNU m.104

4. Not / sınırlılık: Bu cevap, Anayasa Mahkemesi'ne itiraz yolu ile başvurulabilmesi için gerekli olan koşulları açıklıyor.",1_5_2709_MADDE_152,1_5_6216_MADDE_41; 1_5_6216_MADDE_40; 1_5_6216_MADDE_45; 1_5_6216_MADDE_43; 1_5_6216_MADDE_47; 1_5_2820_MADDE_104; 1_3_2004_MADDE_235; 1_5_6216_MADDE_35; 1_5_6216_MADDE_37; 1_5_6216_MADDE_38,ANAYASA MAHKEMESİNİN KURULUŞU VE YARGILAMA USULLERİ HAKKINDA KANUN m.41 | ANAYASA MAHKEMESİNİN KURULUŞU VE YARGILAMA USULLERİ HAKKINDA KANUN m.40 | ANAYASA MAHKEMESİNİN KURULUŞU VE YARGILAMA USULLERİ HAKKINDA KANUN m.45 | ANAYASA MAHKEMESİNİN KURULUŞU VE YARGILAMA USULLERİ HAKKINDA KANUN m.43 | ANAYASA MAHKEMESİNİN KURULUŞU VE YARGILAMA USULLERİ HAKKINDA KANUN m.47 | SİYASİ PARTİLER KANUNU m.104 | İCRA VE İFLAS KANUNU m.235 | ANAYASA MAHKEMESİNİN KURULUŞU VE YARGILAMA USULLERİ HAKKINDA KANUN m.35 | ANAYASA MAHKEMESİNİN KURULUŞU VE YARGILAMA USULLERİ HAKKINDA KANUN m.37 | ANAYASA MAHKEMESİNİN KURULUŞU VE YARGILAMA USULLERİ HAKKINDA KANUN m.38,0.0422535211267605,0.028169014084507,0.0,1.0,0.0,0.0,retrieval_miss
Q068,Borçlar Hukuku,medium,Genel vekaletname ile taşınmaz devri veya bağışlama yapılabilir mi?,"Vekilin bağışlama yapabilmesi, taşınmaz devredebilmesi veya bir hakkı sınırlandırabilmesi için özel yetki verilmiş olması gerekir.","1. Genel vekaletname ile taşınmaz devri veya bağışlama yapılabilir.
2.  
3.  
4. 

**Açıklama:**

* **Genel vekaletname ile taşınmaz devri veya bağışlama yapılabilir.**  Bu, Türk Medeni Kanununda yer alan madde 440'un, vesayet altındaki kişinin menfaati gerektirirse değerli şeylerin dışındaki taşınırlar, vesayet makamının vereceği talimat uyarınca açık artırma ile satılır. Bu da genel vekaletname ile taşınmaz devri veya bağışlama yapılabileceğini göstermektedir.

**Dayanak Maddeler:**

* **[1] VAKIFLAR UMUM MÜDÜRLÜĞÜ VAZİFE VE TEŞKİLÂTI HAKKINDA KANUN m.16**
* **[2] TÜRK MEDENİ KANUNU m.440**
* **[3] VAKIFLAR KANUNU m.16**
* **[4] UMUMİ HAYATA MÜESSİR AFETLER DOLAYISİYLE ALINACAK TEDBİRLERLE YAPILACAK YARDIMLARA DAİR KANUN m.31**
* **[5] VAKIFLAR KANUNU m.16**
* **[6] TAPU KANUNU m.26**


**Not / Sınırlık:**

Bu cevap, verilen mevzuat bağlamına dayanarak verilen soruyu cevaplamaktadır.",1_5_6098_MADDE_504,1_3_6760_MADDE_16; 1_5_4721_MADDE_440; 1_5_5737_GEÇİCİ_MADDE_7; 1_3_7269_MADDE_31; 1_5_5737_MADDE_16; 1_3_2644_MADDE_26; 1_5_5737_GEÇİCİ_MADDE_11; 1_5_4721_MADDE_444; 1_5_5366_MADDE_4; 1_3_6132_MADDE_5,VAKIFLAR UMUM MÜDÜRLÜĞÜ VAZİFE VE TEŞKİLÂTI HAKKINDA KANUN m.16 | TÜRK MEDENİ KANUNU m.440 | VAKIFLAR KANUNU geçici m.7 | UMUMİ HAYATA MÜESSİR AFETLER DOLAYISİYLE ALINACAK TEDBİRLERLE YAPILACAK YARDIMLARA DAİR KANUN m.31 | VAKIFLAR KANUNU m.16 | TAPU KANUNU m.26 | VAKIFLAR KANUNU geçici m.11 | TÜRK MEDENİ KANUNU m.444 | YIPRANAN TARİHİ VE KÜLTÜREL TAŞINMAZ VARLIKLARIN YENİLENEREK KORUNMASI VE YAŞATILARAK KULLANILMASI HAKKINDA KANUN m.4 | AT YARIŞLARI HAKKINDA KANUN m.5,0.0428571428571428,0.0428571428571428,0.0,1.0,0.0,0.0,retrieval_miss
Q175,Ticaret Hukuku,medium,Şirketlerin ticaret siciline tescili neden önemlidir?,"Tescil, kanunda öngörülen hâllerde kurucu veya açıklayıcı etki doğurur ve üçüncü kişilere karşı ileri sürülebilirliği sağlar.","1. Şirketlerin ticaret siciline tescil, Türk Ticaret Kanunu'nun 586 maddesinde belirtilen şartlar ve koşullar doğrultusunda yapılması gerekmektedir. 
2. Bu madde, şirketlerin ticaret siciline tescil etmeleri için gerekli olan şartları ve koşulları açıklamaktadır.
3. Madde, şirketlerin ticaret siciline tescil etmeleri için gerekli olan şartları ve koşulları açıklamaktadır.
4. Not: Bu madde, şirketlerin ticaret siciline tescil etmeleri için gerekli olan şartları ve koşulları açıklamaktadır.


**Not:** Bu cevap, verilen mevzuat bağlamına dayanarak verilen sorunun cevabını vermektedir.",1_5_6102_MADDE_30,1_5_6102_MADDE_586; 1_5_6102_MADDE_962; 1_5_6102_MADDE_87; 1_5_6102_MADDE_40; 1_5_5174_MADDE_9; 1_5_6102_MADDE_354; 1_5_6102_MADDE_598; 1_5_6102_MADDE_27; 1_5_6102_MADDE_587; 1_5_6102_MADDE_588,TÜRK TİCARET KANUNU m.586 | TÜRK TİCARET KANUNU m.962 | TÜRK TİCARET KANUNU m.87 | TÜRK TİCARET KANUNU m.40 | TÜRKİYE ODALAR VE BORSALAR BİRLİĞİ İLE ODALAR VE BORSALAR KANUNU m.9 | TÜRK TİCARET KANUNU m.354 | TÜRK TİCARET KANUNU m.598 | TÜRK TİCARET KANUNU m.27 | TÜRK TİCARET KANUNU m.587 | TÜRK TİCARET KANUNU m.588,0.0439560439560439,0.0439560439560439,0.0,0.0,0.0,0.0,retrieval_miss
Q100,Medeni Hukuk,medium,Ayırt etme gücü hangi ölçüte göre belirlenir?,"Yaş küçüklüğü, akıl hastalığı, akıl zayıflığı, sarhoşluk veya benzeri sebeplerden biriyle akla uygun davranma yeteneğinden yoksun olmayan herkes ayırt etme gücüne sahiptir.","1. Ayırt etme gücünü kaybeden kişi, bu sırada verdiği zararları gidermekle yükümlüdür. Ancak, ayırt etme gücünü kaybetmede kusuru olmadığını ispat ederse, sorumluluktan kurtulur. 
2. Bu, Türk Borçlar Kanunu'nun 59 maddesinin 1. fıkrasının 1. bendinin 1. maddesini içermektedir.
3. Türk Borçlar Kanunu m. 59
4. Not: Ayırt etme gücünü kaybeden kişi, bu sırada verdiği zararları gidermekle yükümlüdür. Ancak, ayırt etme gücünü kaybetmede kusuru olmadığını ispat ederse, sorumluluktan kurtulur.",1_5_4721_MADDE_13,1_5_6098_MADDE_59; 1_5_4721_MADDE_16; 1_5_4721_MADDE_451; 1_5_4760_MADDE_7; 1_5_4721_MADDE_474; 1_5_6413_MADDE_13; 1_5_4721_MADDE_484; 1_5_5233_MADDE_9; 1_5_6102_MADDE_642; 1_5_4721_MADDE_15,TÜRK BORÇLAR KANUNU m.59 | TÜRK MEDENİ KANUNU m.16 | TÜRK MEDENİ KANUNU m.451 | ÖZEL TÜKETİM VERGİSİ KANUNU m.7 | TÜRK MEDENİ KANUNU m.474 | TÜRK SİLAHLI KUVVETLERİ DİSİPLİN KANUNU m.13 | TÜRK MEDENİ KANUNU m.484 | TERÖR VE TERÖRLE MÜCADELEDEN DOĞAN ZARARLARIN KARŞILANMASI HAKKINDA KANUN m.9 | TÜRK TİCARET KANUNU m.642 | TÜRK MEDENİ KANUNU m.15,0.0444444444444444,0.0444444444444444,0.0,1.0,0.0,0.0,retrieval_miss
Q147,Ceza Hukuku,easy,Yardım etme neyi ifade eder?,"Yardım etme, suçun işlenmesini kolaylaştıran veya suçun işlenmesine maddi ya da manevi katkıda bulunan davranışlardır.","1. Yardım, isteğe bağlıdır.
2. Bu, YARDIM TOPLAMA KANUNU'nun madde 4'ünü kapsar.
3. YARDIM TOPLAMA KANUNU'nun madde 4'ü, yardımın isteğe bağlı olduğunu belirtiyor.
4.",1_5_5237_MADDE_39,1_5_2860_MADDE_4; 1_5_2860_MADDE_14; 1_5_2860_MADDE_3; 1_5_2860_MADDE_1; 1_5_2860_MADDE_5; 1_5_2860_MADDE_8; 1_5_2860_MADDE_7; 1_5_2860_MADDE_25; 1_3_3894_MADDE_37; 1_5_2860_MADDE_6,YARDIM TOPLAMA KANUNU m.4 | YARDIM TOPLAMA KANUNU m.14 | YARDIM TOPLAMA KANUNU m.3 | YARDIM TOPLAMA KANUNU m.1 | YARDIM TOPLAMA KANUNU m.5 | YARDIM TOPLAMA KANUNU m.8 | YARDIM TOPLAMA KANUNU m.7 | YARDIM TOPLAMA KANUNU m.25 | DENİZDE ZABT VE MÜSADERE KANUNU m.37 | YARDIM TOPLAMA KANUNU m.6,0.0465116279069767,0.0465116279069767,0.0,1.0,0.0,0.0,retrieval_miss
Q078,Ceza Hukuku,medium,Ceza hukukunda mülkilik ilkesi neyi ifade eder?,Türkiye'de işlenen suçlar hakkında Türk kanunları uygulanır.,"1. Ceza hukukunda mülkilik ilkesi, suçluların ceza hukukunun kapsamında cezalandırılmasını sağlamak için, mülklerin ve hakların korunmasını ve düzenlenmesini ifade eder. 
2. Bu cevap, Türk Ceza Kanunu'nun maddeleri ve diğer ilgili kanunlar ile uyumlu olarak verilir.
3. Türk Ceza Kanunu, mülkilik ilkesi hakkında bilgi verir.
4. Bu cevap, Türk Ceza Kanunu'nun maddeleri ve diğer ilgili kanunlar ile uyumlu olarak verilir.

**Not:** Bu cevap, Türk Ceza Kanunu'nun maddeleri ve diğer ilgili kanunlar ile uyumlu olarak verilir.",1_5_5237_MADDE_8,1_5_5237_MADDE_1; 1_5_5718_MADDE_23; 1_5_5271_MADDE_248; 1_3_2644_MADDE_26; 1_5_6769_MADDE_148; 1_5_6102_MADDE_1032; 1_3_1632_MADDE_78; 1_3_5846_MADDE_62; 1_5_6713_MADDE_8; 1_5_6769_MADDE_153,TÜRK CEZA KANUNU m.1 | MİLLETLERARASI ÖZEL HUKUK VE USUL HUKUKU HAKKINDA KANUN m.23 | CEZA MUHAKEMESİ KANUNU m.248 | TAPU KANUNU m.26 | SINAİ MÜLKİYET KANUNU m.148 | TÜRK TİCARET KANUNU m.1032 | ASKERİ CEZA KANUNU m.78 | FİKİR VE SANAT ESERLERİ KANUNU m.62 | KOLLUK GÖZETİM KOMİSYONU KURULMASI HAKKINDA KANUN m.8 | SINAİ MÜLKİYET KANUNU m.153,0.0470588235294117,0.0470588235294117,0.0,0.0,0.0,0.0,retrieval_miss
Q111,İş Hukuku,easy,4857 sayılı İş Kanunu'nun kapsamı genel olarak hangi işyerlerini ve çalışanları kapsar?,"İş Kanunu, 4 üncü maddede sayılan istisnalar dışında kalan işyerlerine, bu işyerlerinin işverenleri ile işveren vekillerine ve işçilerine uygulanır.","1. 4857 sayılı İş Kanunu kapsamı genel olarak kamu kurumları, 50’den az çalışanı olan ve az tehlikeli sınıfta yer alan işyerleri için 31/12/2024 tarihinde, 50’den az çalışanı olan tehlikeli ve çok tehlikeli sınıfta yer alan işyerleri için 1/1/2014 tarihinde, 31/12/2024 tarihinde, 50’den az çalışanı olan işyerleri için yayımı tarihinden itibaren altı ay sonra, 4857 sayılı İş Kanunu kapsamında çalışanlar hariç kamu kurumları ile 50’den az çalışanı olan ve az tehlikeli sınıfta yer alan işyerleri için 31/12/2024 tarihinde, 50’den az çalışanı olan tehlikeli ve çok tehlikeli sınıfta yer alan işyerleri için 1/1/2014 tarihinde, 31/12/2024 tarihinde, 50’den az çalışanı olan işyerleri için yayımı tarihinden itibaren altı ay sonra, 4857 sayılı İş Kanunu kapsamında çalışanlar hariç kamu kurumları ile 50’den az çalışanı olan ve az tehlikeli sınıfta yer alan işyerleri için 31/12/2024 tarihinde, 50’den az çalışanı olan tehlikeli ve çok tehlikeli sınıfta yer alan işyerleri için 1/1/2014 tarihinde, 31/12/2024 tarihinde, 50’den az çalışanı olan işyerleri için yayımı tarihinden",1_5_4857_MADDE_1,1_5_6331_MADDE_38; 1_5_6331_MADDE_3; 1_5_6331_MADDE_2; 1_5_4857_MADDE_30; 1_5_4857_MADDE_122; 1_5_1475_MADDE_37; 1_5_5510_MADDE_12; 1_5_4857_MADDE_4; 1_3_1593_MADDE_126; 1_5_4857_MADDE_2,İŞ SAĞLIĞI VE GÜVENLİĞİ KANUNU m.38 | İŞ SAĞLIĞI VE GÜVENLİĞİ KANUNU m.3 | İŞ SAĞLIĞI VE GÜVENLİĞİ KANUNU m.2 | İŞ KANUNU m.30 | İŞ KANUNU m.122 | İŞ KANUNU m.37 | SOSYAL SİGORTALAR VE GENEL SAĞLIK SİGORTASI KANUNU m.12 | İŞ KANUNU m.4 | UMUMİ HIFZISSIHHA KANUNU m.126 | İŞ KANUNU m.2,0.048780487804878,0.048780487804878,0.0,0.0,1.0,0.0,retrieval_miss
Q023,Ceza Hukuku,easy,"Ceza hukukunda ""yer yönünden uygulama""da ""mülkilik ilkesi""nin anlamı nedir?",Mülkilik ilkesi gereğince Türkiye’de işlenen suçlara Türk ceza kanunları uygulanır. Fiilin kısmen veya tamamen Türkiye’de işlenmesi ya da neticenin Türkiye’de gerçekleşmesi halinde suç Türkiye’de işlenmiş sayılır.,"1. Mülkilik ilkesi, ceza hukukunda yer yönünden uygulamada, mülkilik ilkesinin, taşınmaz mülklerin, tapu sicil müdürlükleri tarafından düzenlenmesi ve tescil edilmesiyle ilgilidir.
2.  Bu cevap, TAPU KANUNU m.26'dan alınan bilgiyle desteklenmektedir.
3.  TAPU KANUNU m.26, mülkiyetin gayrı ayni haklara ve müşterek bir arzın hissedarları veya birbirine muttasıl gayrimenkullerin sahipleri arasında bunlardan birinin veya bir kaçının o gayrimenkul üzerinde mevcut veya inşa edilecek binanın, muayyen bir katından veya dairesinden yahut müstakillen istimale elverişli bir bölümünden munhasıran istifadesini temin gayesiyle Medeni Kanunun 753 üncü maddesi hükümlerine göre irtifak hakkı tesisine veya tesisi vadine mütedair resmi senetler tapu sicil müdürü veya tapu sicil görevlileri tarafından tanzim edilir.
4.  Not: Bu cevap, sadece TAPU KANUNU m.26'dan alınan bilgiyle desteklenmektedir.",1_5_5237_MADDE_8,1_3_2644_MADDE_26; 1_5_4458_MADDE_132; 1_5_4721_MADDE_683; 1_5_5320_MADDE_5; 1_5_5718_MADDE_21; 1_5_634_MADDE_57; 1_5_6100_MADDE_8; 1_5_5718_MADDE_28; 1_5_5718_MADDE_22; 1_5_3083_MADDE_24,TAPU KANUNU m.26 | GÜMRÜK KANUNU m.132 | TÜRK MEDENİ KANUNU m.683 | CEZA MUHAKEMESİ KANUNUNUN YÜRÜRLÜK VE UYGULAMA ŞEKLİ HAKKINDA KANUN m.5 | MİLLETLERARASI ÖZEL HUKUK VE USUL HUKUKU HAKKINDA KANUN m.21 | KAT MÜLKİYETİ KANUNU m.57 | HUKUK MUHAKEMELERİ KANUNU m.8 | MİLLETLERARASI ÖZEL HUKUK VE USUL HUKUKU HAKKINDA KANUN m.28 | MİLLETLERARASI ÖZEL HUKUK VE USUL HUKUKU HAKKINDA KANUN m.22 | SULAMA ALANLARINDA ARAZİ DÜZENLENMESİNE DAİR TARIM REFORMU KANUNU m.24,0.0536912751677852,0.0536912751677852,0.0,1.0,0.0,0.0,retrieval_miss
Q056,Anayasa Hukuku,medium,Cumhurbaşkanlığı kararnameleri hangi alanlarda düzenleme yapamaz?,"Cumhurbaşkanlığı kararnameleri temel haklar, kişi hakları ve ödevleri ile siyasi haklar ve ödevler alanında düzenleme yapamaz; ayrıca Anayasada münhasıran kanunla düzenlenmesi öngörülen konularda ve kanunda açıkça düzenlenen konularda çıkarılamaz.","1. Cumhurbaşkanlığı kararnameleri, kamu görevinden çıkarılanlar, uhdelerinde taşımış oldukları büyükelçi, vali gibi unvanları ve yüksek mahkeme başkan ve üyeliği, müsteşar, hâkim, savcı, kaymakam ve benzeri meslek adlarını ve sıfatlarını kullanamaz.
2. Bu kararnameler, 667 sayılı Kanun Hükmünde Kararnamenin 3 üncü ve 4 üncü maddeleri kapsamında kamu görevinden çıkarılanlar, uhdelerinde taşımış oldukları büyükelçi, vali gibi unvanları ve yüksek mahkeme başkan ve üyeliği, müsteşar, hâkim, savcı, kaymakam ve benzeri meslek adlarını ve sıfatlarını kullanamazlar.
3. 667 sayılı Kanun Hükmünde Kararnamenin 3 üncü ve 4 üncü maddeleri, kamu görevinden çıkarılanlar, uhdelerinde taşımış oldukları büyükelçi, vali gibi unvanları ve yüksek mahkeme başkan ve üyeliği, müsteşar, hâkim, savcı, kaymakam ve benzeri meslek adlarını ve sıfatlarını kullanamazlar.
4. Bu kararnameler, 667 sayılı Kanun Hükmünde Kararnamenin 3 üncü ve 4 üncü maddeleri kapsamında kamu görevinden çıkarılanlar, uhdelerinde taşımış oldukları büyükelçi, vali gibi unvanları ve yüksek mahkeme başkan ve üyeliği, müsteşar, hâkim, savcı, kaymakam ve benzeri meslek adlarını ve sıfatlarını kullanamazlar.",1_5_2709_MADDE_104,1_5_7091_MADDE_4; 1_5_3011_MADDE_1; 1_5_1211_MADDE_27; 1_5_5523_MADDE_14; 1_3_5442_MADDE_2; 1_5_2522_MADDE_1; 1_5_3067_MADDE_8; 1_5_2935_MADDE_10; 1_5_2879_MADDE_4; 1_5_2803_MADDE_8,"OLAĞANÜSTÜ HAL KAPSAMINDA ALINMASI GEREKEN TEDBİRLER HAKKINDA KANUN HÜKMÜNDE KARARNAMENİN KABUL EDİLMESİNE DAİR KANUN m.4 | RESMİ GAZETE'DE YAYIMLANACAK OLAN YÖNETMELİKLER HAKKINDA KANUN m.1 | TÜRKİYE CUMHURİYET MERKEZ BANKASI KANUNU m.27 | CUMHURBAŞKANLIĞINA BAĞLI OFİSLERE İLİŞKİN BAZI DÜZENLEMELER YAPILMASI HAKKINDA KANUN m.14 | İL İDARESİ KANUNU m.2 | KAMU KURULUŞLARININ YURT DIŞINDAKİ İHALELERE KATILMASI HAKKINDA KANUN m.1 | KALKINMA PLANLARININ YÜRÜRLÜĞE KONMASI VE BÜTÜNLÜĞÜNÜN KORUNMASI HAKKINDA KANUN m.8 | OLAĞANÜSTÜ HAL KANUNU m.10 | CUMHURBAŞKANLIĞI İDARİ İŞLER BAŞKANLIĞINA İLİŞKİN BAZI DÜZENLEMELER HAKKINDA KANUN m.4 | JANDARMA TEŞKİLAT, GÖREV VE YETKİLERİ KANUNU m.8",0.053763440860215,0.053763440860215,0.0,1.0,0.0,0.0,retrieval_miss
Q013,Borçlar Hukuku,hard,"Aşırı ifa güçlüğü (uyarlama) talebi için gereken ""öngörülemezlik"" kriterinin unsurları nelerdir?","Aşırı ifa güçlüğünde olay, sözleşme kurulduktan sonra ortaya çıkan ve borçludan kaynaklanmayan olağanüstü bir durum olmalıdır. Bu durum taraflarca öngörülmemiş veya öngörülmesi beklenemeyecek nitelikte olmalı ve edimler arasındaki dengeyi borçlu aleyhine dürüstlük kuralına aykırı düşecek ölçüde bozmalıdır.","1. Aşırı ifa güçlüğü (uyarlama) talebi için gereken ""öngörülemezlik"" kriterinin unsurları şunlardır:
    a) Usulüne uygun olarak kendisine verilmiş olan bir emir üzerine; emrin uygun olmadığı, yanlış verildiği, yapılamayacağı ve benzeri şekillerde amirini alenen eleştirmek veya amire karşı itirazda bulunmaktır.
    b) Görevde kayıtsızlık: Görevdeyken, yetkili makamlar tarafından izin verilen durumlar haricinde görevle veya askeri hizmetle ilgisi olmayan işlerle uğraşmaktır.
    c) Hizmet dışındayken amir veya üste saygısızlık: Hizmet dışında, bilinen ve tanınan amir veya üstlere karşı saygısızlık teşkil edebilecek fiillerde bulunmaktır.
    d) Mesai çizelgesine uymamak: Özürsüz veya izinsiz olarak, mesaiye geç gelmek veya erken ayrılmak veya günlük mesai çizelgesine riayet etmemektir.
    e) Kılık ve kıyafeti bozuk olmak: Kılık ve kıyafet ile ilgili olarak nizamlarda ve önceden belirlenmiş kurallara riayet etmemektir.
    f) Usulsüz müracaat veya şikâyette bulunmak: Türkiye Büyük Millet Meclisine yapılan müracaatlar hariç olmak üzere, kanun ve nizamlarla belirlenmiş usul ve kurallara riayet etmeden yazılı, sözlü veya elektronik olarak müracaat veya şikayette bulunmaktır.
    g) İsraf etmek: Yetkili makamlarca belirlenmiş tasarruf tedbirlerine riayet etmemek veya kullanımına sunulan kamu kaynağının har",1_5_6098_MADDE_138,1_5_6413_MADDE_15; 1_4_213_MADDE_1; 1_5_5275_MADDE_46; 1_5_6098_MADDE_97; 1_5_5549_MADDE_4; 1_5_5549_MADDE_13; 1_3_442_MADDE_74; 1_5_6306_MADDE_8; 1_5_5275_MADDE_56; 1_3_2004_MADDE_89,TÜRK SİLAHLI KUVVETLERİ DİSİPLİN KANUNU m.15 | VERGİ USUL KANUNU m.1 | CEZA VE GÜVENLİK TEDBİRLERİNİN İNFAZI HAKKINDA KANUN m.46 | TÜRK BORÇLAR KANUNU m.97 | SUÇ GELİRLERİNİN AKLANMASININ ÖNLENMESİ HAKKINDA KANUN m.4 | SUÇ GELİRLERİNİN AKLANMASININ ÖNLENMESİ HAKKINDA KANUN m.13 | KÖY KANUNU m.74 | AFET RİSKİ ALTINDAKİ ALANLARIN DÖNÜŞTÜRÜLMESİ HAKKINDA KANUN m.8 | CEZA VE GÜVENLİK TEDBİRLERİNİN İNFAZI HAKKINDA KANUN m.56 | İCRA VE İFLAS KANUNU m.89,0.058252427184466,0.0485436893203883,0.0,0.0,0.0,0.0,retrieval_miss
Q027,Ceza Muhakemesi Hukuku,easy,İfade alma ile sorgu arasındaki temel fark nedir?,"İfade alma, şüphelinin soruşturma evresinde kolluk veya Cumhuriyet savcısı tarafından dinlenmesidir. Sorgu ise şüpheli veya sanığın hâkim ya da mahkeme tarafından dinlenmesidir.","1. İfade alma ve sorguya çekme işlemleri, suçun ifadesini alınması ve sorguya çekilmesi ile ilgili işlemlerdir. 
2.  İfade alma ve sorguya çekme işlemleri, suçun ifadesini alınması ve sorguya çekilmesi ile ilgili işlemlerdir. 
3.  İfade alma ve sorguya çekme işlemleri, suçun ifadesini alınması ve sorguya çekilmesi ile ilgili işlemlerdir. 
4.  İfade alma ve sorguya çekme işlemleri, suçun ifadesini alınması ve sorguya çekilmesi ile ilgili işlemlerdir. 

**Not:** Verilen cevap, verilen mevzuat bağlamına dayanarak verilen sorunun cevabını sunmaktadır.",1_5_5271_MADDE_2,1_5_5271_MADDE_147; 1_5_5271_MADDE_196; 1_5_5271_MADDE_145; 1_5_6114_MADDE_2; 1_5_4483_MADDE_8; 1_5_4483_MADDE_9; 1_5_6114_MADDE_9; 1_5_6114_MADDE_7; 1_5_5271_MADDE_206; 1_5_4982_MADDE_13,"CEZA MUHAKEMESİ KANUNU m.147 | CEZA MUHAKEMESİ KANUNU m.196 | CEZA MUHAKEMESİ KANUNU m.145 | ÖLÇME, SEÇME VE YERLEŞTİRME MERKEZİ HİZMETLERİ HAKKINDA KANUN m.2 | MEMURLAR VE DİĞER KAMU GÖREVLİLERİNİN YARGILANMASI HAKKINDA KANUN m.8 | MEMURLAR VE DİĞER KAMU GÖREVLİLERİNİN YARGILANMASI HAKKINDA KANUN m.9 | ÖLÇME, SEÇME VE YERLEŞTİRME MERKEZİ HİZMETLERİ HAKKINDA KANUN m.9 | ÖLÇME, SEÇME VE YERLEŞTİRME MERKEZİ HİZMETLERİ HAKKINDA KANUN m.7 | CEZA MUHAKEMESİ KANUNU m.206 | BİLGİ EDİNME HAKKI KANUNU m.13",0.058252427184466,0.058252427184466,0.0,0.0,0.0,0.0,retrieval_miss
Q064,Borçlar Hukuku,medium,Temerrüt için ihtar hangi durumda aranmaz?,"İfa günü taraflarca birlikte belirlenmişse veya sözleşmede saklı tutulan bir hakka dayanılarak taraflardan biri usulüne uygun bildirimle ifa gününü belirlemişse, bu günün geçmesiyle borçlu ihtara gerek olmaksızın temerrüde düşer.","1. Temerrüt için ihtar aranmaz.
2. Bu madde, temerrüt için ihtarın aranmaması gerektiğini belirtiyor.
3. AMELİYATI İSKAİYE İŞLETME KANUNU MUVAKKATI m.23
4. Not / sınırlılık: Bu madde, temerrüt için ihtarın aranmaması gerektiğini belirtiyor.",1_5_6098_MADDE_117,0_1_9_MADDE_23; 1_5_5543_MADDE_36; 1_3_1262_MADDE_2; 1_3_1593_MADDE_87; 1_5_3628_MADDE_18; 1_3_2004_MADDE_72; 1_5_6098_MADDE_119; 1_3_6245_MADDE_52; 1_3_7201_MADDE_4; 1_3_1593_MADDE_66,"AMELİYATI İSKAİYE İŞLETME KANUNU MUVAKKATI m.23 | İSKÂN KANUNU m.36 | İSPENÇİYARİ VE TIBBİ MÜSTAHZARLAR KANUNU m.2 | UMUMİ HIFZISSIHHA KANUNU m.87 | MAL BİLDİRİMİNDE BULUNULMASI, RÜŞVET VE YOLSUZLUKLARLA MÜCADELE KANUNU m.18 | İCRA VE İFLAS KANUNU m.72 | TÜRK BORÇLAR KANUNU m.119 | HARCIRAH KANUNU m.52 | TEBLİGAT KANUNU m.4 | UMUMİ HIFZISSIHHA KANUNU m.66",0.0597014925373134,0.0597014925373134,0.0,1.0,0.0,0.0,retrieval_miss
Q057,Anayasa Hukuku,medium,Yasama sorumsuzluğu ile yasama dokunulmazlığı arasındaki temel fark nedir?,"Yasama sorumsuzluğu, milletvekilinin Meclis çalışmalarındaki oy, söz ve düşüncelerinden dolayı sorumlu tutulamamasıdır; yasama dokunulmazlığı ise seçimden önce veya sonra bir suç işlediği ileri sürülen milletvekilinin, Meclis kararı olmadıkça tutulamaması, sorguya çekilememesi, tutuklanamaması ve yargılanamamasıdır.","1. Yasama dokunulmazlığı, yasama organlarının kararlarını yargılamaktan ve yargılamaya ilişkin kararları almaktan sorumlu olan yargı organlarının kararlarını yargılamaktan ve yargılamaya ilişkin kararları almaktan sorumlu olan yargı organlarının kararlarını yargılamaktan ve yargılamaya ilişkin kararları almaktan sorumlu olan yargı organlarının kararlarını yargılamaktan ve yargılamaya ilişkin kararları almaktan sorumlu olan yargı organlarının kararlarını yargılamaktan ve yargılamaya ilişkin kararları almaktan sorumlu olan yargı organlarının kararlarını yargılamaktan ve yargılamaya ilişkin kararları almaktan sorumlu olan yargı organlarının kararlarını yargılamaktan ve yargılamaya ilişkin kararları almaktan sorumlu olan yargı organlarının kararlarını yargılamaktan ve yargılamaya ilişkin kararları almaktan sorumlu olan yargı organlarının kararlarını yargılamaktan ve yargılamaya ilişkin kararları almaktan sorumlu olan yargı organlarının kararlarını yargılamaktan ve yargılamaya ilişkin kararları almaktan sorumlu olan yargı organlarının kararlarını yargılamaktan ve yargılamaya ilişkin kararları almaktan sorumlu olan yargı organlarının kararlarını yargılamaktan ve yargılamaya ilişkin kararları almaktan sorumlu olan yargı organlarının kararlarını yargılamaktan ve yargılamaya ilişkin kararları almaktan sorumlu olan yargı organlarının kararlarını yargılamaktan ve yargılamaya ilişkin kararları almaktan sor",1_5_2709_MADDE_83,1_5_6216_MADDE_54; 1_5_2247_GEÇİCİ_MADDE_7; 1_5_2709_GEÇİCİ_MADDE_20; 1_5_2247_MADDE_1; 1_5_5271_MADDE_253; 1_5_6098_MADDE_115; 1_5_6769_MADDE_79; 1_5_2709_MADDE_85; 1_5_3402_MADDE_16; 1_5_6098_MADDE_27,ANAYASA MAHKEMESİNİN KURULUŞU VE YARGILAMA USULLERİ HAKKINDA KANUN m.54 | UYUŞMAZLIK MAHKEMESİNİN KURULUŞ VE İŞLEYİŞİ HAKKINDA KANUN geçici m.7 | TÜRKİYE CUMHURİYETİ ANAYASASI geçici m.20 | UYUŞMAZLIK MAHKEMESİNİN KURULUŞ VE İŞLEYİŞİ HAKKINDA KANUN m.1 | CEZA MUHAKEMESİ KANUNU m.253 | TÜRK BORÇLAR KANUNU m.115 | SINAİ MÜLKİYET KANUNU m.79 | TÜRKİYE CUMHURİYETİ ANAYASASI m.85 | KADASTRO KANUNU m.16 | TÜRK BORÇLAR KANUNU m.27,0.0631578947368421,0.0421052631578947,0.0,0.0,0.0,0.0,retrieval_miss
Q149,Ceza Hukuku,medium,Güvenlik tedbirleri ceza dışında neyi ifade eder?,"Güvenlik tedbirleri, failin veya tehlikeliliğin durumuna göre ceza dışında uygulanan ve kanunda düzenlenen hukuki sonuçlardır.","1. Güvenlik tedbirleri ceza dışında hapis cezasının infazının hastalık nedeni ile ertelenmesi, kuruma alınma ve kayıt işlemleri, hükümlüler ile yakınları ve ilgililerin bilgilendirilmesi, cezayı çekme, güvenlik ve iyileştirme programına ve sağlığın korunması kurallarına uyma, bina ve eşyaların korunması, kapıların açılmaması ve temasın önlenmesi, oda ve eklentilerinde bulundurulabilecek kişisel eşyalar, arama, disiplin cezalarının niteliği ve uygulanma koşulları, kınama, bazı etkinliklere katılmaktan alıkoyma, ücret karşılığı çalışılan işten yoksun bırakma, haberleşme veya iletişim araçlarından yoksun bırakma veya kısıtlama, ziyaretçi kabulünden yoksun bırakma, hücreye koyma, çocuk hükümlüler hakkında uygulanabilecek disiplin tedbirleri ve cezaları, disiplin soruşturması, disiplin cezasını gerektiren eylemlerin tekrarı, disiplin cezalarının infazı ve kaldırılması, yönetim tarafından alınabilecek tedbirler, zorlayıcı araçların kullanılması, ödüllendirme, şikâyet ve itiraz, nakiller, disiplin nedeniyle nakil, zorunlu nedenlerle nakil, hastalık nedeniyle nakil, nakillerde alınacak tedbirler, avukat ve noterle görüşme hakkı, kültür ve sanat etkinliklerine katılma, ifade özgürlüğü, kütüphaneden yararlanma, süreli veya süresiz yayınlardan yararlanma hakkı, telefonla haberleşme hakkı, radyo, televizyon yayınları ile internet olanaklarından yararlanma hakkı, mektup, faks ve",1_5_5237_MADDE_53,1_5_5275_MADDE_116; 1_5_5275_MADDE_104; 1_5_5275_MADDE_45; 1_5_5275_MADDE_115; 1_5_5275_MADDE_3; 1_5_5275_MADDE_37; 1_5_5275_MADDE_2; 1_5_5275_MADDE_49; 1_5_5275_MADDE_46; 1_5_5275_MADDE_38,CEZA VE GÜVENLİK TEDBİRLERİNİN İNFAZI HAKKINDA KANUN m.116 | CEZA VE GÜVENLİK TEDBİRLERİNİN İNFAZI HAKKINDA KANUN m.104 | CEZA VE GÜVENLİK TEDBİRLERİNİN İNFAZI HAKKINDA KANUN m.45 | CEZA VE GÜVENLİK TEDBİRLERİNİN İNFAZI HAKKINDA KANUN m.115 | CEZA VE GÜVENLİK TEDBİRLERİNİN İNFAZI HAKKINDA KANUN m.3 | CEZA VE GÜVENLİK TEDBİRLERİNİN İNFAZI HAKKINDA KANUN m.37 | CEZA VE GÜVENLİK TEDBİRLERİNİN İNFAZI HAKKINDA KANUN m.2 | CEZA VE GÜVENLİK TEDBİRLERİNİN İNFAZI HAKKINDA KANUN m.49 | CEZA VE GÜVENLİK TEDBİRLERİNİN İNFAZI HAKKINDA KANUN m.46 | CEZA VE GÜVENLİK TEDBİRLERİNİN İNFAZI HAKKINDA KANUN m.38,0.0685714285714285,0.0571428571428571,0.0,0.0,0.0,0.0,retrieval_miss
Q005,Anayasa Hukuku,medium,"Kanun Hükmünde Kararnamelerin (KHK) yerini alan ""Cumhurbaşkanlığı Kararnameleri"" hangi konularda düzenlenemez?","Cumhurbaşkanlığı kararnameleri; temel haklar, kişi hakları ve ödevleri ile siyasi haklar ve ödevler alanında düzenleme yapamaz. Kanunda açıkça düzenlenen konularda da kararname çıkarılamaz; kanun ile kararname çatışırsa kanun uygulanır.","1. Cumhurbaşkanlığı Kararnameleri, Kanun Hükmünde Kararnamelerin yerini alan ""Cumhurbaşkanlığı Kararnameleri"" konularda düzenlenemez.
2. Bu cevap, İNSAN HAKLARINI İNCELEME KOMİSYONU KANUNU'nun madde 10'un 2. fıkrasının 1. maddesinin 1. fıkrasından alınan bilgiye dayanmaktadır.
3. İNSAN HAKLARINI İNCELEME KOMİSYONU KANUNU, 10. madde, 2. fıkrasının 1. maddesinin 1. fıkrasından alınan bilgiye dayanmaktadır.
4. Not: Bu cevap, İNSAN HAKLARINI İNCELEME KOMİSYONU KANUNU'nun madde 10'un 2. fıkrasının 1. maddesinin 1. fıkrasından alınan bilgiye dayanmaktadır.",1_5_2709_MADDE_104,1_5_3686_MADDE_10; 1_5_3067_MADDE_8; 1_5_2522_MADDE_3; 1_5_3298_MADDE_7; 1_5_5523_MADDE_14; 1_5_3346_MADDE_16; 1_5_6328_MADDE_37; 1_5_3011_MADDE_5; 1_5_7088_MADDE_7; 1_5_2983_GEÇİCİ_MADDE_1,İNSAN HAKLARINI İNCELEME KOMİSYONU KANUNU m.10 | KALKINMA PLANLARININ YÜRÜRLÜĞE KONMASI VE BÜTÜNLÜĞÜNÜN KORUNMASI HAKKINDA KANUN m.8 | KAMU KURULUŞLARININ YURT DIŞINDAKİ İHALELERE KATILMASI HAKKINDA KANUN m.3 | UYUŞTURUCU MADDELERLE İLGİLİ KANUN m.7 | CUMHURBAŞKANLIĞINA BAĞLI OFİSLERE İLİŞKİN BAZI DÜZENLEMELER YAPILMASI HAKKINDA KANUN m.14 | KAMU İKTİSADİ TEŞEBBÜSLERİ İLE FONLARIN TÜRKİYE BÜYÜK MİLLET MECLİSİNCE DENETLENMESİNİN DÜZENLENMESİ HAKKINDA KANUN m.16 | KAMU DENETÇİLİĞİ KURUMU KANUNU m.37 | RESMİ GAZETE'DE YAYIMLANACAK OLAN YÖNETMELİKLER HAKKINDA KANUN m.5 | OLAĞANÜSTÜ HAL KAPSAMINDA BAZI TEDBİRLER ALINMASI HAKKINDA KANUN HÜKMÜNDE KARARNAMENİN KABUL EDİLMESİNE DAİR KANUN m.7 | TASARRUFLARIN TEŞVİKİ VE KAMU YATIRIMLARININ HIZLANDIRILMASI HAKKINDA KANUN geçici m.1,0.0727272727272727,0.0545454545454545,0.0,1.0,0.0,0.0,retrieval_miss
Q071,Ceza Hukuku,medium,Meşru müdafaa ile zaruret hali arasındaki temel fark nedir?,Meşru müdafaada kişiye yönelen haksız bir saldırıyı defetme söz konusudur; zaruret halinde ise ağır ve muhakkak bir tehlikeden kendisini veya başkasını kurtarma amacı vardır.,"1. Meşru müdafaa ile zaruret hali arasındaki temel fark, meşru müdafaa, hukuki ve yasal bir yol ile müdafaaya başlamak ve bu yolun sonucunda, mahkeme kararı ile cezayı azaltmak veya ortadan kaldırmak gibi, hukuk sisteminin kurallarına göre yapılmasıdır. Zaruret hali ise, bir kişinin hayatını tehlikeye atması veya tehlikeye atılma ihtimaline karşı, bu tehlikeye karşı bir müdafaaya başlamak için, hukuk sisteminin kurallarına göre yapılmasıdır.

2. Şartlar / açıklama:
Bu cevap, meşru müdafaanın hukuki ve yasal bir yol ile müdafaaya başlamak ve bu yolun sonucunda, mahkeme kararı ile cezayı azaltmak veya ortadan kaldırmak gibi, hukuk sisteminin kurallarına göre yapılması ile zaruret halinin, bir kişinin hayatını tehlikeye atması veya tehlikeye atılma ihtimaline karşı, bu tehlikeye karşı bir müdafaaya başlamak için, hukuk sisteminin kurallarına göre yapılması arasındaki farkı açıklıyor.

3. Dayanak maddeler:
- ASKERİ CEZA KANUNU m.119
- MİLLİ KORUNMA KANUNU m.1
- MİLLİ MÜDAFAA MÜKELLEFİYETİ KANUNU m.1
- UMUMİ HIFZISSIHHA KANUNU m.80
- MİLLİ MÜDAFAA MÜKELLEFİYETİ KANUNU m.5
- MİLLİ MÜDAFAA MÜKELLEFİYETİ KANUNU m.6",1_5_5237_MADDE_25,1_3_1632_MADDE_119; 1_3_3780_MADDE_1; 1_3_3634_MADDE_1; 1_3_1593_MADDE_80; 1_3_3634_MADDE_5; 1_3_3634_MADDE_52; 1_3_3634_MADDE_6; 1_3_3634_MADDE_44; 1_3_3634_MADDE_49; 1_3_3894_MADDE_21,ASKERİ CEZA KANUNU m.119 | MİLLİ KORUNMA KANUNU m.1 | MİLLİ MÜDAFAA MÜKELLEFİYETİ KANUNU m.1 | UMUMİ HIFZISSIHHA KANUNU m.80 | MİLLİ MÜDAFAA MÜKELLEFİYETİ KANUNU m.5 | MİLLİ MÜDAFAA MÜKELLEFİYETİ KANUNU m.52 | MİLLİ MÜDAFAA MÜKELLEFİYETİ KANUNU m.6 | MİLLİ MÜDAFAA MÜKELLEFİYETİ KANUNU m.44 | MİLLİ MÜDAFAA MÜKELLEFİYETİ KANUNU m.49 | DENİZDE ZABT VE MÜSADERE KANUNU m.21,0.0736842105263157,0.0736842105263157,0.0,1.0,0.0,0.0,retrieval_miss
Q065,Borçlar Hukuku,medium,Hakim cezai şartı hangi durumda indirebilir?,"Hakim, aşırı gördüğü cezai şartı kendiliğinden indirebilir.","1. Hakim cezai şartı hangi durumda indirebilir?
2. Hakim cezai şartı hangi şartlar altında indirilebilir?
3. Hakim cezai şartı hangi şartlar altında indirilebilir?
4. Not / sınırlılık

**Cevap:**

1. Hakim cezai şartı, **hapis cezası** ile ilgili **dört yıl** ve **altı yıl** süresince **Hakimler ve Savcılar Yüksek Kuruluna başvurarak** disiplin cezasının sicillerinden silinmesini isteyebilirler. 
2. Hakim cezai şartı, **Hakimler ve Savcılar Yüksek Kuruluna başvurarak** disiplin cezasının sicillerinden silinmesini isteyebilirler.
3. Hakim cezai şartı, **Hakimler ve Savcılar Yüksek Kuruluna başvurarak** disiplin cezasının sicillerinden silinmesini isteyebilirler.
4. Not / sınırlılık

**Açıklama:**

Hakim cezai şartı, **Hakimler ve Savcılar Yüksek Kuruluna başvurarak** disiplin cezasının sicillerinden silinmesini isteyebilirler.",1_5_6098_MADDE_182,1_5_2802_MADDE_75; 1_5_5275_MADDE_100; 1_5_5237_MADDE_62; 1_5_5271_MADDE_251; 1_5_2802_MADDE_79; 1_5_5271_MADDE_171; 1_5_5237_MADDE_63; 1_5_5237_MADDE_71; 1_5_5271_MADDE_231; 1_5_5237_MADDE_248,HAKİMLER VE SAVCILAR KANUNU m.75 | CEZA VE GÜVENLİK TEDBİRLERİNİN İNFAZI HAKKINDA KANUN m.100 | TÜRK CEZA KANUNU m.62 | CEZA MUHAKEMESİ KANUNU m.251 | HAKİMLER VE SAVCILAR KANUNU m.79 | CEZA MUHAKEMESİ KANUNU m.171 | TÜRK CEZA KANUNU m.63 | TÜRK CEZA KANUNU m.71 | CEZA MUHAKEMESİ KANUNU m.231 | TÜRK CEZA KANUNU m.248,0.0747663551401869,0.0747663551401869,0.0,0.0,0.0,0.0,retrieval_miss
Q128,Anayasa Hukuku,medium,Usulsüz olarak elde edilen bulguların yargılamadaki durumu nedir?,Kanuna aykırı olarak elde edilmiş bulgular delil olarak kabul edilemez.,"1. Usulsüz olarak elde edilen bulgular yargılamadaki durumu, kanunlar ve mevzuatlar çerçevesinde belirlenen usulsüzlük derecelerine göre değerlendirilir.
2. Bu durum, CEZA MUHAKEMESİ KANUNU'nun madde 78'i ve ULUSAL BOR ARAŞTIRMA ENSTİTÜSÜ HAKKINDA MALİ HÜKÜMLER VE MUAFİYETLERE İLİŞKİN KANUN'un madde 16'sı ile uygulanır.
3. CEZA MUHAKEMESİ KANUNU m.78, usulsüz olarak elde edilen bulguların yargılamadaki durumu hakkında bilgi verir.
4. Not: Usulsüzlük dereceleri ve cezaları, VERGİ USUL KANUNU'nun madde 351'inde belirtilmiştir.


**Not:** Bu cevap, verilen mevzuat bağlamına dayanarak verilen sorunun cevabını sunmaktadır.",1_5_2709_MADDE_38,1_5_5271_MADDE_78; 1_5_4865_MADDE_16; 1_4_213_MADDE_351; 1_5_5271_MADDE_253; 1_3_2313_MADDE_20; 1_5_5271_MADDE_209; 1_5_3628_MADDE_4; 1_5_5271_MADDE_75; 1_5_6100_MADDE_385; 1_5_4458_MADDE_241,"CEZA MUHAKEMESİ KANUNU m.78 | ULUSAL BOR ARAŞTIRMA ENSTİTÜSÜ HAKKINDA MALİ HÜKÜMLER VE MUAFİYETLERE İLİŞKİN KANUN m.16 | VERGİ USUL KANUNU m.351 | CEZA MUHAKEMESİ KANUNU m.253 | UYUŞTURUCU MADDELERİN MURAKABESİ HAKKINDA KANUN m.20 | CEZA MUHAKEMESİ KANUNU m.209 | MAL BİLDİRİMİNDE BULUNULMASI, RÜŞVET VE YOLSUZLUKLARLA MÜCADELE KANUNU m.4 | CEZA MUHAKEMESİ KANUNU m.75 | HUKUK MUHAKEMELERİ KANUNU m.385 | GÜMRÜK KANUNU m.241",0.0792079207920792,0.0792079207920792,0.0,1.0,0.0,0.0,retrieval_miss
Q133,Borçlar Hukuku,medium,Susma kural olarak kabul anlamına gelir mi?,Kural olarak susma kabul sayılmaz; ancak kanun veya işin niteliği yahut durumun özellikleri gerektiriyorsa sonuç farklı olabilir.,"1. Hayır, Susma kuralı olarak kabul edilmez.
2.  Bu soruya verilen mevzuat, Susma kuralı ile ilgili herhangi bir bilgi sunmaz.
3.  Kanunlar, Susma kuralı ile ilgili herhangi bir bilgi sunmaz.
4.  Bu soru, Susma kuralı ile ilgili herhangi bir bilgiye dayanmıyor.


**Not:** Bu cevap, verilen mevzuat bağlamına dayanarak verilen cevap olarak sunulmuştur.",1_5_6098_MADDE_6,1_5_4054_MADDE_49; 1_5_4054_MADDE_47; 1_5_6325_MADDE_4; 1_5_6362_MADDE_135; 1_5_6100_MADDE_28; 1_5_5411_MADDE_73; 1_5_6362_MADDE_90; 1_5_5271_MADDE_47; 1_3_2559_MADDE_7; 1_5_5271_MADDE_147,REKABETİN KORUNMASI HAKKINDA KANUN m.49 | REKABETİN KORUNMASI HAKKINDA KANUN m.47 | HUKUK UYUŞMAZLIKLARINDA ARABULUCULUK KANUNU m.4 | SERMAYE PİYASASI KANUNU m.135 | HUKUK MUHAKEMELERİ KANUNU m.28 | BANKACILIK KANUNU m.73 | SERMAYE PİYASASI KANUNU m.90 | CEZA MUHAKEMESİ KANUNU m.47 | POLİS VAZİFE VE SALȂHİYET KANUNU m.7 | CEZA MUHAKEMESİ KANUNU m.147,0.0869565217391304,0.0579710144927536,0.0,0.0,0.0,0.0,retrieval_miss
Q155,Ceza Muhakemesi Hukuku,hard,Koruma tedbirleri nedeniyle tazminat isteme hakkı hangi durumda doğar?,Kanunda belirtilen koruma tedbirlerinin haksız veya hukuka aykırı uygulanması hâlinde kişiler maddi ve manevi tazminat isteyebilir.,"1. Koruma tedbirleri nedeniyle tazminat isteme hakkı, ihtiyati tedbir kararı verilen tarafın, ihtiyati tedbir talebinde bulunduğu anda haksız olduğu anlaşılır yahut tedbir kararı kendiliğinden kalkar ya da itiraz üzerine kaldırılır ise haksız ihtiyati tedbir nedeniyle uğranılan zararı tazminle yükümlüdür.
2. Bu, HUKUK MUHAKEMELERİ KANUNU m.399'da belirtilen ""haksız ihtiyati tedbir nedeniyle uğranılan zararı tazminle yükümlüdür"" ifadesine dayanmaktadır.
3. HUKUK MUHAKEMELERİ KANUNU m.399
4. Not: Bu cevap, verilen mevzuat bağlamına dayanarak verilen cevapla sınırlıdır.",1_5_5271_MADDE_141,1_5_6100_MADDE_399; 1_5_6100_MADDE_392; 1_5_2918_MADDE_96; 1_5_5726_MADDE_19; 1_3_3780_MADDE_23; 1_5_2918_MADDE_92; 1_5_6284_MADDE_19; 1_5_2918_MADDE_95; 1_3_4373_MADDE_11; 1_5_6502_MADDE_28,HUKUK MUHAKEMELERİ KANUNU m.399 | HUKUK MUHAKEMELERİ KANUNU m.392 | KARAYOLLARI TRAFİK KANUNU m.96 | TANIK KORUMA KANUNU m.19 | MİLLİ KORUNMA KANUNU m.23 | KARAYOLLARI TRAFİK KANUNU m.92 | AİLENİN KORUNMASI VE KADINA KARŞI ŞİDDETİN ÖNLENMESİNE DAİR KANUN m.19 | KARAYOLLARI TRAFİK KANUNU m.95 | TAŞKIN SULARA VE SU BASKINLARINA KARŞI KORUNMA KANUNU m.11 | TÜKETİCİNİN KORUNMASI HAKKINDA KANUN m.28,0.0869565217391304,0.0434782608695652,0.0,1.0,0.0,0.0,retrieval_miss
Q171,Ticaret Hukuku,easy,Ticari iş karinesi neyi ifade eder?,Bir tacirin borçlarının ticari olması asıldır; taraflardan yalnız biri için ticari iş niteliğinde olan sözleşmeler kanunda aksi öngörülmedikçe diğer taraf için de ticari iş sayılır.,"1. Ticari iş karinesi, ticari işletmenin, esnaf işletmesi için öngörülen sınırı aşan düzeyde gelir sağlamayı hedef tutan faaliyetlerin devamlı ve bağımsız şekilde yürütüldüğü işletmedir.

2.  Verilen mevzuat, ticari iş karinesi tanımını açıkça belirtiyor.

3.  Madde 11, 12, 6, 4, 3, 2, 1, 5, 7, 8, 9, 10, 11, 12, 13, 14, 15, 16, 17, 18, 19, 20, 21, 22, 23, 24, 25, 26, 27, 28, 29, 30, 31, 32, 33, 34, 35, 36, 37, 38, 39, 40, 41, 42, 43, 44, 45, 46, 47, 48, 49, 50, 51, 52, 53, 54, 55, 56, 57, 58, 59, 60, 61, 62, 63, 64, 65, 66, 67, 68, 69, 70, 71, 72, 73, 74, 7",1_5_6102_MADDE_19,1_5_6102_MADDE_11; 1_5_6102_MADDE_3; 1_5_6102_MADDE_1242; 1_5_6102_MADDE_18; 1_5_6102_MADDE_4; 1_4_193_MADDE_37; 1_5_6102_MADDE_6; 1_3_1705_MADDE_6; 1_5_6102_MADDE_12; 1_5_6102_MADDE_127,TÜRK TİCARET KANUNU m.11 | TÜRK TİCARET KANUNU m.3 | TÜRK TİCARET KANUNU m.1242 | TÜRK TİCARET KANUNU m.18 | TÜRK TİCARET KANUNU m.4 | GELİR VERGİSİ KANUNU m.37 | TÜRK TİCARET KANUNU m.6 | TİCARETTE TAĞŞİŞİN MEN'İ VE İHRACATIN MURAKABESİ VE KORUNMASI HAKKINDA KANUN m.6 | TÜRK TİCARET KANUNU m.12 | TÜRK TİCARET KANUNU m.127,0.0875912408759124,0.072992700729927,0.0,0.0,0.0,0.0,retrieval_miss
Q176,Ticaret Hukuku,medium,Cari hesap sözleşmesi neyi ifade eder?,İki kişinin ayrı ayrı alacaklarını kalem kalem istemekten vazgeçip bunları hesaba geçirerek dönemin sonunda çıkacak bakiyeyi talep etmeyi kabul ettikleri sözleşmedir.,"1. Cari hesap sözleşmesi, iki tarafın alacak veya borç kaydedilmesi, sözleşme veya işleme ilişkin dava ve savunma haklarını düşürmez. 
2. Bu sözleşme, yazılı olarak yapılmadıkça geçerli olmaz.
3.  Madde 90, TÜRK TİCARET KANUNU'nda yer almaktadır.
4.  Not: Bu cevap, verilen mevzuat bağlamına dayanarak verilen cevap olarak nitelendirilir.",1_5_6102_MADDE_89,1_5_6102_MADDE_90; 1_5_6102_MADDE_89; 1_5_6102_MADDE_98; 1_5_6102_MADDE_97; 1_5_6102_MADDE_92; 1_5_6102_MADDE_780; 1_5_6102_MADDE_101; 1_5_6102_MADDE_99; 1_5_6502_MADDE_22; 1_5_5684_MADDE_14,TÜRK TİCARET KANUNU m.90 | TÜRK TİCARET KANUNU m.89 | TÜRK TİCARET KANUNU m.98 | TÜRK TİCARET KANUNU m.97 | TÜRK TİCARET KANUNU m.92 | TÜRK TİCARET KANUNU m.780 | TÜRK TİCARET KANUNU m.101 | TÜRK TİCARET KANUNU m.99 | TÜKETİCİNİN KORUNMASI HAKKINDA KANUN m.22 | SİGORTACILIK KANUNU m.14,0.0,0.0,1.0,1.0,0.0,0.0,wrong_or_unsupported_citation
Q086,Ceza Muhakemesi Hukuku,hard,Telekomünikasyon yoluyla iletişimin denetlenmesine hangi şartlarla karar verilebilir?,Bir suç dolayısıyla yapılan soruşturma veya kovuşturmada somut delillere dayanan kuvvetli şüphe sebepleri bulunmalı ve başka suretle delil elde edilmesi imkânı olmamalıdır; ayrıca kanunda sayılan suçlardan biri söz konusu olmalıdır.,"1. Telekomünikasyon yoluyla iletişimin denetlenmesi, Cumhuriyet savcısının kararıyla şüpheli veya sanığın telekomünikasyon yoluyla iletişiminin dinlenebileceği, kayda alınabileceği ve sinyal bilgileri değerlendirilebileceği belirtilmiştir.
2.  Telekomünikasyon yoluyla iletişimin denetlenmesi, Cumhuriyet savcısının kararıyla şüpheli veya sanığın telekomünikasyon yoluyla iletişiminin dinlenebileceği, kayda alınabileceği ve sinyal bilgileri değerlendirilebileceği belirtilmiştir.
3.  ELEKTRONİK HABERLEŞME KANUNU m.4
4.  Not / sınırlılık: Bu madde, telekomünikasyon yoluyla iletişimin denetlenmesi için Cumhuriyet savcısının kararı ile şüpheli veya sanığın iletişiminin dinlenebileceği, kayda alınabileceği ve sinyal bilgileri değerlendirilebileceği belirtilmiştir.",1_5_5271_MADDE_135,1_5_5809_MADDE_4; 1_5_5271_MADDE_135; 1_5_5809_MADDE_59; 1_5_5809_MADDE_6; 1_5_697_MADDE_6; 1_5_5275_MADDE_42; 1_5_697_MADDE_4; 1_5_5809_MADDE_2; 1_5_697_MADDE_7; 1_5_6563_MADDE_11,ELEKTRONİK HABERLEŞME KANUNU m.4 | CEZA MUHAKEMESİ KANUNU m.135 | ELEKTRONİK HABERLEŞME KANUNU m.59 | ELEKTRONİK HABERLEŞME KANUNU m.6 | ULAŞTIRMA VE HABERLEŞME HİZMETLERİNİN OLAĞANÜSTÜ HALLERDE VE SAVAŞTA NE SURETLE YÜRÜTÜLECEĞİNE DAİR KANUN m.6 | CEZA VE GÜVENLİK TEDBİRLERİNİN İNFAZI HAKKINDA KANUN m.42 | ULAŞTIRMA VE HABERLEŞME HİZMETLERİNİN OLAĞANÜSTÜ HALLERDE VE SAVAŞTA NE SURETLE YÜRÜTÜLECEĞİNE DAİR KANUN m.4 | ELEKTRONİK HABERLEŞME KANUNU m.2 | ULAŞTIRMA VE HABERLEŞME HİZMETLERİNİN OLAĞANÜSTÜ HALLERDE VE SAVAŞTA NE SURETLE YÜRÜTÜLECEĞİNE DAİR KANUN m.7 | ELEKTRONİK TİCARETİN DÜZENLENMESİ HAKKINDA KANUN m.11,0.037037037037037,0.037037037037037,1.0,1.0,0.0,0.0,wrong_or_unsupported_citation
Q150,Ceza Hukuku,medium,Dava zamanaşımı ceza hukukunda hangi sonucu doğurur?,Dava zamanaşımı süresinin dolması hâlinde artık kamu davası açılamaz veya açılmış dava düşer.,"1. Dava zamanaşımı, Türk Ceza Kanunu'nun madde 67'de belirtilen şartlar ve koşullar çerçevesinde, soruşturma ve kovuşturma yapılmasının, izin veya karar alınması veya diğer bir mercide çözülmesi gereken bir meselenin sonucuna bağlı bulunduğu hallerde, izin veya kararın alınmasına veya meselenin çözülmesine veya kanun gereğince hakkında kaçak olduğu hususunda karar verilmiş olan suç faili hakkında bu karar kaldırılıncaya kadar dava zamanaşımı durur.
2. Dava zamanaşımı, Türk Ceza Kanunu'nun madde 67'de belirtilen şartlar ve koşullar çerçevesinde, soruşturma ve kovuşturma yapılmasının, izin veya karar alınması veya diğer bir mercide çözülmesi gereken bir meselenin sonucuna bağlı bulunduğu hallerde, izin veya kararın alınmasına veya meselenin çözülmesine veya kanun gereğince hakkında kaçak olduğu hususunda karar verilmiş olan suç faili hakkında bu karar kaldırılıncaya kadar dava zamanaşımı durur.
3. Madde 67, Türk Ceza Kanunu'nda, dava zamanaşımı durması için gerekli şartları belirtiyor.
4. Not: Bu cevap, Türk Ceza Kanunu'nun madde 67'de belirtilen şartları ve koşullar çerçevesinde, soruşturma ve kovuşturma yapılmasının, izin veya karar alınması veya diğer bir mercide çözülmesi gereken bir meselenin sonucuna bağlı bulunduğu hallerde, izin veya kararın alınmasına veya meselenin çözülmesine veya kanun gereğince hakkında kaçak olduğu hususunda karar verilmiş olan suç faili hakkında bu karar kaldırıl",1_5_5237_MADDE_66,1_5_5237_MADDE_67; 1_5_5237_MADDE_72; 1_5_5237_MADDE_66; 1_3_2004_MADDE_7; 1_5_5237_MADDE_69; 1_5_6098_MADDE_157; 1_5_477_MADDE_43; 1_5_5312_MADDE_12; 1_5_477_MADDE_44; 1_5_2918_MADDE_109,"TÜRK CEZA KANUNU m.67 | TÜRK CEZA KANUNU m.72 | TÜRK CEZA KANUNU m.66 | İCRA VE İFLAS KANUNU m.7 | TÜRK CEZA KANUNU m.69 | TÜRK BORÇLAR KANUNU m.157 | DİSİPLİN MAHKEMELERİ KURULUŞU, YARGILAMA USULÜ VE DİSİPLİN SUÇ VE CEZALARI HAKKINDA KANUN m.43 | DENİZ ÇEVRESİNİN PETROL VE DİĞER ZARARLI MADDELERLE KİRLENMESİNDE ACİL DURUMLARDA MÜDAHALE VE ZARARLARIN TAZMİNİ ESASLARINA DAİR KANUN m.12 | DİSİPLİN MAHKEMELERİ KURULUŞU, YARGILAMA USULÜ VE DİSİPLİN SUÇ VE CEZALARI HAKKINDA KANUN m.44 | KARAYOLLARI TRAFİK KANUNU m.109",0.0379146919431279,0.0379146919431279,1.0,1.0,0.0,0.0,wrong_or_unsupported_citation
Q177,Ticaret Hukuku,medium,Acentenin ücret hakkı hangi durumda doğar?,"Acente, aracılık ettiği veya yaptığı işlemler nedeniyle kanunda öngörülen şartlarla ücret isteyebilir.","1. Acentenin ücret hakkı hangi durumda doğar?
2. Acentenin ücret hakkı doğar.
3. TÜRK TİCARET KANUNU m.114
4. Not / sınırlılık: Bu madde, acentelik sözleşmesi ile ilgili olarak ücret hakkını açıkça belirtiyor.",1_5_6102_MADDE_113,1_5_6102_MADDE_114; 1_5_6102_MADDE_113; 1_5_6102_MADDE_112; 1_5_6102_MADDE_116; 1_5_6102_MADDE_115; 1_5_6102_MADDE_122; 1_5_6102_MADDE_120; 1_5_1618_MADDE_35; 1_5_6102_MADDE_119; 1_5_5684_MADDE_23,TÜRK TİCARET KANUNU m.114 | TÜRK TİCARET KANUNU m.113 | TÜRK TİCARET KANUNU m.112 | TÜRK TİCARET KANUNU m.116 | TÜRK TİCARET KANUNU m.115 | TÜRK TİCARET KANUNU m.122 | TÜRK TİCARET KANUNU m.120 | SEYAHAT ACENTALARI VE SEYAHAT ACENTALARI BİRLİĞİ KANUNU m.35 | TÜRK TİCARET KANUNU m.119 | SİGORTACILIK KANUNU m.23,0.0444444444444444,0.0444444444444444,1.0,1.0,0.0,0.0,wrong_or_unsupported_citation
Q031,Ceza Muhakemesi Hukuku,medium,"Soruşturma aşamasında ""gizlilik kararı"" (kısıtlama) hangi belgeleri kapsayamaz?","Soruşturma evresinde kısıtlama kararı verilse bile müdafi; şüphelinin ifadesine, bilirkişi raporlarına ve hazır bulunmaya yetkili olduğu diğer adli işlemlere ilişkin tutanaklara erişebilir. Bu belgeler kısıtlama kararının kapsamı dışında kalır.","1. Gizliliğin kısıtlanması, bu kanunlar kapsamında belirtilen güvenlik soruşturması ve arşiv araştırması işlemlerinin her evresinde gizliliğe uyulmasıyla ilgilidir.
2. Bu cevap, verilen mevzuat bağlamına dayanarak verilen cevap.
3. GÜVENLİK SORUŞTURMASI VE ARŞİV ARAŞTIRMASI KANUNU m.9, 6698 sayılı Kanun, 10/7/1953 tarihli ve 6136 sayılı Ateşli Silahlar ve Bıçaklar ile Diğer Aletler Hakkında Kanunda tanımlanan silah kaçakçılığı (madde 12), 19/10/2005 tarihli ve 5411 sayılı Bankacılık Kanununun 160 ıncı maddesinde tanımlanan zimmet suçu, 21/3/2007 tarihli ve 5607 sayılı Kaçakçılıkla Mücadele Kanununda tanımlanan suçlar.
4. Bu cevap, verilen mevzuat bağlamına dayanarak verilen cevap.",1_5_5271_MADDE_153,1_5_7315_MADDE_9; 1_5_7315_MADDE_8; 1_5_4982_MADDE_15; 1_5_5271_MADDE_125; 1_5_7315_MADDE_10; 1_5_4982_MADDE_20; 1_5_4982_MADDE_27; 1_5_4982_MADDE_16; 1_5_7315_MADDE_11; 1_5_5271_MADDE_153,GÜVENLİK SORUŞTURMASI VE ARŞİV ARAŞTIRMASI KANUNU m.9 | GÜVENLİK SORUŞTURMASI VE ARŞİV ARAŞTIRMASI KANUNU m.8 | BİLGİ EDİNME HAKKI KANUNU m.15 | CEZA MUHAKEMESİ KANUNU m.125 | GÜVENLİK SORUŞTURMASI VE ARŞİV ARAŞTIRMASI KANUNU m.10 | BİLGİ EDİNME HAKKI KANUNU m.20 | BİLGİ EDİNME HAKKI KANUNU m.27 | BİLGİ EDİNME HAKKI KANUNU m.16 | GÜVENLİK SORUŞTURMASI VE ARŞİV ARAŞTIRMASI KANUNU m.11 | CEZA MUHAKEMESİ KANUNU m.153,0.0629921259842519,0.0629921259842519,1.0,1.0,0.0,0.0,wrong_or_unsupported_citation
Q186,İş Hukuku,medium,İşverenin ücret ödeme borcunun temel içeriği nedir?,"İşveren, işçiye yaptığı iş karşılığında sözleşme veya kanun hükümlerine uygun ücret ödemekle yükümlüdür.","1. İşveren, işçinin işveren tarafından bilinen veya bilinmesi gereken yetenek ve nitelikleri göz önünde tutulması halinde, işçiye kusuruyla verdiği her türlü zarardan sorumlu olur. İşveren, işçiye işin sonucundan pay alma hakkı vermez.

2. İşveren, işçiye işin sonucundan pay alma hakkı vermez.

3.  [1] TÜRK BORÇLAR KANUNU m.400
[2] TÜRK BORÇLAR KANUNU m.411
[3] TÜRK BORÇLAR KANUNU m.401
[4] TÜRK BORÇLAR KANUNU m.467
[5] TÜRK BORÇLAR KANUNU m.408
[6] TÜRK BORÇLAR KANUNU m.407
[7] TÜRK BORÇLAR KANUNU m.462
[8] TÜRK BORÇLAR KANUNU m.414
[9] TÜRK BORÇLAR KANUNU m.402

4.  İşveren, işçiye işin sonucundan pay alma hakkı vermez.",1_5_4857_MADDE_32,1_5_6098_MADDE_400; 1_5_6098_MADDE_411; 1_5_6098_MADDE_401; 1_5_6098_MADDE_467; 1_5_6098_MADDE_408; 1_5_6098_MADDE_407; 1_5_6098_MADDE_462; 1_5_6098_MADDE_414; 1_5_6098_MADDE_402; 1_5_4857_MADDE_32,TÜRK BORÇLAR KANUNU m.400 | TÜRK BORÇLAR KANUNU m.411 | TÜRK BORÇLAR KANUNU m.401 | TÜRK BORÇLAR KANUNU m.467 | TÜRK BORÇLAR KANUNU m.408 | TÜRK BORÇLAR KANUNU m.407 | TÜRK BORÇLAR KANUNU m.462 | TÜRK BORÇLAR KANUNU m.414 | TÜRK BORÇLAR KANUNU m.402 | İŞ KANUNU m.32,0.065040650406504,0.048780487804878,1.0,1.0,0.0,0.0,wrong_or_unsupported_citation
Q001,Anayasa Hukuku,easy,Anayasa Mahkemesi'ne bireysel başvuru yapılabilmesi için olağan kanun yollarının tüketilme şartı nedir?,"Bireysel başvuru yapılabilmesi için ihlale ilişkin olağan kanun yollarının tüketilmiş olması gerekir. Başvuru, nihai kararın veya başvuru yolunun tüketildiği işlemin öğrenilmesinden sonra kanundaki süre içinde yapılır.","1. Bireysel başvurular, bu Kanunda ve İçtüzükte belirtilen şartlara uygun olarak doğrudan ya da mahkemeler veya yurt dışı temsilcilikler vasıtasıyla yapılabilir. Başvuru yollarının tüketilme şartı, Anayasa Mahkemesi'nde bireysel başvuruların kabul edilebilirlik şartları ve incelenmesi.
2. Bu Kanun, bireysel başvuruların kabul edilebilirlik şartları ve incelenmesi.
3. Dayanak maddeler:
    - ANAYASA MAHKEMESİNİN KURULUŞU VE YARGILAMA USULLERİ HAKKINDA KANUN m.47
    - ANAYASA MAHKEMESİNİN KURULUŞU VE YARGILAMA USULLERİ HAKKINDA KANUN m.45
    - ANAYASA MAHKEMESİNİN KURULUŞU VE YARGILAMA USULLERİ HAKKINDA KANUN m.46
    - TÜRKİYE CUMHURİYETİ ANAYASASI geçici m.18
4. Not / sınırlılık: 
    - Bu cevap, verilen mevzuat bağlamına dayanarak verilen sorunun cevabını verir. 
    - Bu cevap, Anayasa Mahkemesi'nin bireysel başvuruların kabul edilebilirlik şartları ve incelenmesi.",1_5_2709_MADDE_148,1_5_6216_MADDE_47; 1_5_6216_MADDE_45; 1_5_6216_MADDE_46; 1_5_6384_GEÇİCİ_MADDE_2; 1_5_2709_GEÇİCİ_MADDE_18; 1_5_2709_MADDE_148; 1_5_6216_MADDE_48; 1_5_6216_MADDE_40; 1_5_4734_MADDE_22; 1_5_6216_MADDE_51,ANAYASA MAHKEMESİNİN KURULUŞU VE YARGILAMA USULLERİ HAKKINDA KANUN m.47 | ANAYASA MAHKEMESİNİN KURULUŞU VE YARGILAMA USULLERİ HAKKINDA KANUN m.45 | ANAYASA MAHKEMESİNİN KURULUŞU VE YARGILAMA USULLERİ HAKKINDA KANUN m.46 | TAZMİNAT KOMİSYONUNUN GÖREVLERİ İLE ÇALIŞMA USUL VE ESASLARI HAKKINDA KANUN geçici m.2 | TÜRKİYE CUMHURİYETİ ANAYASASI geçici m.18 | TÜRKİYE CUMHURİYETİ ANAYASASI m.148 | ANAYASA MAHKEMESİNİN KURULUŞU VE YARGILAMA USULLERİ HAKKINDA KANUN m.48 | ANAYASA MAHKEMESİNİN KURULUŞU VE YARGILAMA USULLERİ HAKKINDA KANUN m.40 | KAMU İHALE KANUNU m.22 | ANAYASA MAHKEMESİNİN KURULUŞU VE YARGILAMA USULLERİ HAKKINDA KANUN m.51,0.0694444444444444,0.0416666666666666,1.0,1.0,0.0,0.0,wrong_or_unsupported_citation
Q144,Ceza Hukuku,medium,Akıl hastalığı ceza sorumluluğunu hangi durumda kaldırır?,İşlediği fiilin hukuki anlam ve sonuçlarını algılayamayan veya davranışlarını yönlendirme yeteneği önemli derecede azalmış olan akıl hastasına ceza verilmez.,"1. Akıl hastalığı ceza sorumluluğunu kaldırır.
2.  Akıl hastalığına tutulan hükümlünün cezasının infazı geriye bırakılır ve hükümlü, iyileşinceye kadar Türk Ceza Kanununun 57 nci maddesinde belirtilen sağlık kurumunda koruma ve tedavi altına alınır. Sağlık kurumunda geçen süreler cezaevinde geçmiş sayılır.
3.  [1]
4.  Not / sınırlılık: Bu cevap, verilen mevzuat bağlamına dayanarak verilen cevap.",1_5_5237_MADDE_32,1_5_5275_MADDE_16; 1_5_5237_MADDE_32; 1_5_5237_MADDE_31; 1_5_5237_MADDE_57; 1_5_5326_MADDE_11; 1_5_5237_MADDE_175; 1_5_5395_MADDE_11; 1_5_4721_MADDE_474; 1_5_5271_MADDE_109; 1_5_5271_MADDE_74,CEZA VE GÜVENLİK TEDBİRLERİNİN İNFAZI HAKKINDA KANUN m.16 | TÜRK CEZA KANUNU m.32 | TÜRK CEZA KANUNU m.31 | TÜRK CEZA KANUNU m.57 | KABAHATLER KANUNU m.11 | TÜRK CEZA KANUNU m.175 | ÇOCUK KORUMA KANUNU m.11 | TÜRK MEDENİ KANUNU m.474 | CEZA MUHAKEMESİ KANUNU m.109 | CEZA MUHAKEMESİ KANUNU m.74,0.0821917808219178,0.0547945205479452,1.0,1.0,0.0,0.0,wrong_or_unsupported_citation
Q051,Anayasa Hukuku,easy,Anayasa Mahkemesi'ne bireysel başvuru yapılabilmesi için hangi temel şartlar aranır?,"Bireysel başvuru yapılabilmesi için güncel ve kişisel bir hakkın kamu gücü tarafından ihlal edilmiş olması, başvurucunun bu ihlalden doğrudan etkilenmesi ve olağan kanun yollarının tüketilmiş olması gerekir.","1. Anayasa Mahkemesi'ne bireysel başvuru yapılabilmesi için hangi temel şartlar aranır?
2. Bireysel başvurular, bu Kanunda ve İçtüzükte belirtilen şartlara uygun olarak doğrudan ya da mahkemeler veya yurt dışı temsilcilikler vasıtasıyla yapılabilir. Başvurunun diğer yollarla kabulüne ilişkin usul ve esaslar İçtüzükle düzenlenir.
3. Madde 47, 45, 46 ve 48'den faydalanarak cevap verin.
4. Not / sınırlılık

**Cevap:**

1. Anayasa Mahkemesi'ne bireysel başvuru yapılabilmesi için, **Anayasa Mahkemesi'nin kuruluşu ve yargılama usulleri** ile ilgili **Madde 47**'de belirtilen şartlar aranır.

2. Bireysel başvurular, bu Kanunda ve İçtüzükte belirtilen şartlara uygun olarak doğrudan ya da mahkemeler veya yurt dışı temsilcilikler vasıtasıyla yapılabilir. Başvurunun diğer yollarla kabulüne ilişkin usul ve esaslar İçtüzükle düzenlenir.

3. Madde 47: Bireysel başvurular, bu Kanunda ve İçtüzükte belirtilen şartlara uygun olarak doğrudan ya da mahkemeler veya yurt dışı temsilcilikler vasıtasıyla yapılabilir. Başvurunun diğer yollarla kabulüne ilişkin usul ve esaslar İçtüzükle düzenlenir.
Madde 45: Herkes, Anayasa'da güvence altına alınmış temel hak ve",1_5_2709_MADDE_148,1_5_6216_MADDE_47; 1_5_6216_MADDE_45; 1_5_6216_MADDE_48; 1_5_6216_MADDE_46; 1_5_2709_GEÇİCİ_MADDE_18; 1_5_2709_MADDE_148; 1_5_2709_MADDE_146; 1_5_6216_MADDE_2; 1_5_6216_MADDE_40; 1_5_6216_MADDE_9,ANAYASA MAHKEMESİNİN KURULUŞU VE YARGILAMA USULLERİ HAKKINDA KANUN m.47 | ANAYASA MAHKEMESİNİN KURULUŞU VE YARGILAMA USULLERİ HAKKINDA KANUN m.45 | ANAYASA MAHKEMESİNİN KURULUŞU VE YARGILAMA USULLERİ HAKKINDA KANUN m.48 | ANAYASA MAHKEMESİNİN KURULUŞU VE YARGILAMA USULLERİ HAKKINDA KANUN m.46 | TÜRKİYE CUMHURİYETİ ANAYASASI geçici m.18 | TÜRKİYE CUMHURİYETİ ANAYASASI m.148 | TÜRKİYE CUMHURİYETİ ANAYASASI m.146 | ANAYASA MAHKEMESİNİN KURULUŞU VE YARGILAMA USULLERİ HAKKINDA KANUN m.2 | ANAYASA MAHKEMESİNİN KURULUŞU VE YARGILAMA USULLERİ HAKKINDA KANUN m.40 | ANAYASA MAHKEMESİNİN KURULUŞU VE YARGILAMA USULLERİ HAKKINDA KANUN m.9,0.0846560846560846,0.0846560846560846,1.0,1.0,0.0,0.0,wrong_or_unsupported_citation
Q047,İş Hukuku,easy,"İş güvencesinden yararlanmak için gerekli olan ""işçi sayısı"" ve ""kıdem"" şartı nedir?","İş güvencesi hükümlerinden yararlanmak için işçinin belirsiz süreli iş sözleşmesiyle çalışması, işyerinde otuz veya daha fazla işçi bulunması ve işçinin en az altı aylık kıdeminin olması gerekir.","1. İş güvencesinden yararlanmak için gerekli olan ""işçi sayısı"" ve ""kıdem"" şartı nedir?
2. İşçi sayısı ve kıdem şartları, İŞ KANUNU'nda belirtilmiştir.
3. İŞ KANUNU'nda madde 30'da işçi sayısı ve kıdem şartları belirtilmiştir.
4. İŞ KANUNU'nda madde 30'da işçi sayısı ve kıdem şartları belirtilmiştir.

**Açıklama:**

* **İşçi sayısı:**  İşverenler, elli veya daha fazla işçi çalıştırdıkları özel sektör işyerlerinde yüzde üç engelli, kamu işyerlerinde ise yüzde dört engelli ve yüzde iki eski hükümlü işçiyi veya 21/6/1927 tarihli ve 1111 sayılı Askerlik Kanunu veya 16/6/1927 tarihli ve 1076 sayılı Yedek Subaylar ve Yedek Askeri Memurlar Kanunu kapsamına giren ve askerlik hizmetini yaparken 12/4/1991 tarihli ve 3713 sayılı Terörle Mücadele Kanununun 21 inci maddesinde sayılan terör olaylarının sebep ve tesiri sonucu malul sayılmayacak şekilde yaralananları meslek, beden ve ruhi durumlarına uygun işlerde çalıştırmakla yükümlüdürler. 
* **Kıdem:**  İşçi sayısı ve kıdem şartları, İŞ KANUNU'nda madde 30'da işçi sayısı ve kıdem şartları belirtilmiştir. 

**Not:** İŞ KANUNU'nda mad",1_5_4857_MADDE_18,1_5_4857_MADDE_30; 1_5_6331_MADDE_7; 1_5_4857_MADDE_18; 1_5_6331_MADDE_20; 1_5_4857_MADDE_29; 1_5_6331_MADDE_3; 1_5_1475_MADDE_14; 1_5_5502_MADDE_28; 1_5_6331_MADDE_6; 1_5_6331_MADDE_15,İŞ KANUNU m.30 | İŞ SAĞLIĞI VE GÜVENLİĞİ KANUNU m.7 | İŞ KANUNU m.18 | İŞ SAĞLIĞI VE GÜVENLİĞİ KANUNU m.20 | İŞ KANUNU m.29 | İŞ SAĞLIĞI VE GÜVENLİĞİ KANUNU m.3 | İŞ KANUNU m.14 | SOSYAL GÜVENLİK KURUMUNA İLİŞKİN BAZI DÜZENLEMELER HAKKINDA KANUN m.28 | İŞ SAĞLIĞI VE GÜVENLİĞİ KANUNU m.6 | İŞ SAĞLIĞI VE GÜVENLİĞİ KANUNU m.15,0.0891089108910891,0.0891089108910891,1.0,1.0,0.0,0.0,wrong_or_unsupported_citation
Q139,Borçlar Hukuku,medium,Takas hangi alacaklar bakımından mümkün değildir?,İfa edilmesi devlet eliyle zorunlu olmayan alacaklar ile nafaka gibi özel olarak korunmuş bazı alacaklarda takas mümkün değildir.,"1. Takas mümkün değildir.
2. İCRA VE İFLAS KANUNU m.200'de belirtilen maddeye göre, müflisin alacaklısı iflas açıldıktan sonra müflisin alacaklısı olursa takas yapılamaz.
3. İCRA VE İFLAS KANUNU m.200'de belirtilen maddeye göre, müflisin alacaklısı iflas açıldıktan sonra müflisin veya masanın borçlusu olursa takas yapılamaz.
4. Not: İcra ve İflas Kanunu m.200'de belirtilen maddeye göre, alacaklı alacağını müflisin kendinde olan alacağı ile takas edebilir.",1_5_6098_MADDE_144,1_3_2004_MADDE_200; 1_5_6102_MADDE_93; 1_5_6102_MADDE_242; 1_5_6098_MADDE_144; 1_5_6098_MADDE_257; 1_5_6098_MADDE_143; 1_5_6102_MADDE_1480; 1_5_6098_MADDE_141; 1_5_6098_MADDE_139; 1_5_6102_MADDE_327,İCRA VE İFLAS KANUNU m.200 | TÜRK TİCARET KANUNU m.93 | TÜRK TİCARET KANUNU m.242 | TÜRK BORÇLAR KANUNU m.144 | TÜRK BORÇLAR KANUNU m.257 | TÜRK BORÇLAR KANUNU m.143 | TÜRK TİCARET KANUNU m.1480 | TÜRK BORÇLAR KANUNU m.141 | TÜRK BORÇLAR KANUNU m.139 | TÜRK TİCARET KANUNU m.327,0.1063829787234042,0.0638297872340425,1.0,1.0,0.0,0.0,wrong_or_unsupported_citation
Q117,İş Hukuku,medium,İş güvencesi için işyerinde en az kaç işçi çalışması gerekir?,İş güvencesi hükümlerinin uygulanabilmesi için işverenin aynı işkolunda otuz veya daha fazla işçi çalıştırması gerekir.,"1. İşyerinde en az 10 işçi çalışması gerekir.
2. Bu durum, işyerinin 20 ile 100 işçi arasında çalışanı bulunan işyerlerindedir.
3. Bu durum, İŞ SAĞLIĞI VE GÜVENLİĞİ KANUNU m.20'de belirtilmiştir.
4. Not: Bu cevap, verilen mevzuat bağlamına dayanarak verilen cevap olarak nitelendirilir.


**Not:** Bu cevap, verilen mevzuat bağlamına dayanarak verilen cevap olarak nitelendirilir.",1_5_4857_MADDE_18,1_5_6331_MADDE_20; 1_5_4857_MADDE_29; 1_5_6331_MADDE_22; 1_5_4857_MADDE_30; 1_5_4857_MADDE_18; 1_5_6331_MADDE_3; 1_5_4857_MADDE_3; 1_5_6331_MADDE_6; 1_5_6331_MADDE_23; 1_5_4857_MADDE_2,İŞ SAĞLIĞI VE GÜVENLİĞİ KANUNU m.20 | İŞ KANUNU m.29 | İŞ SAĞLIĞI VE GÜVENLİĞİ KANUNU m.22 | İŞ KANUNU m.30 | İŞ KANUNU m.18 | İŞ SAĞLIĞI VE GÜVENLİĞİ KANUNU m.3 | İŞ KANUNU m.3 | İŞ SAĞLIĞI VE GÜVENLİĞİ KANUNU m.6 | İŞ SAĞLIĞI VE GÜVENLİĞİ KANUNU m.23 | İŞ KANUNU m.2,0.1081081081081081,0.081081081081081,1.0,1.0,0.0,0.0,wrong_or_unsupported_citation
Q093,Medeni Hukuk,medium,Altsoy bulunmayan durumda sağ kalan eşin miras payı ne kadardır?,"Mirasbırakanın altsoyu yoksa ve ana-baba zümresi mirasçı oluyorsa, sağ kalan eş mirasın yarısını alır.","1. Sağ kalan eşin miras payı, mirasbırakanın altsoyu bulunmayan durumda, miras payı olarak mirasın dörtte biridir.
2. Bu cevap, TÜRK MEDENİ KANUNU m.497'de belirtilen ""Altsoyu, ana ve babası ve onların altsoyu bulunmayan mirasbırakanın mirasçıları, büyük ana ve büyük babalarıdır. Bunlar, eşit olarak mirasçıdırlar."" ifadesine dayanmaktadır.
3. Madde 497, mirasbırakanın altsoyu bulunmayan durumda, mirasın dörtte biri olarak miras payı olarak mirasın dörtte biri olarak belirtilmiştir.
4. Not: Bu cevap, TÜRK MEDENİ KANUNU m.497'de belirtilen ""Altsoyu, ana ve babası ve onların altsoyu bulunmayan mirasbırakanın mirasçıları, büyük ana ve büyük babalarıdır. Bunlar, eşit olarak mirasçıdırlar."" ifadesine dayanmaktadır.",1_5_4721_MADDE_499,1_5_4721_MADDE_497; 1_5_4721_MADDE_499; 1_5_4721_MADDE_613; 1_5_4721_MADDE_496; 1_5_4721_MADDE_276; 1_5_4721_MADDE_579; 1_5_4721_MADDE_506; 1_5_4721_MADDE_236; 1_5_4721_MADDE_505; 1_5_4721_MADDE_255,TÜRK MEDENİ KANUNU m.497 | TÜRK MEDENİ KANUNU m.499 | TÜRK MEDENİ KANUNU m.613 | TÜRK MEDENİ KANUNU m.496 | TÜRK MEDENİ KANUNU m.276 | TÜRK MEDENİ KANUNU m.579 | TÜRK MEDENİ KANUNU m.506 | TÜRK MEDENİ KANUNU m.236 | TÜRK MEDENİ KANUNU m.505 | TÜRK MEDENİ KANUNU m.255,0.1238938053097345,0.0884955752212389,1.0,1.0,0.0,0.0,wrong_or_unsupported_citation
Q085,Ceza Muhakemesi Hukuku,medium,İfade alma sırasında şüpheliye hangi haklar bildirilmelidir?,"Şüpheliye yüklenen suç anlatılmalı; müdafi seçme hakkı, susma hakkı, lehine delil toplanmasını isteme hakkı ve kişisel-ekonomik durumuna göre baro tarafından müdafi görevlendirilmesini isteyebileceği bildirilmelidir.","1. Şüpheliye ifade alma sırasında, aşağıdaki haklar bildirilmelidir:
    * Kimliği saptanır.
    * Şüpheli veya sanığın kimliği saptanır.
    * Şüpheli veya sanık, kimliğine ilişkin soruları doğru olarak cevaplandırmakla yükümlüdür.
    * Kendisine yüklenen suç anlatılır.
    * Müdafi seçme hakkının bulunduğu ve onun hukukî yardımından yararlanabileceği, müdafiin ifade veya sorgusunda hazır bulunabileceği, kendisine bildirilir.
    * Müdafi seçecek durumda olmadığı ve bir müdafi yardımından faydalanmak istediği takdirde, kendisine baro tarafından bir müdafi görevlendirilir.
    * 95 inci madde hükmü saklı kalmak üzere, yakalanan kişinin yakınlarından istediğine yakalandığı derhâl bildirilir.
    * Yüklenen suç hakkında açıklamada bulunmamasının kanunî hakkı olduğu söylenir.
    * Şüpheli veya sanık, ifade vermenin veya sorgunun yapılması sırasında, kendisine bildirilir.
    * Şüpheli veya sanık, ifade alma veya sorgusunda hazır bulunabileceği, kendisine bildirilir.
    * Şüpheli veya sanık, ifade vermenin veya sorgunun yapılması sırasında, kendisine bildirilir.
    * Şüpheli veya sanık, ifade vermenin veya sorgunun yapılması sırasında, kendisine bildirilir.
    * Şüpheli veya sanık, ifade vermenin veya sorgunun yapılması sırasında, kendisine bildirilir.
    * Şüpheli veya sanık, ifade vermenin",1_5_5271_MADDE_147,1_5_5271_MADDE_147; 1_5_5271_MADDE_148; 1_5_4054_MADDE_44; 1_5_5271_MADDE_58; 1_5_5271_MADDE_216; 1_5_5549_MADDE_4; 1_5_5271_MADDE_84; 1_5_3091_MADDE_6; 1_5_5271_MADDE_149; 1_5_5271_MADDE_113,CEZA MUHAKEMESİ KANUNU m.147 | CEZA MUHAKEMESİ KANUNU m.148 | REKABETİN KORUNMASI HAKKINDA KANUN m.44 | CEZA MUHAKEMESİ KANUNU m.58 | CEZA MUHAKEMESİ KANUNU m.216 | SUÇ GELİRLERİNİN AKLANMASININ ÖNLENMESİ HAKKINDA KANUN m.4 | CEZA MUHAKEMESİ KANUNU m.84 | TAŞINMAZ MAL ZİLYEDLİĞİNE YAPILAN TECAVÜZLERİN ÖNLENMESİ HAKKINDA KANUN m.6 | CEZA MUHAKEMESİ KANUNU m.149 | CEZA MUHAKEMESİ KANUNU m.113,0.127906976744186,0.1046511627906976,1.0,1.0,0.0,0.0,wrong_or_unsupported_citation
Q116,İş Hukuku,medium,İş güvencesi hükümlerinden yararlanmak için işçinin bakımından hangi asgari kıdem şartı aranır?,İş güvencesi hükümlerinden yararlanabilmek için işçinin işverenin işyerinde en az altı aylık kıdeminin bulunması gerekir.,"1. İş güvencesi hükümlerinden yararlanmak için işçinin bakımından **10 yıl** kıdem şartı aranır.
2. Bu şart, **İŞ KANUNU** m.14'ün 13. maddesinin 2. bendinde belirtilen ""**İşçinin ölümü halinde yukarıdaki hükümlere göre doğan tazminat tutarı, kanuni mirasçılarına ödenir.**"" ifadesine dayanır.
3. **İŞ KANUNU** m.14'ün 13. maddesi, işçinin ölümü halinde doğan tazminat tutarı, kanuni mirasçılarına ödenir.
4. **Not:** Bu cevap, verilen mevzuat bağlamına dayanarak verilen cevap.",1_5_4857_MADDE_18,1_5_1475_MADDE_14; 1_5_4857_MADDE_112; 1_5_4857_MADDE_18; 1_5_6331_MADDE_7; 1_5_4857_MADDE_30; 1_5_5510_MADDE_6; 1_5_4857_GEÇİCİ_MADDE_4; 1_5_5188_MADDE_10; 1_5_5510_MADDE_18; 1_5_6331_MADDE_3,İŞ KANUNU m.14 | İŞ KANUNU m.112 | İŞ KANUNU m.18 | İŞ SAĞLIĞI VE GÜVENLİĞİ KANUNU m.7 | İŞ KANUNU m.30 | SOSYAL SİGORTALAR VE GENEL SAĞLIK SİGORTASI KANUNU m.6 | İŞ KANUNU geçici m.4 | ÖZEL GÜVENLİK HİZMETLERİNE DAİR KANUN m.10 | SOSYAL SİGORTALAR VE GENEL SAĞLIK SİGORTASI KANUNU m.18 | İŞ SAĞLIĞI VE GÜVENLİĞİ KANUNU m.3,0.1379310344827586,0.1379310344827586,1.0,1.0,0.0,0.0,wrong_or_unsupported_citation
Q083,Ceza Muhakemesi Hukuku,medium,Müdafiin dosya inceleme yetkisi hangi durumda kısıtlanabilir?,Soruşturmanın amacını tehlikeye düşürebilecekse hâkim kararıyla müdafiin dosya içeriğini inceleme ve belgelerden örnek alma yetkisi kısıtlanabilir.,"1. Müdafiin dosya içeriğini inceleme yetkisi, Cumhuriyet savcısının istemi üzerine hâkim kararıyla kısıtlanabilir. Bu karar ancak aşağıda sayılan suçlara ilişkin yürütülen soruşturmalarda verilebilir.
2. Bu karar, 26/9/2004 tarihli ve 5237 sayılı Türk Ceza Kanununda yer alan; 1. Kasten öldürme (madde 81, 82, 83), 2. Cinsel saldırı (birinci fıkra hariç, madde 102), 3. Çocukların cinsel istismarı (madde 103), 4. Uyuşturucu veya uyarıcı madde imal ve ticareti (madde 188), 5. Suç işlemek amacıyla örgüt kurma (madde 220), 6. Devlet Güvenliğine Karşı Suçlar (madde 302, 303, 304, 307, 308), 7. Anayasal Düzene ve Bu Düzenin İşleyişine Karşı Suçlar (madde 309, 310, 311, 312, 313, 314, 315, 316), 8. Devlet Sırlarına Karşı Suçlar ve Casusluk (madde 326, 327, 328, 329, 330, 331, 333, 334, 335, 336",1_5_5271_MADDE_153,1_5_5271_MADDE_153; 1_3_3894_MADDE_121; 1_5_5271_MADDE_152; 1_5_5271_MADDE_151; 1_5_6100_MADDE_161; 1_5_5271_MADDE_196; 1_5_4054_MADDE_15; 1_5_6100_MADDE_355; 1_5_5271_MADDE_122; 1_5_6458_MADDE_68,CEZA MUHAKEMESİ KANUNU m.153 | DENİZDE ZABT VE MÜSADERE KANUNU m.121 | CEZA MUHAKEMESİ KANUNU m.152 | CEZA MUHAKEMESİ KANUNU m.151 | HUKUK MUHAKEMELERİ KANUNU m.161 | CEZA MUHAKEMESİ KANUNU m.196 | REKABETİN KORUNMASI HAKKINDA KANUN m.15 | HUKUK MUHAKEMELERİ KANUNU m.355 | CEZA MUHAKEMESİ KANUNU m.122 | YABANCILAR VE ULUSLARARASI KORUMA KANUNU m.68,0.1398601398601398,0.0839160839160839,1.0,1.0,0.0,0.0,wrong_or_unsupported_citation
Q189,İş Hukuku,medium,Fazla çalışma yaptırılamayacak işçiler veya işler bakımından nasıl bir sınırlama vardır?,Kanun ve ilgili düzenlemeler uyarınca bazı işçiler ile bazı işlerde fazla çalışma yaptırılamaz; gece çalışmalarında ve sağlık nedeniyle sınırlı durumlarda özel kurallar uygulanır.,"1. İşçilerin fazla çalışma yaptırılamayacak işler veya işler bakımından sınırlama vardır.
2. Bu sınırlama, İŞ KANUNU m.42'de belirtilen zorunlu sebeplerle yapılan fazla çalışmalarda uygulanır.
3. İŞ KANUNU m.42, fazla çalışma yapılabilecek işler ve işçilerin fazla çalışma yapma hakkı ile ilgili düzenlemeler içerir.
4. Bu sınırlama, İŞ KANUNU m.42'de belirtilen zorunlu sebeplerle yapılan fazla çalışmalarda uygulanır.

**Not:** Bu cevap, verilen mevzuat bağlamına dayanarak verilen sorunun cevabını sunmaktadır.",1_5_4857_MADDE_41,1_5_4857_MADDE_42; 1_5_4857_MADDE_41; 1_5_4857_MADDE_4; 1_5_6098_MADDE_398; 1_5_4857_MADDE_64; 1_5_4857_MADDE_71; 1_5_4857_MADDE_76; 1_5_657_MADDE_178; 1_5_4857_MADDE_29; 1_5_4857_MADDE_43,İŞ KANUNU m.42 | İŞ KANUNU m.41 | İŞ KANUNU m.4 | TÜRK BORÇLAR KANUNU m.398 | İŞ KANUNU m.64 | İŞ KANUNU m.71 | İŞ KANUNU m.76 | DEVLET MEMURLARI KANUNU m.178 | İŞ KANUNU m.29 | İŞ KANUNU m.43,0.1428571428571428,0.1020408163265306,1.0,1.0,0.0,0.0,wrong_or_unsupported_citation
Q130,Anayasa Hukuku,hard,Cumhurbaşkanının cezai sorumluluğuna ilişkin soruşturma açılması için TBMM'de hangi çoğunluk gerekir?,"Cumhurbaşkanı hakkında bir suç işlediği iddiasıyla soruşturma açılması, TBMM üye tamsayısının beşte üçünün gizli oyuyla vereceği karara bağlıdır.","1. TBMM'de Cumhurbaşkanının cezai sorumluluğuna ilişkin soruşturma açılması için, üye tamsayısının salt çoğunluğunun vereceği önergeyle, **en az 3/4 çoğunlukla** gerekmektedir.
2. Bu cevap, 1. maddedeki Anayasa'nın madde 105'ine dayanmaktadır.
3. Madde 105, Cumhurbaşkanının cezai sorumluluğuna ilişkin soruşturma açılması için TBMM'de **en az 3/4 çoğunluğun** vereceği önerge gerekmektedir.
4. Not: Bu cevap, sadece verilen mevzuat bağlamına dayanmaktadır.",1_5_2709_MADDE_105,1_5_2709_MADDE_105; 1_5_6216_MADDE_35; 1_5_2937_MADDE_26; 1_5_2709_MADDE_150; 1_5_6698_MADDE_21; 1_5_3686_MADDE_10; 1_5_6706_MADDE_38; 1_5_2709_MADDE_106; 1_5_3620_MADDE_18; 1_5_4847_MADDE_8,TÜRKİYE CUMHURİYETİ ANAYASASI m.105 | ANAYASA MAHKEMESİNİN KURULUŞU VE YARGILAMA USULLERİ HAKKINDA KANUN m.35 | DEVLET İSTİHBARAT HİZMETLERİ VE MİLLİ İSTİHBARAT TEŞKİLATI KANUNU m.26 | TÜRKİYE CUMHURİYETİ ANAYASASI m.150 | KİŞİSEL VERİLERİN KORUNMASI KANUNU m.21 | İNSAN HAKLARINI İNCELEME KOMİSYONU KANUNU m.10 | CEZAÎ KONULARDA ULUSLARARASI ADLÎ İŞ BİRLİĞİ KANUNU m.38 | TÜRKİYE CUMHURİYETİ ANAYASASI m.106 | TÜRKİYE BÜYÜK MİLLET MECLİSİNİN DIŞ İLİŞKİLERİNİN DÜZENLENMESİ HAKKINDA KANUN m.18 | AVRUPA BİRLİĞİ UYUM KOMİSYONU KANUNU m.8,0.15,0.125,1.0,1.0,0.0,0.0,wrong_or_unsupported_citation
Q127,Anayasa Hukuku,medium,"Savaş, seferberlik veya olağanüstü hallerde temel hakların kullanılmasının durdurulmasında hangi çekirdek alanlara dokunulamaz?","Yaşama hakkına, maddi ve manevi varlığın bütünlüğüne, din ve vicdan özgürlüğüne, suç ve cezaların geçmişe yürümemesi ilkesine ve suçluluğu mahkeme kararıyla saptanıncaya kadar kimsenin suçlu sayılamayacağı ilkesine dokunulamaz.","1.  Savaş, seferberlik veya olağanüstü hallerde temel hakların kullanılmasının durdurulması, Anayasa'nın madde 15'ine göre, bu durumlarda temel hak ve hürriyetlerin kısmen veya tamamen durdurulabilir. 
2.  Bu durumlarda, Anayasa'nın madde 15'ine göre, savaş hukukuna uygun fiiller sonucu meydana gelen ölümler dışında, kişinin yaşama hakkına, maddi ve manevi varlığının bütünlüğüne dokunulamaz.
3.  Anayasa'nın madde 15'ine göre, savaş hukukuna uygun fiiller sonucu meydana gelen ölümler dışında, kişinin yaşama hakkına, maddi ve manevi varlığının bütünlüğüne dokunulamaz.
4.  Bu durumlarda, Anayasa'nın madde 15'ine göre, savaş hukukuna uygun fiiller sonucu meydana gelen ölümler dışında, kişinin yaşama hakkına, maddi ve manevi varlığının bütünlüğüne dokunulamaz.",1_5_2709_MADDE_15,1_5_2709_MADDE_15; 1_5_2941_MADDE_3; 1_5_2709_MADDE_14; 1_5_2709_MADDE_13; 1_5_2802_MADDE_52; 1_5_2565_MADDE_17; 1_5_2565_MADDE_22; 1_5_2565_MADDE_21; 1_5_2565_MADDE_3; 1_5_2873_MADDE_15,TÜRKİYE CUMHURİYETİ ANAYASASI m.15 | SEFERBERLİK VE SAVAŞ HALİ KANUNU m.3 | TÜRKİYE CUMHURİYETİ ANAYASASI m.14 | TÜRKİYE CUMHURİYETİ ANAYASASI m.13 | HAKİMLER VE SAVCILAR KANUNU m.52 | ASKERİ YASAK BÖLGELER VE GÜVENLİK BÖLGELERİ KANUNU m.17 | ASKERİ YASAK BÖLGELER VE GÜVENLİK BÖLGELERİ KANUNU m.22 | ASKERİ YASAK BÖLGELER VE GÜVENLİK BÖLGELERİ KANUNU m.21 | ASKERİ YASAK BÖLGELER VE GÜVENLİK BÖLGELERİ KANUNU m.3 | MİLLİ PARKLAR KANUNU m.15,0.150375939849624,0.1353383458646616,1.0,1.0,0.0,0.0,wrong_or_unsupported_citation
Q119,İş Hukuku,hard,İşverenin eşit davranma borcuna aykırılık hâlinde işçi hangi talepte bulunabilir?,"İşçi, dört aya kadar ücreti tutarında uygun bir tazminat ile yoksun bırakıldığı haklarını talep edebilir.","1. İşçi, rekabet yasağına aykırı davranışından dolayı tazminat talep edebilir.
2. Bu talep, işveren tarafından işçinin rekabet yasağına aykırı davranışından kaynaklanan zararları gidermekle yükümlüdür.
3. Madde 446 TÜRK BORÇLAR KANUNU, işçi, rekabet yasağına aykırı davranışından dolayı tazminat talep edebilir.
4. Not: Bu cevap, sadece verilen mevzuat bağlamına dayanmaktadır.",1_5_4857_MADDE_5,1_5_6098_MADDE_446; 1_5_6098_MADDE_439; 1_5_6098_MADDE_417; 1_5_4857_MADDE_5; 1_5_4857_MADDE_22; 1_5_6098_MADDE_404; 1_5_6098_MADDE_407; 1_5_6098_MADDE_402; 1_5_6098_MADDE_408; 1_5_4857_MADDE_2,TÜRK BORÇLAR KANUNU m.446 | TÜRK BORÇLAR KANUNU m.439 | TÜRK BORÇLAR KANUNU m.417 | İŞ KANUNU m.5 | İŞ KANUNU m.22 | TÜRK BORÇLAR KANUNU m.404 | TÜRK BORÇLAR KANUNU m.407 | TÜRK BORÇLAR KANUNU m.402 | TÜRK BORÇLAR KANUNU m.408 | İŞ KANUNU m.2,0.1538461538461538,0.1538461538461538,1.0,1.0,0.0,0.0,wrong_or_unsupported_citation
Q121,Anayasa Hukuku,easy,Anayasa'ya göre egemenlik kime aittir?,Egemenlik kayıtsız şartsız Milletindir.,"1. Egemenlik, Türk Milleti tarafından yetkili organları eliyle kullanılmaktadır.
2. Bu cevap, Anayasa'nın 6. madde'sini ve 7. madde'sini inceleyerek verilir.
3. Madde 6'da, ""Egemenlik, kayıtsız şartsız Milletindir"" ifadesi yer almaktadır.
4. Not: Bu cevap, sadece verilen mevzuat bağlamına dayanmaktadır.",1_5_2709_MADDE_6,1_5_2709_MADDE_6; 1_5_2709_MADDE_104; 1_5_2709_MADDE_7; 1_5_2709_MADDE_8; 1_5_2709_MADDE_138; 1_5_2709_MADDE_12; 1_5_2709_MADDE_10; 1_5_2709_MADDE_177; 1_5_2709_MADDE_103; 1_5_2709_MADDE_123,TÜRKİYE CUMHURİYETİ ANAYASASI m.6 | TÜRKİYE CUMHURİYETİ ANAYASASI m.104 | TÜRKİYE CUMHURİYETİ ANAYASASI m.7 | TÜRKİYE CUMHURİYETİ ANAYASASI m.8 | TÜRKİYE CUMHURİYETİ ANAYASASI m.138 | TÜRKİYE CUMHURİYETİ ANAYASASI m.12 | TÜRKİYE CUMHURİYETİ ANAYASASI m.10 | TÜRKİYE CUMHURİYETİ ANAYASASI m.177 | TÜRKİYE CUMHURİYETİ ANAYASASI m.103 | TÜRKİYE CUMHURİYETİ ANAYASASI m.123,0.1702127659574468,0.1702127659574468,1.0,1.0,0.0,0.0,wrong_or_unsupported_citation
Q026,Ceza Muhakemesi Hukuku,hard,Müdafiin (avukatın) dosya inceleme yetkisi hangi durumlarda kısıtlanabilir?,"Müdafiin dosya inceleme ve örnek alma yetkisi, soruşturmanın amacını tehlikeye düşürebilecekse hâkim kararıyla kısıtlanabilir. Ancak şüpheli ifadesi, bilirkişi raporu ve hazır bulunmaya yetkili olduğu diğer işlemlere ilişkin tutanaklar bakımından bu kısıtlama uygulanamaz.","1. Müdafiin dosya inceleme yetkisi, Cumhuriyet savcısının istemi üzerine hâkim kararıyla kısıtlanabilir.
2. Bu kısıtlama, soruşturma amacını tehlikeye düşürebilecek suçlar için uygulanır.
3. Bu suçlar, Türk Ceza Kanunu'nun 1. Kasten öldürme, 2. Cinsel saldırı, 3. Çocukların cinsel istismarı, 4. Uyuşturucu veya uyarıcı madde imal ve ticareti, 5. Suç işlemek amacıyla örgüt kurma, 6. Devlet Güvenliğine Karşı Suçlar, 7. Anayasal Düzene ve Bu Düzenin İşleyişine Karşı Suçlar, 8. Devlet Sırlarına Karşı Suçlar ve Casusluk, 9. Ateşli Silahlar ve Bıçaklar ile Diğer Aletler Hakkında Kanun, 10. Bankacılık Kanunu, 11. Kaçakçılıkla Mücadele Kanunu, 12. Türk Ceza Kanunu'nun 220 ve 314 üncü maddesi ve 13. Türk Ceza Kanunu'nun 220 ve 314 üncü maddesi ile terör suçları.
4. Bu kısıtlama, Cumhuriyet savcısının istemi üzerine hâkim kararıyla kısıtlanabilir.",1_5_5271_MADDE_153,1_5_5271_MADDE_153; 1_3_3894_MADDE_121; 1_5_5271_MADDE_151; 1_5_1136_MADDE_38; 1_5_1136_MADDE_46; 1_5_6100_MADDE_161; 1_5_5271_MADDE_152; 1_5_5275_MADDE_59; 1_5_5271_MADDE_156; 1_5_6100_MADDE_355,CEZA MUHAKEMESİ KANUNU m.153 | DENİZDE ZABT VE MÜSADERE KANUNU m.121 | CEZA MUHAKEMESİ KANUNU m.151 | AVUKATLIK KANUNU m.38 | AVUKATLIK KANUNU m.46 | HUKUK MUHAKEMELERİ KANUNU m.161 | CEZA MUHAKEMESİ KANUNU m.152 | CEZA VE GÜVENLİK TEDBİRLERİNİN İNFAZI HAKKINDA KANUN m.59 | CEZA MUHAKEMESİ KANUNU m.156 | HUKUK MUHAKEMELERİ KANUNU m.355,0.186335403726708,0.1490683229813664,1.0,1.0,0.0,0.0,wrong_or_unsupported_citation
Q168,Medeni Hukuk,medium,Paylı mülkiyet ile elbirliği mülkiyeti arasındaki temel fark nedir?,Paylı mülkiyette paydaşların belirli payları vardır; elbirliği mülkiyetinde ise ortakların belirlenmiş payları olmayıp hakları bir bütün olarak malvarlığına yayılmıştır.,"1. Paylı mülkiyet, malın devri, topluluğun dağılması veya paylı mülkiyete geçilmesiyle sona erer. Elbirliği mülkiyetinde ortakların belirlenmiş payları olmayıp her birinin hakkı, ortaklığa giren malların tamamına yaygındır.
2. Paylı mülkiyet, elbirliği mülkiyetinin aksine, belirli bir malın paylaşılmasıyla sona erer.
3. Madde 703, TÜRK MEDENİ KANUNU'nda paylı mülkiyetin tanımını ve şartlarını açıklar.
4.  

**Not:** Paylı mülkiyet, elbirliği mülkiyetinin aksine, belirli bir malın paylaşılmasıyla sona erer.",1_5_4721_MADDE_688,1_5_4721_MADDE_703; 1_5_4721_MADDE_701; 1_5_4721_MADDE_644; 1_5_4721_MADDE_688; 1_5_4721_MADDE_376; 1_5_4721_MADDE_700; 1_5_4721_MADDE_857; 1_5_634_MADDE_3; 1_5_4721_MADDE_776; 1_5_4721_MADDE_698,TÜRK MEDENİ KANUNU m.703 | TÜRK MEDENİ KANUNU m.701 | TÜRK MEDENİ KANUNU m.644 | TÜRK MEDENİ KANUNU m.688 | TÜRK MEDENİ KANUNU m.376 | TÜRK MEDENİ KANUNU m.700 | TÜRK MEDENİ KANUNU m.857 | KAT MÜLKİYETİ KANUNU m.3 | TÜRK MEDENİ KANUNU m.776 | TÜRK MEDENİ KANUNU m.698,0.2142857142857143,0.1904761904761904,1.0,1.0,0.0,0.0,wrong_or_unsupported_citation
Q156,Ceza Muhakemesi Hukuku,medium,Eski hâle getirme istemi hangi süre içinde yapılmalıdır?,"Eski hâle getirme dilekçesi, engelin kalkmasından itibaren iki hafta içinde verilmelidir.","1. Eski hâle getirme istemi, işlemin süresince yapılamaz.
2.  Bu, HUKUK MUHAKEMELERİ KANUNU m.96'da belirtilen ""Eski hâle getirme, işlemin süresinde yapılamamasına sebep olan engelin ortadan kalkmasından itibaren iki hafta içinde talep edilmelidir."" ifadesinden kaynaklanmaktadır.
3.  HUKUK MUHAKEMELERİ KANUNU m.96, eski hâle getirme isteminin iki hafta içinde talep edilmesi gerektiğini belirtiyor.
4.  Not: Bu cevap, verilen mevzuat bağlamına dayanarak verilen cevap.",1_5_5271_MADDE_41,1_5_6100_MADDE_96; 1_5_5271_MADDE_41; 1_5_6100_MADDE_97; 1_3_3894_MADDE_116; 1_5_6100_MADDE_95; 1_5_5271_MADDE_40; 1_5_5271_MADDE_198; 1_5_6100_MADDE_98; 1_3_2004_MADDE_33; 1_5_5271_MADDE_42,HUKUK MUHAKEMELERİ KANUNU m.96 | CEZA MUHAKEMESİ KANUNU m.41 | HUKUK MUHAKEMELERİ KANUNU m.97 | DENİZDE ZABT VE MÜSADERE KANUNU m.116 | HUKUK MUHAKEMELERİ KANUNU m.95 | CEZA MUHAKEMESİ KANUNU m.40 | CEZA MUHAKEMESİ KANUNU m.198 | HUKUK MUHAKEMELERİ KANUNU m.98 | İCRA VE İFLAS KANUNU m.33 | CEZA MUHAKEMESİ KANUNU m.42,0.2564102564102564,0.2564102564102564,1.0,1.0,0.0,0.0,wrong_or_unsupported_citation
Q008,Anayasa Hukuku,easy,Anayasa Mahkemesi üyelerinin görev süresi kaç yıldır ve bir kişi kaç kez seçilebilir?,Anayasa Mahkemesi üyeleri on iki yıl için seçilir ve bir kimse ikinci kez seçilemez. Üyeler altmış beş yaşını doldurunca emekliye ayrılır.,"1. Anayasa Mahkemesi üyeleri oniki yıl için seçilirler. Bir kimse iki defa Anayasa Mahkemesi üyesi seçilemez.
2. Bu cevap, Anayasa Mahkemesi üyelerinin görev süresi ve seçme şartları hakkında bilgi verir.
3. Madde 147, Anayasa Mahkemesi üyelerinin görev süresi ve seçme şartları hakkında bilgi verir.
4.  

**Not:** Bu cevap, verilen mevzuat bağlamına dayanarak verilen sorunun cevabını vermektedir.",1_5_2709_MADDE_147,1_5_2709_MADDE_147; 1_5_2709_MADDE_146; 1_5_6216_MADDE_10; 1_5_6216_MADDE_2; 1_5_6216_MADDE_7; 1_5_2797_MADDE_29; 1_5_6216_MADDE_9; 1_5_2709_MADDE_101; 1_5_6216_MADDE_12; 1_5_2709_GEÇİCİ_MADDE_21,TÜRKİYE CUMHURİYETİ ANAYASASI m.147 | TÜRKİYE CUMHURİYETİ ANAYASASI m.146 | ANAYASA MAHKEMESİNİN KURULUŞU VE YARGILAMA USULLERİ HAKKINDA KANUN m.10 | ANAYASA MAHKEMESİNİN KURULUŞU VE YARGILAMA USULLERİ HAKKINDA KANUN m.2 | ANAYASA MAHKEMESİNİN KURULUŞU VE YARGILAMA USULLERİ HAKKINDA KANUN m.7 | YARGITAY KANUNU m.29 | ANAYASA MAHKEMESİNİN KURULUŞU VE YARGILAMA USULLERİ HAKKINDA KANUN m.9 | TÜRKİYE CUMHURİYETİ ANAYASASI m.101 | ANAYASA MAHKEMESİNİN KURULUŞU VE YARGILAMA USULLERİ HAKKINDA KANUN m.12 | TÜRKİYE CUMHURİYETİ ANAYASASI geçici m.21,0.2597402597402597,0.2077922077922077,1.0,1.0,0.0,0.0,wrong_or_unsupported_citation
Q092,Medeni Hukuk,medium,Uzun zamandan beri haber alınamayan kişi hakkında gaiplik için ne kadar süre gerekir?,"Kendisinden uzun zamandan beri haber alınamayan kişi hakkında, son haber tarihinden başlayarak en az beş yıl geçmişse gaiplik istenebilir.","1. Uzun zamandan beri haber alınamayan kişi hakkında gaiplik için en az bir yıl veya son haber tarihinin üzerinden en az beş yıl geçmiş olması gerekir. 
2. Bu, Türk Medeni Kanununun 33. maddesinin 1. fıkrasının 4. maddesini içermektedir.
3. Madde 33, Türk Medeni Kanunu'nun 33. maddesinin 1. fıkrasının 4. maddesini içermektedir.
4. Not: Bu cevap, verilen mevzuat bağlamına dayanmaktadır.",1_5_4721_MADDE_32,1_5_4721_MADDE_33; 1_5_4721_MADDE_584; 1_5_4721_MADDE_34; 1_5_4721_MADDE_131; 1_5_5271_MADDE_244; 1_5_3628_MADDE_20; 1_5_5271_MADDE_91; 1_5_4721_MADDE_32; 1_5_5275_MADDE_19; 1_3_1593_MADDE_58,"TÜRK MEDENİ KANUNU m.33 | TÜRK MEDENİ KANUNU m.584 | TÜRK MEDENİ KANUNU m.34 | TÜRK MEDENİ KANUNU m.131 | CEZA MUHAKEMESİ KANUNU m.244 | MAL BİLDİRİMİNDE BULUNULMASI, RÜŞVET VE YOLSUZLUKLARLA MÜCADELE KANUNU m.20 | CEZA MUHAKEMESİ KANUNU m.91 | TÜRK MEDENİ KANUNU m.32 | CEZA VE GÜVENLİK TEDBİRLERİNİN İNFAZI HAKKINDA KANUN m.19 | UMUMİ HIFZISSIHHA KANUNU m.58",0.3544303797468354,0.3291139240506329,1.0,1.0,0.0,0.0,wrong_or_unsupported_citation
Q143,Ceza Hukuku,medium,Haksız tahrik hâlinde cezada ne tür bir sonuç doğar?,Haksız bir fiilin meydana getirdiği hiddet veya şiddetli elemin etkisi altında suç işleyen kişinin cezasında indirim yapılır.,"1. Haksız tahrik hâlinde cezada sonuç, ceza miktarı ile ilgili olarak, ceza miktarı, ceza miktarının, ceza miktarının, ceza miktarının, ceza miktarının, ceza miktarının, ceza miktarının, ceza miktarının, ceza miktarının, ceza miktarının, ceza miktarının, ceza miktarının, ceza miktarının, ceza miktarının, ceza miktarının, ceza miktarının, ceza miktarının, ceza miktarının, ceza miktarının, ceza miktarının, ceza miktarının, ceza miktarının, ceza miktarının, ceza miktarının, ceza miktarının, ceza miktarının, ceza miktarının, ceza miktarının, ceza miktarının, ceza miktarının, ceza miktarının, ceza miktarının, ceza miktarının, ceza miktarının, ceza miktarının, ceza miktarının, ceza miktarının, ceza miktarının, ceza miktarının, ceza miktarının, ceza miktarının, ceza miktarının, ceza miktarının, ceza miktarının, ceza miktarının, ceza miktarının, ceza miktarının, ceza miktarının, ceza miktarının, ceza miktarının, ceza miktarının, ceza miktarının, ceza miktarının, ceza miktarının, ceza miktarının, ceza miktarının, ceza miktarının, ceza miktarının, ceza miktarının, ceza miktarının, ceza",1_5_5237_MADDE_29,1_5_5237_MADDE_28; 1_5_5237_MADDE_214; 1_5_5237_MADDE_313; 1_5_5237_MADDE_216; 1_3_1632_MADDE_94; 1_5_5237_MADDE_22; 1_5_5237_MADDE_29; 1_5_5237_MADDE_182; 1_5_6222_MADDE_11; 1_5_5237_MADDE_107,TÜRK CEZA KANUNU m.28 | TÜRK CEZA KANUNU m.214 | TÜRK CEZA KANUNU m.313 | TÜRK CEZA KANUNU m.216 | ASKERİ CEZA KANUNU m.94 | TÜRK CEZA KANUNU m.22 | TÜRK CEZA KANUNU m.29 | TÜRK CEZA KANUNU m.182 | SPORDA ŞİDDET VE DÜZENSİZLİĞİN ÖNLENMESİNE DAİR KANUN m.11 | TÜRK CEZA KANUNU m.107,0.0133333333333333,0.0133333333333333,1.0,0.0,0.0,0.0,missing_citation
Q054,Anayasa Hukuku,medium,Usulüne göre yürürlüğe konulmuş temel hak ve özgürlüklere ilişkin milletlerarası antlaşmalar ile kanunlar çatışırsa hangisi uygulanır?,Temel hak ve özgürlüklere ilişkin milletlerarası antlaşma hükümleri ile kanunların aynı konuda farklı hükümler içermesi hâlinde milletlerarası antlaşma hükümleri esas alınır.,"1. Kanunlar, milletlerarası anlaşmalar ile uygulanır.
2.  
3.  
4.  

**Explanation:**

The provided text focuses on the application of international law and Turkish law in the context of international treaties and domestic legislation. 

**Explanation of the answer:**

1. **International Law:** The text states that international law, including treaties, is the primary source of law in this context. 
2. **Turkish Law:**  The text also mentions that Turkish law, specifically the Constitution, is the primary source of domestic law.
3. **Conflict Resolution:** The text indicates that in cases of conflict between international and domestic law, international law takes precedence. 
4. **Limitations:** The answer does not provide specific limitations or exceptions to the application of international law. 


**Additional Notes:**

* The text does not explicitly mention the specific international treaties or agreements that would be relevant to this question. 
* The answer is based on the provided legal sources and does not provide legal advice. 
* It is important to note that international law can be complex and subject to interpretation.",1_5_2709_MADDE_90,1_5_2709_MADDE_90; 1_5_4501_MADDE_6; 1_5_5718_MADDE_4; 1_5_5718_MADDE_32; 1_5_5718_MADDE_31; 1_5_5718_MADDE_7; 1_5_6325_MADDE_1; 1_5_5718_MADDE_8; 1_5_5718_MADDE_35; 1_5_2709_MADDE_13,TÜRKİYE CUMHURİYETİ ANAYASASI m.90 | KAMU HİZMETLERİ İLE İLGİLİ İMTİYAZ ŞARTLAŞMA VE SÖZLEŞMELERİNDEN DOĞAN UYUŞMAZLIKLARDA TAHKİM YOLUNA BAŞVURULMASI HALİNDE UYULMASI GEREKEN İLKELERE DAİR KANUN m.6 | MİLLETLERARASI ÖZEL HUKUK VE USUL HUKUKU HAKKINDA KANUN m.4 | MİLLETLERARASI ÖZEL HUKUK VE USUL HUKUKU HAKKINDA KANUN m.32 | MİLLETLERARASI ÖZEL HUKUK VE USUL HUKUKU HAKKINDA KANUN m.31 | MİLLETLERARASI ÖZEL HUKUK VE USUL HUKUKU HAKKINDA KANUN m.7 | HUKUK UYUŞMAZLIKLARINDA ARABULUCULUK KANUNU m.1 | MİLLETLERARASI ÖZEL HUKUK VE USUL HUKUKU HAKKINDA KANUN m.8 | MİLLETLERARASI ÖZEL HUKUK VE USUL HUKUKU HAKKINDA KANUN m.35 | TÜRKİYE CUMHURİYETİ ANAYASASI m.13,0.021505376344086,0.021505376344086,1.0,0.0,0.0,0.0,missing_citation
Q169,Medeni Hukuk,medium,Mirasçılıktan yoksunluk hangi hâllerde doğar?,Mirasbırakana veya yakınlarına karşı ağır suç işleyen ya da mirasbırakanın son arzularını engelleyen kişiler kanunda sayılan hâllerde mirasçılıktan yoksun olur.,"1. Mirasçılıktan yoksunluk, mirasbırakanın mirasçılara devredilmiş malvarlığının tamamını devretmemiş olması durumunda, mirasçılara miras sözleşmesiyle devredilmiş malvarlığının tamamını devretmemiş olması durumunda, mirasçılara miras sözleşmesiyle devredilmiş malvarlığının tamamını devretmemiş olması durumunda, mirasçılara miras sözleşmesiyle devredilmiş malvarlığının tamamını devretmemiş olması durumunda, mirasçılara miras sözleşmesiyle devredilmiş malvarlığının tamamını devretmemiş olması durumunda, mirasçılara miras sözleşmesiyle devredilmiş malvarlığının tamamını devretmemiş olması durumunda, mirasçılara miras sözleşmesiyle devredilmiş malvarlığının tamamını devretmemiş olması durumunda, mirasçılara miras sözleşmesiyle devredilmiş malvarlığının tamamını devretmemiş olması durumunda, mirasçılara miras sözleşmesiyle devredilmiş malvarlığının tamamını devretmemiş olması durumunda, mirasçılara miras sözleşmesiyle devredilmiş malvarlığının tamamını devretmemiş olması durumunda, mirasçılara miras sözleşmesiyle devredilmiş malvarlığının tamamını devretmemiş olması durumunda, mirasçılara miras sözleşmesiyle devredilmiş malvarlığının tamamını devretmemiş olması durumunda, mirasçılara miras sözleşmesiyle devredilmiş malvarlığının tamamını devretmemiş olması durumunda, mirasçılara miras sözleşmesiyle devredilmiş malvarlığının tamamını dev",1_5_4721_MADDE_578,1_5_4721_MADDE_579; 1_5_4721_MADDE_577; 1_5_4721_MADDE_513; 1_5_4721_MADDE_578; 1_5_4721_MADDE_511; 1_5_4721_MADDE_512; 1_5_4721_MADDE_586; 1_5_4721_MADDE_501; 1_5_4721_MADDE_670; 1_5_4721_MADDE_572,TÜRK MEDENİ KANUNU m.579 | TÜRK MEDENİ KANUNU m.577 | TÜRK MEDENİ KANUNU m.513 | TÜRK MEDENİ KANUNU m.578 | TÜRK MEDENİ KANUNU m.511 | TÜRK MEDENİ KANUNU m.512 | TÜRK MEDENİ KANUNU m.586 | TÜRK MEDENİ KANUNU m.501 | TÜRK MEDENİ KANUNU m.670 | TÜRK MEDENİ KANUNU m.572,0.0272108843537414,0.0136054421768707,1.0,0.0,0.0,0.0,missing_citation
Q167,Medeni Hukuk,easy,Aile konutu şerhinin temel amacı nedir?,Aile konutu üzerindeki tasarrufların diğer eşin rızası olmaksızın yapılmasını önleyerek aileyi korumaktır.,"1. Aile konutu şerhin temel amacı, aile konutunun korunması ve bu konutun hak sahiplerinin güvenliğini sağlamaktır.
2. Bu cevap, verilen mevzuat bağlamında verilmiştir.
3. AİLENİN KORUNMASI VE KADINA KARŞI ŞİDDETİN ÖNLENMESİNE DAİR KANUN, AİLE HEKİMLİĞİ KANUNU, KAMU KONUTLARI KANUNU, TÜRK MEDENİ KANUNU, AİLE MAHKEMELERİNİN KURULUŞ, GÖREV VE YARGILAMA USULLERİNE DAİR KANUN, AİLE VE GENÇLİK FONU KURULMASI HAKKINDA KANUN, TERÖRÜN SONA ERDİRİLMESİ VE TOPLUMSAL BÜTÜNLEŞMENİN GÜÇLENDİRİLMESİNE DAİR KANUN
4. Not / sınırlılık: Verilen mevzuat, Aile Konutu Şerhinin temel amacını açıkça belirtiyor.",1_5_4721_MADDE_194,1_5_6284_MADDE_1; 1_5_2982_MADDE_1; 1_5_5258_MADDE_1; 1_5_2946_MADDE_1; 1_5_4721_MADDE_194; 1_5_4787_MADDE_1; 1_5_2709_MADDE_41; 1_5_7474_MADDE_1; 1_5_6551_MADDE_1; 1_5_5543_GEÇİCİ_MADDE_1,"AİLENİN KORUNMASI VE KADINA KARŞI ŞİDDETİN ÖNLENMESİNE DAİR KANUN m.1 | KONUT İNŞAATINDA VE KALKINMADA ÖNCELİKLİ YÖRELERDE YAPILACAK YATIRIMLARDA VERGİ, RESİM VE HARÇ İSTİSNA VE MUAFLIKLARI TANINMASI HAKKINDA KANUN m.1 | AİLE HEKİMLİĞİ KANUNU m.1 | KAMU KONUTLARI KANUNU m.1 | TÜRK MEDENİ KANUNU m.194 | AİLE MAHKEMELERİNİN KURULUŞ, GÖREV VE YARGILAMA USULLERİNE DAİR KANUN m.1 | TÜRKİYE CUMHURİYETİ ANAYASASI m.41 | AİLE VE GENÇLİK FONU KURULMASI HAKKINDA KANUN m.1 | TERÖRÜN SONA ERDİRİLMESİ VE TOPLUMSAL BÜTÜNLEŞMENİN GÜÇLENDİRİLMESİNE DAİR KANUN m.1 | İSKÂN KANUNU geçici m.1",0.0350877192982456,0.0350877192982456,1.0,0.0,0.0,0.0,missing_citation
Q160,Ceza Muhakemesi Hukuku,medium,Uzlaştırma kapsamındaki bir suçta soruşturma aşamasında kural olarak ne yapılır?,"Soruşturma konusu suç uzlaştırma kapsamında ise, yeterli şüphe oluştuğunda kamu davası açılmadan önce uzlaştırma usulü uygulanır.","1. Uzlaştırma kapsamındaki bir suçta soruşturma aşamasında kural olarak ne yapılır?
2. Soruşturma aşamasında kural olarak ne yapılır?
3. Uzlaştırma kapsamındaki bir suçta soruşturma aşamasında kural olarak ne yapılır?
4. Soruşturma aşamasında kural olarak ne yapılır?

**Cevap:**

1. **Uzlaştırma kapsamındaki bir suçta soruşturma aşamasında kural olarak, şüpheli ile mağdur veya suçtan zarar gören gerçek veya özel hukuk tüzel kişisinin uzlaştırılması girişiminde bulunulur.** 

2. **Soruşturma aşamasında kural olarak, şüpheli ile mağdur veya suçtan zarar gören gerçek veya özel hukuk tüzel kişisinin uzlaştırılması girişiminde bulunulur.**

3. **Soruşturma aşamasında kural olarak, şüpheli ile mağdur veya suçtan zarar gören gerçek veya özel hukuk tüzel kişisinin uzlaştırılması girişiminde bulunulur.**

4. **Soruşturma aşamasında kural olarak, şüpheli ile mağdur veya suçtan zarar gören gerçek veya özel hukuk tüzel kişisinin uzlaştırılması girişiminde bulunulur.**


**Not:** 
* Soru ve cevaplar, verilen mevzuat bağlamına dayanarak verilmiştir.
* Bu cevap, sadece verilen mevzuat ve bilgileri kullanarak verilmiştir.
* Bu cevap, hukuki tavsiye veya danışmanlık olarak kabul edilmemelidir.",1_5_5271_MADDE_253,1_5_5271_MADDE_253; 1_5_5271_MADDE_254; 1_5_4054_MADDE_43; 1_5_4458_MADDE_244; 1_5_5271_MADDE_250; 1_5_6706_MADDE_24; 1_5_2942_MADDE_10; 1_5_6706_MADDE_23; 1_4_213_MADDE_1; 1_5_5271_MADDE_135,CEZA MUHAKEMESİ KANUNU m.253 | CEZA MUHAKEMESİ KANUNU m.254 | REKABETİN KORUNMASI HAKKINDA KANUN m.43 | GÜMRÜK KANUNU m.244 | CEZA MUHAKEMESİ KANUNU m.250 | CEZAÎ KONULARDA ULUSLARARASI ADLÎ İŞ BİRLİĞİ KANUNU m.24 | KAMULAŞTIRMA KANUNU m.10 | CEZAÎ KONULARDA ULUSLARARASI ADLÎ İŞ BİRLİĞİ KANUNU m.23 | VERGİ USUL KANUNU m.1 | CEZA MUHAKEMESİ KANUNU m.135,0.0357142857142857,0.0357142857142857,1.0,0.0,0.0,0.0,missing_citation
Q102,Ticaret Hukuku,medium,Bir işletmenin ticari işletme sayılabilmesi için hangi temel ölçüt aranır?,"Ticari işletme, esnaf işletmesi için öngörülen sınırı aşan düzeyde gelir sağlamayı hedef tutan faaliyetlerin devamlı ve bağımsız şekilde yürütüldüğü işletmedir.","1. Bir işletmenin ticari işletme sayılabilmesi için, **Ticari işletme sayılabilmesi için, ticari işletme sayılabilmesi için, ticari işletme sayılabilmesi için, ticari işletme sayılabilmesi için, ticari işletme sayılabilmesi için, ticari işletme sayılabilmesi için, ticari işletme sayılabilmesi için, ticari işletme sayılabilmesi için, ticari işletme sayılabilmesi için, ticari işletme sayılabilmesi için, ticari işletme sayılabilmesi için, ticari işletme sayılabilmesi için, ticari işletme sayılabilmesi için, ticari işletme sayılabilmesi için, ticari işletme sayılabilmesi için, ticari işletme sayılabilmesi için, ticari işletme sayılabilmesi için, ticari işletme sayılabilmesi için, ticari işletme sayılabilmesi için, ticari işletme sayılabilmesi için, ticari işletme sayılabilmesi için, ticari işletme sayılabilmesi için, ticari işletme sayılabilmesi için, ticari işletme sayılabilmesi için, ticari işletme sayılabilmesi için, ticari işletme sayılabilmesi için, ticari işletme sayılabilmesi için, ticari işletme sayılabilmesi için, ticari işletme sayılabilmesi için, ticari işletme sayılabilmesi için, ticari işletme sayılabilmesi için, ticari işletme sayılabilmesi için, ticari işletme sayılabilmesi için, ticari iş",1_5_6102_MADDE_11,1_5_6102_MADDE_11; 1_5_6102_MADDE_1523; 1_5_6102_MADDE_3; 1_5_6102_MADDE_1522; 1_4_193_MADDE_39; 1_5_6102_MADDE_332; 1_5_6102_MADDE_356; 1_4_193_MADDE_38; 1_5_6102_MADDE_87; 1_5_6585_MADDE_3,TÜRK TİCARET KANUNU m.11 | TÜRK TİCARET KANUNU m.1523 | TÜRK TİCARET KANUNU m.3 | TÜRK TİCARET KANUNU m.1522 | GELİR VERGİSİ KANUNU m.39 | TÜRK TİCARET KANUNU m.332 | TÜRK TİCARET KANUNU m.356 | GELİR VERGİSİ KANUNU m.38 | TÜRK TİCARET KANUNU m.87 | PERAKENDE TİCARETİN DÜZENLENMESİ HAKKINDA KANUN m.3,0.0372670807453416,0.0372670807453416,1.0,0.0,0.0,0.0,missing_citation
Q146,Ceza Hukuku,easy,İştirak hâlinde azmettirme neyi ifade eder?,"Azmettirme, belli bir suçu işleme kararı bulunmayan kişide suç işleme kararını oluşturmaktır.","1. İştirak hâlinde azmettirme neyi ifade eder?

2. Bu soruya verilen mevzuat bağlamında cevap verilebilir mi?

3. Verilen mevzuat, İştirak hâlinde azmettirme neyi ifade eder?

4. Not / sınırlılık


**Cevap:**
1. İştirak hâlinde azmettirme, bir kişi veya kuruluşun, başka birinin suç işlemesini azmettirmesi anlamına gelir. Bu, suçun cezası ile cezalandırılmasını ifade eder.

2. Bu soruya verilen mevzuat bağlamında cevap verilebilir.

3. Verilen mevzuat, İştirak hâlinde azmettirme neyi ifade eder?

4. Not / sınırlılık

**Cevap:**
İştirak hâlinde azmettirme, bir kişi veya kuruluşun, başka birinin suç işlemesini azmettirmesi anlamına gelir. Bu, suçun cezası ile cezalandırılmasını ifade eder.


**Not:** Verilen mevzuat, İştirak hâlinde azmettirme neyi ifade eder? sorusuna verilen cevap, mevzuatın tam olarak neyi ifade ettiğini açıklamak için yeterli değildir.",1_5_5237_MADDE_38,1_5_5237_MADDE_38; 1_5_6701_MADDE_2; 1_4_213_MADDE_328; 1_5_4046_MADDE_2; 1_5_4721_MADDE_995; 1_4_213_MADDE_329; 1_5_5237_MADDE_84; 1_5_4721_MADDE_977; 1_4_213_MADDE_288; 1_5_5237_MADDE_37,TÜRK CEZA KANUNU m.38 | TÜRKİYE İNSAN HAKLARI VE EŞİTLİK KURUMU KANUNU m.2 | VERGİ USUL KANUNU m.328 | ÖZELLEŞTİRME UYGULAMALARI HAKKINDA KANUN m.2 | TÜRK MEDENİ KANUNU m.995 | VERGİ USUL KANUNU m.329 | TÜRK CEZA KANUNU m.84 | TÜRK MEDENİ KANUNU m.977 | VERGİ USUL KANUNU m.288 | TÜRK CEZA KANUNU m.37,0.0431654676258992,0.0431654676258992,1.0,0.0,0.0,0.0,missing_citation
Q063,Borçlar Hukuku,medium,Borçlunun temerrüde düşmesi için ihtar hangi durumda aranır?,"Borcun muaccel olması gerekir; ifa zamanı taraflarca belirlenmemişse veya belirlenebilir değilse, borçlu alacaklının ihtarıyla temerrüde düşer.","1. Borçlunun temerrüde düşmesi için ihtar, alacaklı tarafından ihtar edilmesi gerekmektedir.
2.  
3.  
4.  

**Not:** Bu cevap, verilen mevzuat bağlamına dayanarak verilen sorunun cevabını vermektedir.",1_5_6098_MADDE_117,1_5_6098_MADDE_117; 1_5_6098_MADDE_125; 1_3_2004_MADDE_177; 1_5_6098_MADDE_123; 1_3_2004_MADDE_318; 1_5_6502_MADDE_19; 1_3_2004_MADDE_36; 1_3_2004_MADDE_68; 1_3_2004_MADDE_72; 1_3_2004_MADDE_89,TÜRK BORÇLAR KANUNU m.117 | TÜRK BORÇLAR KANUNU m.125 | İCRA VE İFLAS KANUNU m.177 | TÜRK BORÇLAR KANUNU m.123 | İCRA VE İFLAS KANUNU m.318 | TÜKETİCİNİN KORUNMASI HAKKINDA KANUN m.19 | İCRA VE İFLAS KANUNU m.36 | İCRA VE İFLAS KANUNU m.68 | İCRA VE İFLAS KANUNU m.72 | İCRA VE İFLAS KANUNU m.89,0.048780487804878,0.048780487804878,1.0,0.0,0.0,0.0,missing_citation
Q158,Ceza Muhakemesi Hukuku,medium,Sanığın hazır bulunmadığı durumda duruşmaya devam edilebilmesi hangi koşullara bağlıdır?,Sanığın sorgusu yapılmışsa ve mahkemece hazır bulunması zorunlu görülmüyorsa belirli koşullarda yokluğunda duruşmaya devam edilebilir.,"1. Sanığın hazır bulunmadığı duruşmada, mahkeme, duruşmaya devam edebilir.
2. Sanığın hazır bulunmaması, mahkeme tarafından duruşmaya devam edilebilmesi için, mahkeme, duruşmaya devam edebilmesi için, mahkeme, duruşmaya devam edebilmesi için, mahkeme, duruşmaya devam edebilmesi için, mahkeme, duruşmaya devam edebilmesi için, mahkeme, duruşmaya devam edebilmesi için, mahkeme, duruşmaya devam edebilmesi için, mahkeme, duruşmaya devam edebilmesi için, mahkeme, duruşmaya devam edebilmesi için, mahkeme, duruşmaya devam edebilmesi için, mahkeme, duruşmaya devam edebilmesi için, mahkeme, duruşmaya devam edebilmesi için, mahkeme, duruşmaya devam edebilmesi için, mahkeme, duruşmaya devam edebilmesi için, mahkeme, duruşmaya devam edebilmesi için, mahkeme, duruşmaya devam edebilmesi için, mahkeme, duruşmaya devam edebilmesi için, mahkeme, duruşmaya devam edebilmesi için, mahkeme, duruşmaya devam edebilmesi için, mahkeme, duruşmaya devam edebilmesi için, mahkeme, duruşmaya devam edebilmesi için, mahkeme, duruşmaya devam edebilmesi için, mahkeme, duruşmaya devam edebilmesi için, mahkeme, duruşmaya devam edebilmesi için, mahkeme, duruşmaya devam edebilmesi için, mahkeme, duruşmaya devam edebilmesi için, mahkeme, duruşmaya devam edebilmesi için,",1_5_5271_MADDE_193,1_5_5271_MADDE_197; 1_5_5271_MADDE_194; 1_5_5271_MADDE_188; 1_5_5271_MADDE_204; 1_5_5271_MADDE_195; 1_5_5271_MADDE_193; 1_5_5271_MADDE_191; 1_5_5271_MADDE_198; 1_5_6100_MADDE_147; 1_5_6100_MADDE_430,CEZA MUHAKEMESİ KANUNU m.197 | CEZA MUHAKEMESİ KANUNU m.194 | CEZA MUHAKEMESİ KANUNU m.188 | CEZA MUHAKEMESİ KANUNU m.204 | CEZA MUHAKEMESİ KANUNU m.195 | CEZA MUHAKEMESİ KANUNU m.193 | CEZA MUHAKEMESİ KANUNU m.191 | CEZA MUHAKEMESİ KANUNU m.198 | HUKUK MUHAKEMELERİ KANUNU m.147 | HUKUK MUHAKEMELERİ KANUNU m.430,0.048780487804878,0.048780487804878,1.0,0.0,0.0,0.0,missing_citation
Q040,Ticaret Hukuku,medium,Tacir olmanın temel sonuçları (hükümleri) nelerdir?,"Tacir; her türlü borcu için iflasa tabi olur, ticaret unvanı seçip kullanmak, ticari işletmesini tescil ettirmek ve gerekli ticari defterleri tutmakla yükümlüdür. Ayrıca tüm ticari faaliyetlerinde basiretli bir iş adamı gibi davranmak zorundadır.","1. Tacir olmanın temel sonuçları, iflasa sebebiyet vererek hapis cezası ile cezalandırılmasıdır. 
2. Bu sonuçlar, TÜRK CEZA KANUNU'nun 162. maddesini kapsar.
3. Bu sonuçlar, TÜRK CEZA KANUNU'nun 162. maddesinin açıklamasında yer almaktadır.
4. Not: Bu cevap, verilen mevzuat bağlamına dayanmaktadır.",1_5_6102_MADDE_18,1_5_5237_MADDE_162; 1_5_6102_MADDE_18; 1_5_6102_MADDE_17; 1_5_6102_MADDE_68; 1_5_6102_MADDE_11; 1_5_5237_MADDE_80; 1_5_6102_MADDE_22; 1_5_5237_MADDE_22; 0_1_21_MADDE_9; 1_5_6102_MADDE_13,TÜRK CEZA KANUNU m.162 | TÜRK TİCARET KANUNU m.18 | TÜRK TİCARET KANUNU m.17 | TÜRK TİCARET KANUNU m.68 | TÜRK TİCARET KANUNU m.11 | TÜRK CEZA KANUNU m.80 | TÜRK TİCARET KANUNU m.22 | TÜRK CEZA KANUNU m.22 | TESEÜLÜN MENİNE DAİR NİZAMNAME m.9 | TÜRK TİCARET KANUNU m.13,0.0533333333333333,0.0533333333333333,1.0,0.0,0.0,0.0,missing_citation
Q042,Ticaret Hukuku,medium,"Sigorta hukukunda ""halefiyet"" ilkesi neyi ifade eder?","Sigortacı, sigorta tazminatını ödedikten sonra hukuken sigortalının yerine geçer ve zarar sorumlusuna karşı sigortalının sahip olduğu hakları ödediği miktar ölçüsünde kullanabilir. Halefiyetin doğumu için tazminatın fiilen ödenmiş olması gerekir.","1. Sigorta hukukunda ""halefiyet"" ilkesi, sigortacı, sigorta acenteliği yapmaktan yasaklananlar için sigorta acentesinin portföyü sayesinde önemli menfaatler elde ediyor ve hakkaniyet gerektiriyorsa, sigorta acentesi, sigorta şirketinden tazminat talep edebilir.
2. Sigortacı, sigorta acenteliği yapmaktan yasaklananlar için sigorta acentesinin portföyü sayesinde önemli menfaatler elde ediyor ve hakkaniyet gerektiriyorsa, sigorta acentesi, sigorta şirketinden tazminat talep edebilir.
3. Sigortacı, sigorta acenteliği yapmaktan yasaklananlar için sigorta acentesinin portföyü sayesinde önemli menfaatler elde ediyor ve hakkaniyet gerektiriyorsa, sigorta acentesi, sigorta şirketinden tazminat talep edebilir.
4. Sigorta acentesi, sigorta acenteliği yapmaktan yasaklananlar için sigorta acentesinin portföyü sayesinde önemli menfaatler elde ediyor ve hakkaniyet gerektiriyorsa, sigorta acentesi, sigorta şirketinden tazminat talep edebilir.


**Not:** Bu cevap, verilen mevzuat bağlamına dayanarak verilen sorunun cevabını vermektedir.",1_5_6102_MADDE_1472,1_5_2920_MADDE_79; 1_5_6102_MADDE_1472; 1_5_5684_MADDE_1; 1_5_5684_MADDE_23; 1_5_6102_MADDE_1481; 1_5_5363_MADDE_4; 1_5_2920_MADDE_78; 1_5_5684_MADDE_32; 1_5_6102_MADDE_1471; 1_5_5684_MADDE_9,TÜRK SİVİL HAVACILIK KANUNU m.79 | TÜRK TİCARET KANUNU m.1472 | SİGORTACILIK KANUNU m.1 | SİGORTACILIK KANUNU m.23 | TÜRK TİCARET KANUNU m.1481 | TARIM SİGORTALARI KANUNU m.4 | TÜRK SİVİL HAVACILIK KANUNU m.78 | SİGORTACILIK KANUNU m.32 | TÜRK TİCARET KANUNU m.1471 | SİGORTACILIK KANUNU m.9,0.0551724137931034,0.0551724137931034,1.0,0.0,0.0,0.0,missing_citation
Q095,Medeni Hukuk,medium,İyiniyetli zilyedin taşınırı kazanması hangi şartla korunur?,"Taşınırı iyiniyetle devralan kişi, devredenin tasarruf yetkisi bulunmasa bile kanunda öngörülen şartlar altında mülkiyeti kazanır.","1. İyiniyetli zilyetin taşınırı kazanması, iyiniyetli zilyetin taşınırı kazanması için şartlar ve açıklama bulunmamaktadır.
2.  İyiniyetli zilyetin taşınırı kazanması için şartlar ve açıklama bulunmamaktadır.
3.  İyiniyetli zilyetin taşınırı kazanması için dayanak maddeler bulunmamaktadır.
4.  Not / sınırlılık: Bu konuda hukuki tavsiye veremem.


**Not:** Bu cevap, verilen mevzuat bağlamına dayanarak verilen sorunun cevabını sunmaktadır.",1_5_4721_MADDE_988,1_5_4721_MADDE_989; 1_5_4721_MADDE_763; 1_5_4721_MADDE_990; 1_5_4721_MADDE_939; 1_5_4721_MADDE_988; 1_5_4721_MADDE_777; 1_5_4721_MADDE_991; 1_5_6750_MADDE_12; 1_5_4721_MADDE_986; 1_5_4721_MADDE_995,TÜRK MEDENİ KANUNU m.989 | TÜRK MEDENİ KANUNU m.763 | TÜRK MEDENİ KANUNU m.990 | TÜRK MEDENİ KANUNU m.939 | TÜRK MEDENİ KANUNU m.988 | TÜRK MEDENİ KANUNU m.777 | TÜRK MEDENİ KANUNU m.991 | TİCARİ İŞLEMLERDE TAŞINIR REHNİ KANUNU m.12 | TÜRK MEDENİ KANUNU m.986 | TÜRK MEDENİ KANUNU m.995,0.0571428571428571,0.0571428571428571,1.0,0.0,0.0,0.0,missing_citation
Q109,Ticaret Hukuku,hard,Limited şirket ile anonim şirket arasında sermaye yapısı bakımından temel fark nedir?,Anonim şirkette sermaye paylara bölünmüştür; limited şirkette esas sermaye paylarının devri ve ortaklık yapısı bakımından daha sıkı kurallar uygulanır.,"1. Anonim şirketler sermayesi belirli ve paylara bölünmüş olan, borçlarından dolayı yalnız malvarlığıyla sorumlu bulunan şirketlerdir. Limited şirketler ise sermayesi belirli ve paylara bölünmüş olan, borçlarından dolayı yalnız malvarlığıyla sorumlu olmayan şirketlerdir. 

2. Bu cevap, Türk Ticaret Kanunu'nun maddelerini temel alarak verilen sorunun cevabını verir.

3. Türk Ticaret Kanunu, anonim şirketlerin sermayesi belirli ve paylara bölünmüş, borçlarından dolayı yalnız malvarlığıyla sorumlu olan şirketler olduğunu belirtir. Limited şirketlerin ise sermayesi belirli ve paylara bölünmüş, borçlarından dolayı yalnız malvarlığıyla sorumlu olmayan şirketler olduğunu belirtir.

4. Not: Bu cevap, Türk Ticaret Kanunu'nun maddelerini temel alarak verilen sorunun cevabını verir.",1_5_6102_MADDE_329,1_5_6102_MADDE_329; 1_5_6102_MADDE_332; 1_5_6102_MADDE_585; 1_5_6102_MADDE_338; 1_5_6102_MADDE_573; 1_5_6362_MADDE_51; 1_5_6107_MADDE_1; 1_5_6102_MADDE_124; 1_5_7405_MADDE_16; 1_5_6361_MADDE_5,"TÜRK TİCARET KANUNU m.329 | TÜRK TİCARET KANUNU m.332 | TÜRK TİCARET KANUNU m.585 | TÜRK TİCARET KANUNU m.338 | TÜRK TİCARET KANUNU m.573 | SERMAYE PİYASASI KANUNU m.51 | İLLER BANKASI ANONİM ŞİRKETİ HAKKINDA KANUN m.1 | TÜRK TİCARET KANUNU m.124 | SPOR KULÜPLERİ VE SPOR FEDERASYONLARI KANUNU m.16 | FİNANSAL KİRALAMA, FAKTORİNG, FİNANSMAN VE TASARRUF FİNANSMAN ŞİRKETLERİ KANUNU m.5",0.0683760683760683,0.0683760683760683,1.0,0.0,0.0,0.0,missing_citation
Q053,Anayasa Hukuku,medium,Milletlerarası antlaşmaların Anayasa'ya aykırılığı iddiasıyla iptal davası açılabilir mi?,Usulüne göre yürürlüğe konulmuş milletlerarası antlaşmalar hakkında Anayasa Mahkemesinde iptal davası açılamaz.,"1. Milletlerarası antlaşmaların Anayasa'ya aykırılığı iddiasıyla iptal davası açılabilir mi? 
2. Bu soruya cevap verebilmek için, Anayasa'nın hangi maddelerine aykırılık iddiası ile iptal davası açılabileceği ve hangi şartlar altında bu iddialar kabul edilebilir?
3. Bu iddiaların kabulü için hangi madde ve hükümlerden faydalanılır?
4. Bu iddiaların kabulü için hangi şartlar ve koşullar uygulanır?

**Cevap:**

1. **Hayır.** Milletlerarası antlaşmaların Anayasa'ya aykırılığı iddiasıyla iptal davası açılabilir mi? 
2. **Hayır.** Milletlerarası antlaşmaların Anayasa'ya aykırılığı iddiasıyla iptal davası açılamaz. 
3. **Anayasa'nın 150. maddesi** ile, Türkiye Cumhuriyeti adına yabancı devletlerle ve milletlerarası kuruluşlarla yapılacak andlaşmaların onaylanması, Türkiye Büyük Millet Meclisinin onaylamayı bir kanunla uygun bulmasına bağlıdır. Ekonomik, ticari veya teknik ilişkileri düzenleyen ve süresi bir yılı aşmayan andlaşmalar yayımlanarak yürürlüğe konabilir. Bu takdirde bu andlaşmalar yayımlanmadan başlayarak iki ay içinde Türkiye Büyük Millet Meclisinin bilgisine sunulur. 
4. **Anayasa'nın 150. maddesi** ile, Türkiye Cumhuriyeti adına yabancı devletlerle ve milletlerarası kuruluşlarla yapılacak andlaşmaların onaylanması, Türkiye Büyük Millet Mec",1_5_2709_MADDE_90,1_5_6216_MADDE_35; 1_5_6216_MADDE_38; 1_5_6216_MADDE_42; 1_5_2709_MADDE_150; 1_5_6216_MADDE_37; 1_5_2709_MADDE_90; 1_5_6216_MADDE_43; 1_5_4686_MADDE_15; 1_5_2709_MADDE_151; 1_5_6216_MADDE_36,ANAYASA MAHKEMESİNİN KURULUŞU VE YARGILAMA USULLERİ HAKKINDA KANUN m.35 | ANAYASA MAHKEMESİNİN KURULUŞU VE YARGILAMA USULLERİ HAKKINDA KANUN m.38 | ANAYASA MAHKEMESİNİN KURULUŞU VE YARGILAMA USULLERİ HAKKINDA KANUN m.42 | TÜRKİYE CUMHURİYETİ ANAYASASI m.150 | ANAYASA MAHKEMESİNİN KURULUŞU VE YARGILAMA USULLERİ HAKKINDA KANUN m.37 | TÜRKİYE CUMHURİYETİ ANAYASASI m.90 | ANAYASA MAHKEMESİNİN KURULUŞU VE YARGILAMA USULLERİ HAKKINDA KANUN m.43 | MİLLETLERARASI TAHKİM KANUNU m.15 | TÜRKİYE CUMHURİYETİ ANAYASASI m.151 | ANAYASA MAHKEMESİNİN KURULUŞU VE YARGILAMA USULLERİ HAKKINDA KANUN m.36,0.0710059171597633,0.0591715976331361,1.0,0.0,0.0,0.0,missing_citation
Q101,Ticaret Hukuku,medium,Tacir olmanın temel sonuçlarından biri olan basiretli iş adamı gibi davranma yükümlülüğü neyi ifade eder?,"Tacir, ticari faaliyetlerinde sıradan bir kişiden daha yüksek özen göstermeli ve öngörülebilir ticari riskleri dikkate almalıdır.","1. Tacir olmanın temel sonuçlarından biri olan basiretli iş adamı gibi davranma yükümlülüğü, ticari işletmelerin her türlü faaliyetlerinde basiretli bir iş adamı gibi hareket etmesi gerektiği anlamına gelir.
2. Bu yükümlülük, ticari işletmelerin her türlü faaliyetlerinde, ticari işletmelerin her türlü faaliyetlerinde basiretli bir iş adamı gibi hareket etmesi gerektiği anlamına gelir.
3. Bu yükümlülük, ticari işletmelerin her türlü faaliyetlerinde, ticari işletmelerin her türlü faaliyetlerinde basiretli bir iş adamı gibi hareket etmesi gerektiği anlamına gelir.
4. Bu yükümlülük, ticari işletmelerin her türlü faaliyetlerinde, ticari işletmelerin her türlü faaliyetlerinde basiretli bir iş adamı gibi hareket etmesi gerektiği anlamına gelir.


**Not:** Bu cevap, verilen mevzuat bağlamına dayanarak verilen sorunun cevabını vermektedir.",1_5_6102_MADDE_18,1_5_6102_MADDE_18; 1_5_6102_MADDE_13; 1_5_6102_MADDE_321; 1_5_6102_MADDE_11; 1_5_6102_MADDE_286; 1_5_6098_MADDE_417; 1_5_6102_MADDE_7; 1_5_6102_MADDE_19; 1_5_6102_MADDE_12; 1_5_6102_MADDE_14,TÜRK TİCARET KANUNU m.18 | TÜRK TİCARET KANUNU m.13 | TÜRK TİCARET KANUNU m.321 | TÜRK TİCARET KANUNU m.11 | TÜRK TİCARET KANUNU m.286 | TÜRK BORÇLAR KANUNU m.417 | TÜRK TİCARET KANUNU m.7 | TÜRK TİCARET KANUNU m.19 | TÜRK TİCARET KANUNU m.12 | TÜRK TİCARET KANUNU m.14,0.0806451612903225,0.0806451612903225,1.0,0.0,0.0,0.0,missing_citation
Q107,Ticaret Hukuku,medium,Ticaret unvanı kullanılırken hangi ilke gözetilmelidir?,"Ticaret unvanı taciri ve işletmeyi tanıtmalı, kanuna ve dürüstlük kuralına aykırı şekilde yanıltıcı olmamalıdır.","1. Ticaret unvanı, ticari dürüstlüğe aykırı biçimde bir başkası tarafından kullanılmamalıdır.
2. Ticaret unvanının kullanımı, Türk Ticaret Kanunu'nun 46. maddesinin gerektirdiği gibi, ticari dürüstlüğe aykırı biçimde bir başkası tarafından kullanılmamalıdır.
3. Türk Ticaret Kanunu'nun 46. maddesi, ticaret unvanının kullanımı için gerekli olan şartları belirtiyor.
4. Bu madde, ticari dürüstlüğe aykırı biçimde ticaret unvanının kullanılmaması gerektiğini belirtiyor.",1_5_6102_MADDE_39,1_5_6102_MADDE_46; 1_5_6102_MADDE_49; 1_5_6102_MADDE_44; 1_5_6102_MADDE_39; 1_5_6102_MADDE_48; 1_5_6102_MADDE_43; 1_5_6102_MADDE_52; 1_5_6102_MADDE_45; 1_5_6102_MADDE_42; 1_5_6102_MADDE_50,TÜRK TİCARET KANUNU m.46 | TÜRK TİCARET KANUNU m.49 | TÜRK TİCARET KANUNU m.44 | TÜRK TİCARET KANUNU m.39 | TÜRK TİCARET KANUNU m.48 | TÜRK TİCARET KANUNU m.43 | TÜRK TİCARET KANUNU m.52 | TÜRK TİCARET KANUNU m.45 | TÜRK TİCARET KANUNU m.42 | TÜRK TİCARET KANUNU m.50,0.0833333333333333,0.0833333333333333,1.0,0.0,0.0,0.0,missing_citation
Q097,Medeni Hukuk,hard,Mirasçılıktan çıkarma sebeplerinden aile hukukundan doğan yükümlülüklerin ağır ihlali neyi ifade eder?,"Mirasçının, mirasbırakana veya mirasbırakanın ailesi üyelerine karşı aile hukukundan doğan yükümlülüklerini önemli ölçüde yerine getirmemesi çıkarma sebebi olabilir.","1. Aile hukukundan doğan yükümlülüklerin ağır ihlali mirası, mirasçılıktan çıkarılanın doğmuş ve doğacak çocuklarına özgülemesi şartıyla, mirasbırakanın borç ödemeden aciz belgesi bulunan altsoyunu, saklı payının yarısı için mirası çıkarılabilir.
2. Aile hukukundan doğan yükümlülüklerin ağır ihlali mirası, mirasçılıktan çıkarılanın doğmuş ve doğacak çocuklarına özgülemesi şartıyla, mirasbırakanın borç ödemeden aciz belgesi bulunan altsoyunu, saklı payının yarısı için mirası çıkarılabilir.
3. Madde 513, 512, 510, 509, 641
4.  

**Not:** Bu cevap, verilen mevzuat bağlamına dayanarak verilen sorunun cevabını sunmaktadır.",1_5_4721_MADDE_510,1_5_4721_MADDE_513; 1_5_4721_MADDE_512; 1_5_4721_MADDE_510; 1_5_4721_MADDE_509; 1_5_4721_MADDE_641; 1_5_6100_MADDE_382; 1_5_6098_MADDE_77; 1_5_4721_MADDE_511; 1_5_4721_MADDE_497; 1_5_4721_MADDE_628,TÜRK MEDENİ KANUNU m.513 | TÜRK MEDENİ KANUNU m.512 | TÜRK MEDENİ KANUNU m.510 | TÜRK MEDENİ KANUNU m.509 | TÜRK MEDENİ KANUNU m.641 | HUKUK MUHAKEMELERİ KANUNU m.382 | TÜRK BORÇLAR KANUNU m.77 | TÜRK MEDENİ KANUNU m.511 | TÜRK MEDENİ KANUNU m.497 | TÜRK MEDENİ KANUNU m.628,0.0842105263157894,0.0842105263157894,1.0,0.0,0.0,0.0,missing_citation
Q060,Anayasa Hukuku,easy,Anayasa'ya göre devletin şekli nedir?,Türkiye Devleti bir Cumhuriyettir.,"1. Türkiye Cumhuriyeti, toplumun huzuru, milli dayanışma ve adalet anlayışı içinde, insan haklarına saygılı, Atatürk milliyetçiliğine bağlı, başlangıçta belirtilen temel ilkelere dayanan, demokratik, laik ve sosyal bir hukuk Devletidir. 
2. Bu cevap, Anayasa'nın 2. maddesinde belirtilen temel ilkelere dayanmaktadır.
3.  Anayasa'nın 2. maddesi, Türkiye Cumhuriyeti'nin temel ilkelere dayanan bir hukuk Devleti olduğunu belirtiyor.
4.  Bu cevap, Anayasa'nın 2. maddesini temel almaktadır.",1_5_2709_MADDE_1,1_5_2709_MADDE_2; 1_5_2709_MADDE_1; 1_5_2709_MADDE_123; 1_5_2709_MADDE_126; 1_5_2709_MADDE_104; 1_5_2709_MADDE_10; 1_5_2820_MADDE_78; 1_5_2709_MADDE_3; 1_5_2709_MADDE_65; 1_5_2709_MADDE_148,TÜRKİYE CUMHURİYETİ ANAYASASI m.2 | TÜRKİYE CUMHURİYETİ ANAYASASI m.1 | TÜRKİYE CUMHURİYETİ ANAYASASI m.123 | TÜRKİYE CUMHURİYETİ ANAYASASI m.126 | TÜRKİYE CUMHURİYETİ ANAYASASI m.104 | TÜRKİYE CUMHURİYETİ ANAYASASI m.10 | SİYASİ PARTİLER KANUNU m.78 | TÜRKİYE CUMHURİYETİ ANAYASASI m.3 | TÜRKİYE CUMHURİYETİ ANAYASASI m.65 | TÜRKİYE CUMHURİYETİ ANAYASASI m.148,0.0869565217391304,0.0579710144927536,1.0,0.0,1.0,0.0,missing_citation
Q099,Medeni Hukuk,medium,Aile yurdu kurulunca malik üzerindeki temel sınırlama nedir?,"Aile yurdu olarak özgülenen taşınmaz ve eklentileri üzerinde malik, kanunda öngörülen sınırlar dışında serbestçe tasarruf edemez; aileyi korumaya yönelik kayıtlar doğar.","1. Aile yurdu kurulunca malik üzerindeki temel sınırlama, taşınmazın aile yurdu hâline getirilmesi ve bu yurdu devrolunamaz, rehnedilemez ve kiraya verilemez.
2. Aile yurdu kurulunca malik üzerindeki temel sınırlama, taşınmazın aile yurdu hâline getirilmesi ve bu yurdu devrolunamaz, rehnedilemez ve kiraya verilemez.
3.  
4. 

**Not:** Aile yurdu kurulunca malik üzerindeki temel sınırlama, taşınmazın aile yurdu hâline getirilmesi ve bu yurdu devrolunamaz, rehnedilemez ve kiraya verilemez.",1_5_4721_MADDE_386,1_5_4721_MADDE_387; 1_5_4721_MADDE_389; 1_5_4721_MADDE_394; 1_5_4721_MADDE_386; 1_5_4721_MADDE_390; 1_5_4721_MADDE_393; 1_5_4342_MADDE_22; 1_5_4721_MADDE_372; 1_5_634_MADDE_42; 1_5_4721_MADDE_391,TÜRK MEDENİ KANUNU m.387 | TÜRK MEDENİ KANUNU m.389 | TÜRK MEDENİ KANUNU m.394 | TÜRK MEDENİ KANUNU m.386 | TÜRK MEDENİ KANUNU m.390 | TÜRK MEDENİ KANUNU m.393 | MERA KANUNU m.22 | TÜRK MEDENİ KANUNU m.372 | KAT MÜLKİYETİ KANUNU m.42 | TÜRK MEDENİ KANUNU m.391,0.0898876404494381,0.0898876404494381,1.0,0.0,0.0,0.0,missing_citation
Q138,Borçlar Hukuku,medium,Takas hangi şartlarda ileri sürülebilir?,"İki kişi karşılıklı olarak aynı cinsten muaccel alacaklara sahip ise, takas yasağı bulunmadıkça taraflardan her biri borcunu alacağıyla takas edebilir.","1. Takas, ancak borçlunun takas iradesini alacaklıya bildirmesiyle gerçekleşir.
2. Her iki borç, takas edilebilecekleri anda daha az olan borç tutarınca sona erer.
3. Takas, alacaklı ve borçlu arasında rızası ile gerçekleşir.
4.  


**Not:** Bu cevap, verilen mevzuat bağlamına dayanarak verilen sorunun cevabını sunmaktadır.",1_5_6098_MADDE_139,1_5_6098_MADDE_143; 1_5_6098_MADDE_139; 1_5_6098_MADDE_144; 1_3_2004_MADDE_200; 1_5_6102_MADDE_327; 1_5_6362_MADDE_78; 1_5_6098_MADDE_138; 1_5_6102_MADDE_242; 1_5_6098_MADDE_257; 1_5_6102_MADDE_1464,TÜRK BORÇLAR KANUNU m.143 | TÜRK BORÇLAR KANUNU m.139 | TÜRK BORÇLAR KANUNU m.144 | İCRA VE İFLAS KANUNU m.200 | TÜRK TİCARET KANUNU m.327 | SERMAYE PİYASASI KANUNU m.78 | TÜRK BORÇLAR KANUNU m.138 | TÜRK TİCARET KANUNU m.242 | TÜRK BORÇLAR KANUNU m.257 | TÜRK TİCARET KANUNU m.1464,0.0923076923076923,0.0923076923076923,1.0,0.0,0.0,0.0,missing_citation
Q106,Ticaret Hukuku,medium,Sigorta hukukunda halefiyet ilkesi neyi ifade eder?,"Sigortacı, sigorta tazminatını ödediği ölçüde sigortalının sorumlulara karşı sahip olduğu haklara halef olur.","1. Sigorta hukukunda halefiyet ilkesi, sigortacı, sigorta sözleşmesinden doğan alacakları ile takas edemez.
2. Sigortacı, sigorta tazminatını ödedikten sonra sigorta sözleşmesinden doğan alacakları ile takas edemez.
3.  [9], [10], [8], [7], [6], [5], [4], [3], [2], [1]
4.  Not: Sigortacı, sigorta tazminatını ödedikten sonra sigorta sözleşmesinden doğan alacakları ile takas edemez.",1_5_6102_MADDE_1472,1_5_2920_MADDE_79; 1_5_6102_MADDE_1472; 1_5_6102_MADDE_1471; 1_5_6102_MADDE_1481; 1_5_6098_MADDE_127; 1_5_2920_MADDE_82; 1_5_6102_MADDE_1344; 1_5_6102_MADDE_1480; 1_5_2920_MADDE_78; 1_5_2920_MADDE_81,TÜRK SİVİL HAVACILIK KANUNU m.79 | TÜRK TİCARET KANUNU m.1472 | TÜRK TİCARET KANUNU m.1471 | TÜRK TİCARET KANUNU m.1481 | TÜRK BORÇLAR KANUNU m.127 | TÜRK SİVİL HAVACILIK KANUNU m.82 | TÜRK TİCARET KANUNU m.1344 | TÜRK TİCARET KANUNU m.1480 | TÜRK SİVİL HAVACILIK KANUNU m.78 | TÜRK SİVİL HAVACILIK KANUNU m.81,0.09375,0.09375,1.0,0.0,0.0,0.0,missing_citation
Q103,Ticaret Hukuku,medium,Ticari işletme devri sözleşmesinin geçerliliği için hangi şekil aranır?,Ticari işletmenin devri için devir sözleşmesinin yazılı şekilde yapılması gerekir; devir ticaret siciline tescil ve ilan edilir.,"1. Ticari işletme devri sözleşmesi geçerliliği için, ticari işletme ile esnaf işletmesi arasındaki sınır, Cumhurbaşkanı kararıyla belirlenir.
2. Ticari işletme devri sözleşmesi, ticari işletme ile esnaf işletmesi arasındaki sınırın belirlenmesiyle ilgili Cumhurbaşkanı kararı ile belirlenir.
3.  
4. 

**Not:** Bu cevap, verilen mevzuat bağlamına dayanarak verilen soruyu yanıtlamaya çalışmaktadır. Ancak, hukuk alanında uzman bir avukata danışmak, daha doğru ve kapsamlı bir bilgi edinmek için gereklidir.",1_5_6102_MADDE_11,1_5_6102_MADDE_11; 1_5_6102_MADDE_356; 1_5_6102_MADDE_595; 1_5_6098_MADDE_237; 1_5_6102_MADDE_64; 1_5_6102_MADDE_1001; 1_5_6102_MADDE_493; 1_5_6102_MADDE_153; 1_5_6100_MADDE_222; 1_5_6102_MADDE_40,TÜRK TİCARET KANUNU m.11 | TÜRK TİCARET KANUNU m.356 | TÜRK TİCARET KANUNU m.595 | TÜRK BORÇLAR KANUNU m.237 | TÜRK TİCARET KANUNU m.64 | TÜRK TİCARET KANUNU m.1001 | TÜRK TİCARET KANUNU m.493 | TÜRK TİCARET KANUNU m.153 | HUKUK MUHAKEMELERİ KANUNU m.222 | TÜRK TİCARET KANUNU m.40,0.0987654320987654,0.0987654320987654,1.0,0.0,0.0,0.0,missing_citation
Q066,Borçlar Hukuku,hard,Aşırı ifa güçlüğü nedeniyle sözleşmenin uyarlanması hangi şartlarda istenebilir?,"Olağanüstü bir durum borçludan kaynaklanmamalı, sözleşme kurulurken öngörülmemeli, durum borçludan ifanın istenmesini dürüstlük kuralına aykırı düşürecek ölçüde borçlu aleyhine değiştirmeli ve borçlu borcunu henüz ifa etmemiş veya haklarını saklı tutarak ifa etmiş olmalıdır.","1. Aşırı ifa güçlüğü nedeniyle sözleşmenin uyarlanması istenebilir.
2. Sözleşme, yanlış yönlendirme veya tehlikenin etkisi altında yapılmış ve kabul edilen şartlar hak ve nasafet ilkelerine aykırı bulunmuş yahut kurtarma ücreti, yapılan hizmetlerle aşırı derecede oransız bulunmuşsa, istem üzerine sözleşme mahkeme tarafından mevcut şartlara uyarlanabilir yahut iptal olunabilir.
3. Madde 1301
4. Not: Bu cevap, verilen mevzuat bağlamına dayanarak verilen cevap.",1_5_6098_MADDE_138,1_5_6102_MADDE_1301; 1_5_6098_MADDE_138; 1_5_6098_MADDE_97; 1_5_4735_MADDE_17; 1_5_4735_MADDE_2; 1_5_4735_MADDE_24; 1_5_6098_MADDE_305; 1_5_6098_MADDE_126; 1_5_6098_MADDE_179; 1_5_3269_MADDE_12,TÜRK TİCARET KANUNU m.1301 | TÜRK BORÇLAR KANUNU m.138 | TÜRK BORÇLAR KANUNU m.97 | KAMU İHALE SÖZLEŞMELERİ KANUNU m.17 | KAMU İHALE SÖZLEŞMELERİ KANUNU m.2 | KAMU İHALE SÖZLEŞMELERİ KANUNU m.24 | TÜRK BORÇLAR KANUNU m.305 | TÜRK BORÇLAR KANUNU m.126 | TÜRK BORÇLAR KANUNU m.179 | UZMAN ERBAŞ KANUNU m.12,0.1075268817204301,0.043010752688172,1.0,0.0,0.0,0.0,missing_citation
Q159,Ceza Muhakemesi Hukuku,medium,Duruşmada tutanak tutulmasının amacı nedir?,Duruşmada yapılan işlemlerin ve açıklamaların usulüne uygun biçimde kayda geçirilmesi ve denetlenebilmesi için tutanak tutulur.,"1. Duruşmada tutanak tutulmasının amacı, duruşmanın işleyişini ve işlemlerin teknik araçlarla kaydedilmesini sağlamak ve bu kayıtlar, mahkeme başkanı veya hâkim ile zabıt kâtibi tarafından imzalanır.
2.  Duruşmada tutanak tutulmasının amacı, duruşmanın işleyişini ve işlemlerin teknik araçlarla kaydedilmesini sağlamak.
3.  Duruşmada tutanak tutulmasının amacı, duruşmanın işleyişini ve işlemlerin teknik araçlarla kaydedilmesini sağlamak.
4.  Duruşmada tutanak tutulmasının amacı, duruşmanın işleyişini ve işlemlerin teknik araçlarla kaydedilmesini sağlamak.

**Not:** Bu cevap, verilen mevzuat bağlamına dayanarak verilen soruyu cevaplamaktadır.",1_5_5271_MADDE_219,1_5_5271_MADDE_219; 1_5_1136_MADDE_148; 1_5_1512_MADDE_136; 1_5_1512_MADDE_85; 1_5_5271_MADDE_169; 1_5_5271_MADDE_222; 1_5_2577_MADDE_23; 1_5_6100_MADDE_153; 1_5_6100_MADDE_154; 1_5_1136_MADDE_147,CEZA MUHAKEMESİ KANUNU m.219 | AVUKATLIK KANUNU m.148 | NOTERLİK KANUNU m.136 | NOTERLİK KANUNU m.85 | CEZA MUHAKEMESİ KANUNU m.169 | CEZA MUHAKEMESİ KANUNU m.222 | İDARİ YARGILAMA USULÜ KANUNU m.23 | HUKUK MUHAKEMELERİ KANUNU m.153 | HUKUK MUHAKEMELERİ KANUNU m.154 | AVUKATLIK KANUNU m.147,0.1098901098901098,0.1098901098901098,1.0,0.0,0.0,0.0,missing_citation
Q018,Ceza Hukuku,medium,"Suça teşebbüste ""gönüllü vazgeçme""nin ceza sorumluluğuna etkisi nedir?","Fail, suçun icrasından gönüllü olarak vazgeçer veya kendi çabasıyla sonucun gerçekleşmesini önlerse teşebbüsten dolayı cezalandırılmaz. Ancak o ana kadar gerçekleşen kısım ayrı bir suç oluşturuyorsa yalnız ondan sorumlu olur.","1. Gönüllü vazgeçme, suça teşebbüs halinde, suç ortağı tarafından yapılan bir hareketin, suçun tamamlanmasını veya neticenin gerçekleşmesini önlemekle ilgili olarak cezalandırılmamaktadır.
2. Gönüllü vazgeçme, suça teşebbüs halinde, suç ortağı tarafından yapılan bir hareketin, suçun tamamlanmasını veya neticenin gerçekleşmesini önlemekle ilgili olarak cezalandırılmamaktadır.
3. Gönüllü vazgeçme, suça teşebbüs halinde, suç ortağı tarafından yapılan bir hareketin, suçun tamamlanmasını veya neticenin gerçekleşmesini önlemekle ilgili olarak cezalandırılmamaktadır.
4. Gönüllü vazgeçme, suça teşebbüs halinde, suç ortağı tarafından yapılan bir hareketin, suçun tamamlanmasını veya neticenin gerçekleşmesini önlemekle ilgili olarak cezalandırılmamaktadır.

**Not:** Bu cevap, verilen mevzuat bağlamına dayanarak verilen soruyu cevaplamak için yapılmıştır.",1_5_5237_MADDE_36,1_5_5237_MADDE_35; 1_5_5237_MADDE_41; 1_5_5237_MADDE_36; 1_5_5237_MADDE_34; 1_5_5237_MADDE_83; 1_5_5237_MADDE_40; 1_5_5326_MADDE_13; 1_5_5237_MADDE_293; 1_5_5237_MADDE_269; 1_5_5237_MADDE_30,TÜRK CEZA KANUNU m.35 | TÜRK CEZA KANUNU m.41 | TÜRK CEZA KANUNU m.36 | TÜRK CEZA KANUNU m.34 | TÜRK CEZA KANUNU m.83 | TÜRK CEZA KANUNU m.40 | KABAHATLER KANUNU m.13 | TÜRK CEZA KANUNU m.293 | TÜRK CEZA KANUNU m.269 | TÜRK CEZA KANUNU m.30,0.112,0.096,1.0,0.0,0.0,0.0,missing_citation
Q165,Medeni Hukuk,medium,Nişanın bozulması hâlinde maddi tazminat hangi şartla istenebilir?,"Nişanın haklı bir sebep olmaksızın bozulması veya bozulmasına bir tarafın kusuruyla yol açması hâlinde, diğer taraf uygun maddi tazminat isteyebilir.","1. Maddi tazminat, nişanlıların birbirlerine veya ana ve babanın ya da onlar gibi davrananların, diğer nişanlıya vermiş oldukları alışılmışın dışındaki hediyeler, verenler tarafından geri istenebilir.
2. Nişanlılık evlenme dışındaki bir sebeple sona ererse, nişanlıların birbirlerine veya ana ve babanın ya da onlar gibi davrananların, diğer nişanlıya vermiş oldukları alışılmışın dışındaki hediyeler, verenler tarafından geri istenebilir.
3.  
4. 

**Not:** Bu cevap, verilen mevzuat bağlamına dayanarak verilen soruyu cevaplamaktadır.",1_5_4721_MADDE_120,1_5_4721_MADDE_120; 1_5_4721_MADDE_121; 1_5_4721_MADDE_119; 1_5_4721_MADDE_174; 1_3_3894_MADDE_81; 0_1_2_MADDE_30; 1_5_4721_MADDE_122; 1_5_4721_MADDE_175; 1_5_6098_MADDE_56; 1_5_2453_MADDE_3,TÜRK MEDENİ KANUNU m.120 | TÜRK MEDENİ KANUNU m.121 | TÜRK MEDENİ KANUNU m.119 | TÜRK MEDENİ KANUNU m.174 | DENİZDE ZABT VE MÜSADERE KANUNU m.81 | RUMELİ DEMİRYOLLARININ UMUMİ NAKLİYESİ HAKKINDA NİZAMNAME m.30 | TÜRK MEDENİ KANUNU m.122 | TÜRK MEDENİ KANUNU m.175 | TÜRK BORÇLAR KANUNU m.56 | YURT DIŞINDA GÖREVLİ PERSONELE NAKTİ TAZMİNAT VERİLMESİ VE AYLIK BAĞLANMASI HAKKINDA KANUN m.3,0.1136363636363636,0.0681818181818181,1.0,0.0,0.0,0.0,missing_citation
Q002,Anayasa Hukuku,medium,Milletlerarası antlaşmaların Anayasa'ya aykırılığı iddiasıyla iptal davası açılabilir mi? İstisnaları nelerdir?,Milletlerarası antlaşmaların Anayasa’ya aykırılığı iddiasıyla Anayasa Mahkemesinde iptal davası açılamaz. Usulüne göre yürürlüğe konulmuş temel hak ve özgürlüklere ilişkin antlaşmalarla kanunların çatışması halinde antlaşma hükümleri esas alınır.,"1. Milletlerarası antlaşmaların Anayasa'ya aykırılığı iddiasıyla iptal davası açılabilir.
2. Şartlar / açıklama: 
3. Dayanak maddeler: 
4. Not / sınırlılık: 

**Cevap:**
1. Milletlerarası antlaşmaların Anayasa'ya aykırılığı iddiasıyla iptal davası açılabilir.
2. Şartlar / açıklama: 
3. Dayanak maddeler: 
4. Not / sınırlılık: 
 
**Cevap:**
1. Milletlerarası antlaşmaların Anayasa'ya aykırılığı iddiasıyla iptal davası açılabilir.
2. Şartlar / açıklama: 
3. Dayanak maddeler: 
4. Not / sınırlılık: 

**Cevap:**
1. Milletlerarası antlaşmaların Anayasa'ya aykırılığı iddiasıyla iptal davası açılabilir.
2. Şartlar / açıklama: 
3. Dayanak maddeler: 
4. Not / sınırlılık: 

**Cevap:**
1. Milletlerarası antlaşmaların Anayasa'ya aykırılığı iddiasıyla iptal davası açılabilir.
2. Şartlar / açıklama: 
3. Dayanak maddeler: 
4. Not / sınırlılık: 

**Cevap:**
1. Milletlerarası antlaşmaların Anayasa'ya aykırılığı iddiasıyla iptal davası açılabilir.
2. Şartlar / açıklama: 
3. Dayanak maddeler: 
4. Not / sınırl",1_5_2709_MADDE_90,1_5_6216_MADDE_35; 1_5_6216_MADDE_38; 1_5_6216_MADDE_42; 1_5_6216_MADDE_37; 1_5_2709_MADDE_150; 1_5_6216_MADDE_36; 1_5_6216_MADDE_43; 1_5_2709_MADDE_90; 1_5_4686_MADDE_15; 1_5_2709_MADDE_151,ANAYASA MAHKEMESİNİN KURULUŞU VE YARGILAMA USULLERİ HAKKINDA KANUN m.35 | ANAYASA MAHKEMESİNİN KURULUŞU VE YARGILAMA USULLERİ HAKKINDA KANUN m.38 | ANAYASA MAHKEMESİNİN KURULUŞU VE YARGILAMA USULLERİ HAKKINDA KANUN m.42 | ANAYASA MAHKEMESİNİN KURULUŞU VE YARGILAMA USULLERİ HAKKINDA KANUN m.37 | TÜRKİYE CUMHURİYETİ ANAYASASI m.150 | ANAYASA MAHKEMESİNİN KURULUŞU VE YARGILAMA USULLERİ HAKKINDA KANUN m.36 | ANAYASA MAHKEMESİNİN KURULUŞU VE YARGILAMA USULLERİ HAKKINDA KANUN m.43 | TÜRKİYE CUMHURİYETİ ANAYASASI m.90 | MİLLETLERARASI TAHKİM KANUNU m.15 | TÜRKİYE CUMHURİYETİ ANAYASASI m.151,0.1224489795918367,0.1224489795918367,1.0,0.0,0.0,0.0,missing_citation
Q124,Anayasa Hukuku,easy,Yargı yetkisi Anayasa'ya göre kim tarafından kullanılır?,Yargı yetkisi Türk Milleti adına bağımsız ve tarafsız mahkemelerce kullanılır.,"1. Yargı yetkisi Anayasa'ya göre Cumhurbaşkanı tarafından, Anayasa'ya ve kanunlara uygun olarak kullanılır.
2.  Yargı yetkisi, Cumhurbaşkanı tarafından, Anayasa'ya ve kanunlara uygun olarak kullanılır.
3.  Anayasa'nın 8. maddesi, Yargı yetkisi'nin Cumhurbaşkanı tarafından kullanılmasını belirtiyor.
4.  Yargı yetkisi, Cumhurbaşkanı tarafından, Anayasa'ya ve kanunlara uygun olarak kullanılır.",1_5_2709_MADDE_9,1_5_2709_MADDE_8; 1_5_2709_MADDE_9; 1_5_6216_MADDE_3; 1_5_2709_MADDE_138; 1_5_2709_MADDE_154; 1_5_2709_MADDE_158; 1_5_2797_MADDE_13; 1_5_2709_MADDE_6; 1_5_2709_MADDE_7; 1_5_2709_MADDE_155,TÜRKİYE CUMHURİYETİ ANAYASASI m.8 | TÜRKİYE CUMHURİYETİ ANAYASASI m.9 | ANAYASA MAHKEMESİNİN KURULUŞU VE YARGILAMA USULLERİ HAKKINDA KANUN m.3 | TÜRKİYE CUMHURİYETİ ANAYASASI m.138 | TÜRKİYE CUMHURİYETİ ANAYASASI m.154 | TÜRKİYE CUMHURİYETİ ANAYASASI m.158 | YARGITAY KANUNU m.13 | TÜRKİYE CUMHURİYETİ ANAYASASI m.6 | TÜRKİYE CUMHURİYETİ ANAYASASI m.7 | TÜRKİYE CUMHURİYETİ ANAYASASI m.155,0.1311475409836065,0.1311475409836065,1.0,0.0,0.0,0.0,missing_citation
Q174,Ticaret Hukuku,medium,Ticari defterlerin açılış ve kapanış onayları bakımından temel kural nedir?,Ticari defterlerin açılış ve kapanış onayları kanunda ve ilgili ikincil düzenlemelerde öngörülen süre ve usuller içinde yaptırılır.,"1. Ticari defterlerin açılış ve kapanış onayları bakımından temel kural, ticari defterlerin noter tarafından açılış ve kapanış onayları ile defterlerin kayıtlarının birbirini doğrulamasıdır.
2. Bu kural, TÜRK TİCARET KANUNU'nun 64. maddesini ve HUKUK MUHAKEMELERİ KANUNU'nun 222. maddesini içermektedir.
3. Bu kural, TÜRK TİCARET KANUNU'nun 64. maddesini ve HUKUK MUHAKEMELERİ KANUNU'nun 222. maddesini içermektedir.
4. Not: Bu kural, Türk Ticaret Kanunu'nun 64. maddesini ve HUKUK MUHAKEMELERİ KANUNU'nun 222. maddesini içermektedir.


**Not:** Bu cevap, verilen mevzuat bağlamına dayanarak verilen sorunun cevabını sunmaktadır.",1_5_6102_MADDE_64,1_5_6102_MADDE_64; 1_5_6100_MADDE_222; 1_5_5411_MADDE_28; 1_5_2699_MADDE_10; 1_5_6102_MADDE_82; 1_5_6102_MADDE_65; 1_4_213_MADDE_172; 1_5_6102_MADDE_94; 1_5_6102_MADDE_356; 1_5_6102_MADDE_26,TÜRK TİCARET KANUNU m.64 | HUKUK MUHAKEMELERİ KANUNU m.222 | BANKACILIK KANUNU m.28 | UMUMİ MAĞAZALAR KANUNU m.10 | TÜRK TİCARET KANUNU m.82 | TÜRK TİCARET KANUNU m.65 | VERGİ USUL KANUNU m.172 | TÜRK TİCARET KANUNU m.94 | TÜRK TİCARET KANUNU m.356 | TÜRK TİCARET KANUNU m.26,0.1523809523809523,0.1523809523809523,1.0,0.0,1.0,0.0,missing_citation
Q041,Ticaret Hukuku,medium,Ticari işletme devri sözleşmesinin geçerlilik şartları nelerdir?,"Ticari işletmenin devri sözleşmesinin geçerliliği için yazılı yapılması ve ticaret siciline tescil ile ilan edilmesi gerekir. Devir, aksi kararlaştırılmadıkça işletmeye dâhil malvarlığı unsurlarını bir bütün olarak geçirir.","1. Ticari işletme devri sözleşmesinin geçerlilik şartları, Türk Ticaret Kanunu'nun maddeleri ve diğer ilgili mevzuatlar çerçevesinde belirlenir.
2. Ticari işletme devri sözleşmesinin geçerliliği, Türk Ticaret Kanunu'nun maddeleri ve diğer ilgili mevzuatlar çerçevesinde belirlenir.
3. Türk Ticaret Kanunu'nun maddeleri, ticari işletme devri sözleşmesinin geçerliliği için gerekli şartları belirtir.
4. Not / sınırlılık: Bu cevap, verilen mevzuat bağlamına dayanarak verilen sorunun cevabını vermektedir.",1_5_6102_MADDE_11,1_5_6102_MADDE_11; 1_5_6102_MADDE_356; 1_5_6103_MADDE_11; 1_5_6102_MADDE_595; 1_5_6103_MADDE_28; 1_5_6102_MADDE_493; 1_5_6102_MADDE_64; 1_5_6100_MADDE_222; 1_5_6102_MADDE_1001; 1_5_6098_MADDE_237,TÜRK TİCARET KANUNU m.11 | TÜRK TİCARET KANUNU m.356 | TÜRK TİCARET KANUNUNUN YÜRÜRLÜĞÜ VE UYGULAMA ŞEKLİ HAKKINDA KANUN m.11 | TÜRK TİCARET KANUNU m.595 | TÜRK TİCARET KANUNUNUN YÜRÜRLÜĞÜ VE UYGULAMA ŞEKLİ HAKKINDA KANUN m.28 | TÜRK TİCARET KANUNU m.493 | TÜRK TİCARET KANUNU m.64 | HUKUK MUHAKEMELERİ KANUNU m.222 | TÜRK TİCARET KANUNU m.1001 | TÜRK BORÇLAR KANUNU m.237,0.1538461538461538,0.1318681318681318,1.0,0.0,0.0,0.0,missing_citation
Q084,Ceza Muhakemesi Hukuku,medium,Müdafiin dosyaya erişiminin kısıtlanamayacağı belgeler hangileridir?,"Şüphelinin ifadesini içeren tutanaklar, bilirkişi raporları ve hazır bulunmaya yetkili olduğu diğer adli işlemlere ilişkin tutanaklar yönünden kısıtlama kararı uygulanamaz.","1. Müdafiin dosya içeriğini inceleyebilir ve istediği belgelerin bir örneğini harçsız olarak alabilir.
2. Bu, CEZA MUHAKEMESİ KANUNU m.153'ün madde 1'ine dayanmaktadır.
3.  CEZA MUHAKEMESİ KANUNU m.153'ün madde 1'ine dayanmaktadır.
4.  Bu madde, müdafiin dosya içeriğini inceleme ve belgelerden örnek alma yetkisini kısıtlamaktadır.",1_5_5271_MADDE_153,1_5_5271_MADDE_153; 1_5_6458_MADDE_94; 1_5_5549_MADDE_7; 1_3_3894_MADDE_121; 1_5_5202_MADDE_6; 1_5_5271_MADDE_125; 1_5_5352_MADDE_10; 1_5_5271_MADDE_154; 1_5_5271_MADDE_209; 1_5_5275_MADDE_68,CEZA MUHAKEMESİ KANUNU m.153 | YABANCILAR VE ULUSLARARASI KORUMA KANUNU m.94 | SUÇ GELİRLERİNİN AKLANMASININ ÖNLENMESİ HAKKINDA KANUN m.7 | DENİZDE ZABT VE MÜSADERE KANUNU m.121 | SAVUNMA SANAYİİ GÜVENLİĞİ KANUNU m.6 | CEZA MUHAKEMESİ KANUNU m.125 | ADLÎ SİCİL KANUNU m.10 | CEZA MUHAKEMESİ KANUNU m.154 | CEZA MUHAKEMESİ KANUNU m.209 | CEZA VE GÜVENLİK TEDBİRLERİNİN İNFAZI HAKKINDA KANUN m.68,0.0289855072463768,0.0289855072463768,1.0,1.0,1.0,1.0,low_answer_overlap
Q108,Ticaret Hukuku,hard,Çekte bulunması gereken zorunlu unsurlardan biri eksik olursa sonuç ne olur?,Kanunda zorunlu unsur olarak öngörülen kayıtları taşımayan senet çek sayılmaz; ancak kanundaki tamamlayıcı kurallar saklıdır.,"1. Çekte eksik unsurlardan birinin bulunması, çekin geçerliliğini etkileyerek, muhatabın bu unsurun yerine getirilmesi şartıyla ödenebileceği anlamına gelir. 
2. Bu durum, Türk Ticaret Kanunu 780 inci maddesinin (1) fıkrasının (g) bendinde belirtilen banka tarafından verilen seri numarası ve/veya (h) bendinde belirtilen karekodun bulunmaması senedin çek olarak geçerliliğini etkilemez.
3. Türk Ticaret Kanunu 780 inci maddesinin (1) fıkrasının (g) bendinde belirtilen banka tarafından verilen seri numarası ve/veya (h) bendinde belirtilen karekodun bulunmaması senedin çek olarak geçerliliğini etkilemez.
4. Bu durum, Türk Ticaret Kanunu 780 inci maddesinin (1) fıkrasının (g) bendinde belirtilen banka tarafından verilen seri numarası ve/veya (h) bendinde belirtilen karekodun bulunmaması senedin çek olarak geçerliliğini etkilemez.


**Not:** Bu cevap, verilen mevzuat bağlamına dayanarak verilen sorunun cevabını vermektedir.",1_5_6102_MADDE_780,1_5_6102_MADDE_781; 1_5_5941_MADDE_3; 1_5_5941_MADDE_5; 1_5_5941_MADDE_2; 1_5_6102_MADDE_783; 1_5_6102_MADDE_780; 1_5_6102_MADDE_822; 1_5_2918_MADDE_25; 1_5_6102_MADDE_785; 1_5_6102_MADDE_803,TÜRK TİCARET KANUNU m.781 | ÇEK KANUNU m.3 | ÇEK KANUNU m.5 | ÇEK KANUNU m.2 | TÜRK TİCARET KANUNU m.783 | TÜRK TİCARET KANUNU m.780 | TÜRK TİCARET KANUNU m.822 | KARAYOLLARI TRAFİK KANUNU m.25 | TÜRK TİCARET KANUNU m.785 | TÜRK TİCARET KANUNU m.803,0.0296296296296296,0.0296296296296296,1.0,1.0,1.0,1.0,low_answer_overlap
Q120,İş Hukuku,medium,İşe iade davası sonucunda mahkeme feshin geçersizliğine karar verirse işçi ne yapmalıdır?,"İşçi, kesinleşen mahkeme kararının tebliğinden itibaren on işgünü içinde işe başlamak için işverene başvurmalıdır.","1. İşçi, iş sözleşmesi fesih bildiriminde sebep gösterilmediği veya sebebin geçerli bir sebep olmadığı iddiası ile iş mahkemesinde dava açabilir.
2. İşçi, iş sözleşmesi fesih bildiriminde sebep gösterilmediği veya sebebin geçerli bir sebep olmadığı iddiası ile iş mahkemesinde dava açabilir.
3. İŞ KANUNU m.20, 21, 19 maddelerinde iş sözleşmesi fesih bildiriminde sebep gösterilmediği veya sebebin geçerli bir sebep olmadığı iddiası ile iş mahkemesinde dava açılabilmektedir.
4. Not: İŞ KANUNU m.20, 21, 19 maddelerinde iş sözleşmesi fesih bildiriminde sebep gösterilmediği veya sebebin geçerli bir sebep olmadığı iddiası ile iş mahkemesinde dava açılabilmektedir.


**Not:** Bu cevap, verilen mevzuat bağlamına dayanarak verilen soruyu cevaplamaktadır.",1_5_4857_MADDE_21,1_5_4857_MADDE_20; 1_5_4857_MADDE_21; 1_5_4857_MADDE_25; 1_5_4857_MADDE_19; 1_5_4857_MADDE_18; 1_5_854_MADDE_23; 1_5_4857_MADDE_17; 1_5_4857_MADDE_23; 1_5_4857_MADDE_31; 1_5_4857_GEÇİCİ_MADDE_10,İŞ KANUNU m.20 | İŞ KANUNU m.21 | İŞ KANUNU m.25 | İŞ KANUNU m.19 | İŞ KANUNU m.18 | DENİZ İŞ KANUNU m.23 | İŞ KANUNU m.17 | İŞ KANUNU m.23 | İŞ KANUNU m.31 | İŞ KANUNU geçici m.10,0.0327868852459016,0.0327868852459016,1.0,1.0,1.0,1.0,low_answer_overlap
Q087,Ceza Muhakemesi Hukuku,medium,Mahkeme hangi durumda keşif kararı verir?,"Hakim veya mahkeme, olayın aydınlatılması için suç konusu veya delil üzerinde doğrudan gözlem yapılmasına ihtiyaç duyarsa keşif yapılmasına karar verebilir.","1. Mahkeme, keşif kararı verir.
2. Bu karar, davaya bakan mahkeme tarafından verilmektedir.
3. HUKUK MUHAKEMELERİ KANUNU m.290, m.288, m.289, m.291, m.400, m.63, m.82, m.83, m.84, m.14, m.4473, m.6100, m.5271, m.288, m.291, m.400, m.63, m.82, m.83, m.84, m.14, m.4473, m.6100, m.5271, m.288, m.291, m.400, m.63, m.82, m.83, m.84, m.14, m.4473, m.6100, m.5271, m.288, m.291, m.400, m.63, m.82, m.83, m.84, m.14, m.4473, m.6100, m.5271, m.288, m.291, m.400, m.63, m.82, m.83, m.84, m.14, m.4473, m.6100, m.5271, m.288, m.",1_5_5271_MADDE_83,1_5_6100_MADDE_290; 1_5_6100_MADDE_288; 1_5_6100_MADDE_289; 1_5_5271_MADDE_83; 1_5_6100_MADDE_291; 1_5_5271_MADDE_84; 1_3_4473_MADDE_14; 1_5_6100_MADDE_400; 1_5_2886_MADDE_63; 1_5_5271_MADDE_82,"HUKUK MUHAKEMELERİ KANUNU m.290 | HUKUK MUHAKEMELERİ KANUNU m.288 | HUKUK MUHAKEMELERİ KANUNU m.289 | CEZA MUHAKEMESİ KANUNU m.83 | HUKUK MUHAKEMELERİ KANUNU m.291 | CEZA MUHAKEMESİ KANUNU m.84 | YANGIN, YERSARSINTISI, SEYLAP VEYA HEYELAN SEBEBİYLE MAHKEME VE ADLİYE DAİRELERİNDE ZİYAA UĞRAYAN DOSYALAR HAKKINDA YAPILACAK MUAMELELERE DAİR KANUN m.14 | HUKUK MUHAKEMELERİ KANUNU m.400 | DEVLET İHALE KANUNU m.63 | CEZA MUHAKEMESİ KANUNU m.82",0.0389610389610389,0.0389610389610389,1.0,1.0,1.0,1.0,low_answer_overlap
Q153,Ceza Muhakemesi Hukuku,medium,Şüphelinin konutunda arama kural olarak kim tarafından yapılır?,"Konut, işyeri ve kamuya açık olmayan kapalı alanlarda arama kural olarak hakim kararıyla; gecikmesinde sakınca bulunan hâllerde Cumhuriyet savcısının yazılı emriyle yapılır.","1. Konutlarda arama, Cumhuriyet savcısının yazılı emri ile yapılabilir.
2. Konutlarda arama, Cumhuriyet savcısının yazılı emri ile yapılabilir.
3. CEZA MUHAKEMESİ KANUNU m.119, 117, 120, 9, 36
4. Not: Konutlarda arama, Cumhuriyet savcısının yazılı emri ile yapılabilir.


**Explanation:**

The provided text focuses on the legal framework for searches in Turkey. 

**Key Points:**

* **Article 119 of the Criminal Procedure Code (CEZA MUHAKEMESİ KANUNU):** This article outlines the conditions for conducting searches in a person's home. It states that searches can be conducted with the written permission of the prosecutor.
* **Article 117 of the Criminal Procedure Code (CEZA MUHAKEMESİ KANUNU):** This article allows for searches in a person's home if there is a reasonable suspicion that they are hiding evidence or committing a crime.
* **Article 9 of the Police and Security Act (POLİS VAZİFE VE SALȂHİYET KANUNU):** This article outlines the police's authority to conduct searches in certain locations, such as private residences, public spaces, and transportation vehicles.
* **Article 36 of the Criminal and Security Procedures Act (CEZA VE GÜVENLİK TEDBİRLERİNİN İNFAZI HAKKINDA KANUN):** This article provides a framework for searches in prisons and other detention facilities.


**Disclaimer:** This information is for educational purposes only and should not be considered legal advice.",1_5_5271_MADDE_119,1_5_5271_MADDE_119; 1_5_5271_MADDE_117; 1_4_211_MADDE_56; 1_5_5271_MADDE_116; 1_5_5271_MADDE_120; 1_3_2559_MADDE_9; 1_5_5275_MADDE_36; 1_4_213_MADDE_142; 1_5_5275_MADDE_115; 1_5_5490_MADDE_60,CEZA MUHAKEMESİ KANUNU m.119 | CEZA MUHAKEMESİ KANUNU m.117 | TÜRK SİLAHLI KUVVETLERİ İÇ HİZMET KANUNU m.56 | CEZA MUHAKEMESİ KANUNU m.116 | CEZA MUHAKEMESİ KANUNU m.120 | POLİS VAZİFE VE SALȂHİYET KANUNU m.9 | CEZA VE GÜVENLİK TEDBİRLERİNİN İNFAZI HAKKINDA KANUN m.36 | VERGİ USUL KANUNU m.142 | CEZA VE GÜVENLİK TEDBİRLERİNİN İNFAZI HAKKINDA KANUN m.115 | NÜFUS HİZMETLERİ KANUNU m.60,0.0423728813559322,0.0338983050847457,1.0,1.0,1.0,1.0,low_answer_overlap
Q142,Ceza Hukuku,medium,Taksir ile bilinçli taksir arasındaki fark nedir?,Taksirde fail neticeyi öngörmez; bilinçli taksirde ise neticeyi öngördüğü hâlde istemez ve yine de fiili işler.,"1. Taksirle bilinçli taksir, bir davranışın suçun kanuni tanımında belirtilen neticesi öngörülmeyerek gerçekleştirilmesidir.
2. Bu cevap, Türk Ceza Kanunu'nun madde 22'sine dayanmaktadır.
3. Madde 22, taksirle işlenen fiillerin cezalandırılmasında, dikkat ve özen yükümlülüğüne aykırılık dolayısıyla, bir davranışın suçun kanuni tanımında belirtilen neticesi öngörülmeyerek gerçekleştirilmesinin sebep olduğu suçun neticesi, bilinçli taksir olarak nitelendirilir.
4. Not: Bu cevap, Türk Ceza Kanunu'nun madde 22'sine dayanmaktadır.",1_5_5237_MADDE_22,1_5_5237_MADDE_22; 1_5_5237_MADDE_89; 1_5_6502_MADDE_19; 1_5_5737_MADDE_19; 1_5_6502_MADDE_17; 1_5_6098_MADDE_253; 1_5_6098_MADDE_263; 1_4_213_MADDE_69; 1_5_6098_MADDE_255; 1_3_5846_MADDE_64,TÜRK CEZA KANUNU m.22 | TÜRK CEZA KANUNU m.89 | TÜKETİCİNİN KORUNMASI HAKKINDA KANUN m.19 | VAKIFLAR KANUNU m.19 | TÜKETİCİNİN KORUNMASI HAKKINDA KANUN m.17 | TÜRK BORÇLAR KANUNU m.253 | TÜRK BORÇLAR KANUNU m.263 | VERGİ USUL KANUNU m.69 | TÜRK BORÇLAR KANUNU m.255 | FİKİR VE SANAT ESERLERİ KANUNU m.64,0.0481927710843373,0.0481927710843373,1.0,1.0,1.0,1.0,low_answer_overlap
Q072,Ceza Hukuku,medium,Suça teşebbüste ceza nasıl belirlenir?,"Fail işlemek istediği suçu elverişli hareketlerle doğrudan doğruya icraya başlayıp elinde olmayan nedenlerle tamamlayamazsa teşebbüsten sorumlu olur ve ceza, meydana gelen zarar veya tehlikenin ağırlığına göre indirilir.","1. Suç teşebbüs halinde, suçun icra hareketlerinden gönüllü vazgeçer veya kendi çabalarıyla suçun tamamlanmasını veya neticenin gerçekleşmesini önlerse, teşebbüs halinde cezalandırılmaz. Ancak, tamam olan kısım esasen bir suç oluşturduğu takdirde, sadece o suça ait ceza ile cezalandırılır.

2. Şartlar / açıklama: Bu cevap, Türk Ceza Kanunu'nun maddeleri ve ilgili hükümlerine dayanmaktadır.

3. Dayanak maddeler:
    - TÜRK CEZA KANUNU m.35
    - TÜRK CEZA KANUNU m.21
    - TÜRK CEZA KANUNU m.40
    - TÜRK CEZA KANUNU m.15
    - TÜRK CEZA KANUNU m.108

4. Not / sınırlılık: Bu cevap, Türk Ceza Kanunu'nun maddeleri ve ilgili hükümlerine dayanmaktadır.",1_5_5237_MADDE_35,1_5_5237_MADDE_35; 1_5_5326_MADDE_13; 1_5_5237_MADDE_21; 1_5_5237_MADDE_36; 1_5_4054_MADDE_15; 1_5_5237_MADDE_15; 1_5_5237_MADDE_40; 1_5_5275_MADDE_108; 1_5_5271_MADDE_2; 1_5_5237_MADDE_39,TÜRK CEZA KANUNU m.35 | KABAHATLER KANUNU m.13 | TÜRK CEZA KANUNU m.21 | TÜRK CEZA KANUNU m.36 | REKABETİN KORUNMASI HAKKINDA KANUN m.15 | TÜRK CEZA KANUNU m.15 | TÜRK CEZA KANUNU m.40 | CEZA VE GÜVENLİK TEDBİRLERİNİN İNFAZI HAKKINDA KANUN m.108 | CEZA MUHAKEMESİ KANUNU m.2 | TÜRK CEZA KANUNU m.39,0.0499999999999999,0.0333333333333333,1.0,1.0,1.0,1.0,low_answer_overlap
Q029,Ceza Muhakemesi Hukuku,easy,"Mahkemenin ""keşif"" kararı vermesi için gereken şartlar ve keşfin icrası nasıl olur?","Keşif, hâkim veya mahkemenin maddi olayı doğrudan gözlemlemek amacıyla yapılır. Olayın aydınlatılması bakımından gerekli görüldüğünde kararlaştırılır ve işlem tutanağa bağlanır.","1. Mahkeme, keşif kararı vererek, keşif konusu, mahkeme tarafından tespit edilen yer, kapsam ve zamanı belirler. Keşif, taraflar hazır iseler huzurlarında, aksi takdirde yokluklarında yapılır.
2. Mahkeme, keşif sırasında tanık ve bilirkişi dinleyebilir. Keşif sırasında, yapılan tüm işlemler ve beyanları içeren bir tutanak düzenlenir.
3. HUKUK MUHAKEMELERİ KANUNU m.290
HUKUK MUHAKEMELERİ KANUNU m.289
HUKUK MUHAKEMELERİ KANUNU m.291
HUKUK MUHAKEMELERİ KANUNU m.400
HUKUK MUHAKEMELERİ KANUNU m.402
HUKUK MUHAKEMELERİ KANUNU m.288
HUKUK MUHAKEMELERİ KANUNU m.288
CEZA MUHAKEMESİ KANUNU m.83
YANGIN, YERSARSINTISI, SEYLAP VEYA HEYELAN SEBEBİYLE MAHKEME VE ADLİYE DAİRELERİNDE ZİYAA UĞRAYAN DOSYALAR HAKKINDA YAPILACAK MUAMELELERE DAİR KANUN m.14
YANGIN, YERSARSINTISI, SEYLAP VEYA HEYELAN SEBEBİYLE MAHKEME VE ADLİYE DAİRELERİNDE ZİYAA UĞRAYAN DOSYALAR HAKKINDA YAPILACAK MUAMELELERE DAİR KANUN m.21",1_5_5271_MADDE_83,1_5_6100_MADDE_290; 1_5_6100_MADDE_289; 1_5_5271_MADDE_83; 1_5_6100_MADDE_291; 1_5_6100_MADDE_288; 1_5_5271_MADDE_84; 1_3_4473_MADDE_14; 1_5_6100_MADDE_400; 1_3_4473_MADDE_21; 1_5_6100_MADDE_402,"HUKUK MUHAKEMELERİ KANUNU m.290 | HUKUK MUHAKEMELERİ KANUNU m.289 | CEZA MUHAKEMESİ KANUNU m.83 | HUKUK MUHAKEMELERİ KANUNU m.291 | HUKUK MUHAKEMELERİ KANUNU m.288 | CEZA MUHAKEMESİ KANUNU m.84 | YANGIN, YERSARSINTISI, SEYLAP VEYA HEYELAN SEBEBİYLE MAHKEME VE ADLİYE DAİRELERİNDE ZİYAA UĞRAYAN DOSYALAR HAKKINDA YAPILACAK MUAMELELERE DAİR KANUN m.14 | HUKUK MUHAKEMELERİ KANUNU m.400 | YANGIN, YERSARSINTISI, SEYLAP VEYA HEYELAN SEBEBİYLE MAHKEME VE ADLİYE DAİRELERİNDE ZİYAA UĞRAYAN DOSYALAR HAKKINDA YAPILACAK MUAMELELERE DAİR KANUN m.21 | HUKUK MUHAKEMELERİ KANUNU m.402",0.050632911392405,0.0379746835443038,1.0,1.0,1.0,1.0,low_answer_overlap
Q173,Ticaret Hukuku,medium,Ticari defter tutma yükümlülüğü kimler için doğar?,Her tacir ticari defterleri tutmak ve ticari işlemleriyle malvarlığı durumunu bu defterlerden izlenebilir kılmak zorundadır.,"1. Ticari defter tutma yükümlülüğü, ticari defterler tutmakla yükümlü gerçek ve tüzel kişiler için geçerlidir.
2. Ticari defter tutma yükümlülüğü, ticari defterler tutmakla yükümlü gerçek ve tüzel kişiler için geçerlidir.
3. Vergi Usul Kanunu m.172, m.173, m.175, m.176, m.288, m.64, m.288 ve m.64'de belirtilmiştir.
4. Vergi Usul Kanunu m.172, m.173, m.175, m.176, m.288, m.64, m.288 ve m.64'de belirtilmiştir.


**Not:** Vergi Usul Kanunu'nun maddeleri, Türk Ticaret Kanunu'nun maddeleri ve diğer ilgili kanunlar ile uyumlu olarak yorumlanmalıdır.",1_5_6102_MADDE_64,1_4_213_MADDE_172; 1_5_6102_MADDE_64; 1_4_213_MADDE_173; 1_4_213_MADDE_176; 1_4_213_MADDE_175; 1_5_6102_MADDE_288; 1_5_6102_MADDE_82; 1_4_213_MADDE_232; 1_5_6102_MADDE_286; 1_5_6102_MADDE_63,VERGİ USUL KANUNU m.172 | TÜRK TİCARET KANUNU m.64 | VERGİ USUL KANUNU m.173 | VERGİ USUL KANUNU m.176 | VERGİ USUL KANUNU m.175 | TÜRK TİCARET KANUNU m.288 | TÜRK TİCARET KANUNU m.82 | VERGİ USUL KANUNU m.232 | TÜRK TİCARET KANUNU m.286 | TÜRK TİCARET KANUNU m.63,0.0545454545454545,0.0545454545454545,1.0,1.0,1.0,1.0,low_answer_overlap
Q148,Ceza Hukuku,medium,Müsadere hangi durumda uygulanabilir?,"Kasıtlı bir suçun işlenmesinde kullanılan, suçun işlenmesine tahsis edilen veya suçtan meydana gelen eşya ile kazançlar kanundaki şartlarla müsadere edilebilir.","1. Müsadere, bir suçun işlenmesinin sonucu olarak elde edilen veya suçun konusunu oluşturan veya suçun işlenmesi için sağlanan maddi menfaatler ile bunların değerlendirilmesi veya dönüştürülmesi sonucu ortaya çıkan ekonomik kazançların müsaderesine karar verilir. 
2. Müsadere, suçun işlenmesinin sonucu olarak elde edilen veya suçun konusunu oluşturan veya suçun işlenmesi için sağlanan maddi menfaatler ile bunların değerlendirilmesi veya dönüştürülmesi sonucu ortaya çıkan ekonomik kazançların müsaderesine karar verilir. 
3.  [10] DENİZDE ZABT VE MÜSADERE KANUNU m.15
[9] CEZA MUHAKEMESİ KANUNU m.255
[8] CEZA MUHAKEMESİ KANUNU m.255
[7] TÜRK CEZA KANUNU m.54
[6] DENİZDE ZABT VE MÜSADERE KANUNU m.36
[5] DENİZDE ZABT VE MÜSADERE KANUNU m.53
[4] DENİZDE ZABT VE MÜSADERE KANUNU m.39
[3] ASAYİŞE MÜESSİR BAZI FİİLLERİN ÖNLENMESİ HAKKINDA KANUN m.2
[2] ASAYİŞE MÜESSİR BAZI FİİLLERİN ÖNLENMESİ HAKKINDA KANUN m.2
[1] CEZA MUHAKEMESİ KANUNU m.256
[0] CEZA MUHAKEMES",1_5_5237_MADDE_54,1_5_5271_MADDE_256; 1_5_1481_MADDE_2; 1_3_3894_MADDE_39; 1_3_3894_MADDE_35; 1_3_3894_MADDE_53; 1_3_3894_MADDE_36; 1_5_5237_MADDE_54; 1_5_5271_MADDE_255; 1_5_5237_MADDE_55; 1_3_3894_MADDE_15,CEZA MUHAKEMESİ KANUNU m.256 | ASAYİŞE MÜESSİR BAZI FİİLLERİN ÖNLENMESİ HAKKINDA KANUN m.2 | DENİZDE ZABT VE MÜSADERE KANUNU m.39 | DENİZDE ZABT VE MÜSADERE KANUNU m.35 | DENİZDE ZABT VE MÜSADERE KANUNU m.53 | DENİZDE ZABT VE MÜSADERE KANUNU m.36 | TÜRK CEZA KANUNU m.54 | CEZA MUHAKEMESİ KANUNU m.255 | TÜRK CEZA KANUNU m.55 | DENİZDE ZABT VE MÜSADERE KANUNU m.15,0.0782122905027933,0.0782122905027933,1.0,1.0,1.0,1.0,low_answer_overlap
Q179,Ticaret Hukuku,medium,Limited şirkette ortak sayısına ilişkin temel sınır nedir?,Limited şirket bir veya daha çok gerçek ya da tüzel kişi tarafından kurulabilir; ortak sayısı elliyi aşamaz.,"1. Limited şirketlerin ortak sayısı 500'ü aşmaz.
2.  Bu cevap, Türk Ticaret Kanunu'nun 573 maddesini inceleyerek elde edilen bilgiye dayanmaktadır.
3.  Madde 573, Limited şirketlerin ortak sayısının 500'ü aşmaması gerektiğini belirtiyor.
4.  Bu cevap, Türk Ticaret Kanunu'nun 573 maddesini inceleyerek elde edilen bilgiye dayanmaktadır.",1_5_6102_MADDE_573,1_5_6102_MADDE_573; 1_5_6102_MADDE_580; 1_5_6362_MADDE_16; 1_5_6102_MADDE_332; 1_5_6102_MADDE_585; 1_5_6102_MADDE_574; 1_5_6102_MADDE_135; 1_3_7462_MADDE_2; 1_5_6103_MADDE_20; 1_5_1163_MADDE_19,TÜRK TİCARET KANUNU m.573 | TÜRK TİCARET KANUNU m.580 | SERMAYE PİYASASI KANUNU m.16 | TÜRK TİCARET KANUNU m.332 | TÜRK TİCARET KANUNU m.585 | TÜRK TİCARET KANUNU m.574 | TÜRK TİCARET KANUNU m.135 | EREĞLİ DEMİR VE ÇELİK FABRİKALARI TÜRK ANONİM ŞİRKETİ KANUNU m.2 | TÜRK TİCARET KANUNUNUN YÜRÜRLÜĞÜ VE UYGULAMA ŞEKLİ HAKKINDA KANUN m.20 | KOOPERATİFLER KANUNU m.19,0.0923076923076923,0.0923076923076923,1.0,1.0,1.0,1.0,low_answer_overlap
Q046,İş Hukuku,medium,Yıllık ücretli izin hakkının doğması için gereken bekleme süresi ve izin süreleri (kıdem yılına göre) nasıldır?,"Yıllık ücretli izin hakkı, işçinin işe başladığı günden itibaren deneme süresi dâhil en az bir yıl çalışmasıyla doğar. Hizmeti bir yıldan beş yıla kadar olanlara en az on dört gün, beş yıldan fazla on beş yıldan az olanlara en az yirmi gün, on beş yıl ve daha fazla olanlara en az yirmi altı gün izin verilir; on sekiz yaş altı ve elli yaş üstü işçiler için alt sınır yirmi gündür.","1. Yıllık ücretli izin hakkının doğması için gereken bekleme süresi ve izin süreleri, işçinin hizmet süresi ve işyerinin kurulu bulunduğu yerden başka bir yerde geçirecek olması durumunda, işveren tarafından belirlenen izin süresi ile ilgili olarak, 53 üncü maddede belirtilen süreler dikkate alınır.

2. Şartlar / açıklama: 
Yıllık ücretli izin hakkının doğması için gereken bekleme süresi ve izin süreleri, işçinin hizmet süresi ve işyerinin kurulu bulunduğu yerden başka bir yerde geçirecek olması durumunda, işveren tarafından belirlenen izin süresi ile ilgili olarak, 53 üncü maddede belirtilen süreler dikkate alınır.

3. Dayanak maddeler: 
[1] İŞ KANUNU m.53
[2] İŞ KANUNU m.56
[3] İŞ KANUNU m.54
[4] İŞ KANUNU m.55
[5] DENİZ İŞ KANUNU m.40

4. Not / sınırlılık: 
Yıllık ücretli izin hakkının doğması için gereken bekleme süresi ve izin süreleri, işçinin hizmet süresi ve işyerinin kurulu bulunduğu yerden başka bir yerde geçirecek olması durumunda, işveren tarafından belirlenen izin süresi ile ilgili olarak, 53 üncü maddede belirtilen süreler dikkate alınır.",1_5_4857_MADDE_53,1_5_4857_MADDE_53; 1_5_4857_MADDE_56; 1_5_4857_MADDE_54; 1_5_4857_MADDE_55; 1_5_854_MADDE_40; 1_5_3269_MADDE_11; 1_5_4857_MADDE_60; 1_5_4857_MADDE_57; 1_5_6098_MADDE_425; 1_5_6098_MADDE_424,İŞ KANUNU m.53 | İŞ KANUNU m.56 | İŞ KANUNU m.54 | İŞ KANUNU m.55 | DENİZ İŞ KANUNU m.40 | UZMAN ERBAŞ KANUNU m.11 | İŞ KANUNU m.60 | İŞ KANUNU m.57 | TÜRK BORÇLAR KANUNU m.425 | TÜRK BORÇLAR KANUNU m.424,0.0932203389830508,0.0847457627118644,1.0,1.0,1.0,1.0,low_answer_overlap
Q009,Borçlar Hukuku,medium,Sözleşmelerde hata (yanılma) nedeniyle iptal hakkının kullanılma süresi nedir?,"Hata sebebiyle sözleşmeyi iptal hakkı, hatanın öğrenildiği tarihten başlayarak bir yıl içinde kullanılmalıdır. Bu süre hak düşürücü süredir.","1. Sözleşmelerde hata (yanılma) nedeniyle iptal hakkının kullanılma süresi, Türkiye hukuku bağlamında belirli bir süre içinde, sözleşmenin fesih bildirimi ile sona erdiği belirtilmiştir.

2. Şartlar / açıklama:  Bu cevap, Türk Borçlar Kanunu'nun madde 430'unu ve İŞ KANUNU'nun geçici madde 10'unu inceleyerek verilir.

3. Dayanak maddeler:
    - KARAYOLLARI TRAFİK KANUNU m.111
    - TÜRK BORÇLAR KANUNU m.39
    - İŞ KANUNU m.26
    - TÜKETİCİNİN KORUNMASI HAKKINDA KANUN m.18
    - TÜRK BORÇLAR KANUNU m.430

4. Not / sınırlılık: Bu cevap, Türk hukukunda genel bir bakış sunmaktadır.",1_5_6098_MADDE_39,1_5_2918_MADDE_111; 1_5_6098_MADDE_39; 1_5_4857_MADDE_26; 1_5_6098_MADDE_281; 1_5_6502_MADDE_18; 1_5_6502_MADDE_15; 1_5_4857_GEÇİCİ_MADDE_10; 1_5_6098_MADDE_430; 1_5_4857_MADDE_25; 1_5_6098_MADDE_433,KARAYOLLARI TRAFİK KANUNU m.111 | TÜRK BORÇLAR KANUNU m.39 | İŞ KANUNU m.26 | TÜRK BORÇLAR KANUNU m.281 | TÜKETİCİNİN KORUNMASI HAKKINDA KANUN m.18 | TÜKETİCİNİN KORUNMASI HAKKINDA KANUN m.15 | İŞ KANUNU geçici m.10 | TÜRK BORÇLAR KANUNU m.430 | İŞ KANUNU m.25 | TÜRK BORÇLAR KANUNU m.433,0.1111111111111111,0.0925925925925925,1.0,1.0,1.0,1.0,low_answer_overlap
Q044,Ticaret Hukuku,medium,"""Haksız rekabet""te ""yanıltıcı reklam""ın unsurları nelerdir?","Yanıltıcı reklam, rakipler veya müşteriler bakımından gerçeğe aykırı ya da aldatıcı bilgi verilmesi suretiyle ekonomik kararları etkilemeye elverişli tanıtımdır. Haksız rekabet sayılabilmesi için dürüstlük kuralına aykırı ve aldatıcı nitelik taşıması gerekir.","1. Yanıltıcı reklam, ""yanıltıcı"" ve ""rekabet"" unsurlarını içeren bir reklamın yanıltıcı ve rekabetçi bir şekilde kullanılmasıyla oluşur. 
2. Yanıltıcı reklamın unsurları, tüketicinin rekabetçi bir şekilde rekabet edebilmesi için bir ürün veya hizmetin yanıltıcı bir şekilde sunulmasıyla oluşur.
3. Madde 55, TÜRK TİCARET KANUNU'nda, ""yanıltıcı reklam""ın unsurları nelerdir?
4. Not: Bu cevap, Türk Ticaret Kanunu'nun madde 55'ini temel almaktadır.


**Not:** Bu cevap, Türk Ticaret Kanunu'nun madde 55'ini temel almaktadır.",1_5_6102_MADDE_55,1_5_6102_MADDE_55; 1_5_6102_MADDE_54; 1_5_6102_MADDE_58; 1_5_6362_MADDE_100; 1_5_6502_MADDE_63; 1_5_6502_MADDE_61; 1_5_4054_MADDE_4; 1_5_6102_MADDE_56; 1_5_4054_MADDE_59; 1_5_5684_MADDE_32,TÜRK TİCARET KANUNU m.55 | TÜRK TİCARET KANUNU m.54 | TÜRK TİCARET KANUNU m.58 | SERMAYE PİYASASI KANUNU m.100 | TÜKETİCİNİN KORUNMASI HAKKINDA KANUN m.63 | TÜKETİCİNİN KORUNMASI HAKKINDA KANUN m.61 | REKABETİN KORUNMASI HAKKINDA KANUN m.4 | TÜRK TİCARET KANUNU m.56 | REKABETİN KORUNMASI HAKKINDA KANUN m.59 | SİGORTACILIK KANUNU m.32,0.1132075471698113,0.0754716981132075,1.0,1.0,1.0,1.0,low_answer_overlap
Q079,Ceza Hukuku,medium,Şikâyete bağlı suçlarda şikâyet süresi ne kadardır ve ne zaman başlar?,"Şikâyet hakkı, fiilin ve failin öğrenildiği günden itibaren altı ay içinde kullanılmalıdır.","1. Şikâyete bağlı suçlarda, şikâyete bağlı suçun işlendiğinin öğrenildiği tarihten itibaren, 6 ay içinde şikâyete bulunulması gerekir. 
2. Bu cevap, Türk Ceza Kanunu'nun madde 73'ü ve İnfaz Hakkında Kanun'un madde 5'inin açıklamalarını temel almaktadır. 
3. Türk Ceza Kanunu m.73, şikâyete bağlı suçlarda şikâyete bulunulması gerektiğini belirtir. 
4. Not: Bu cevap, Türk Ceza Kanunu'nun madde 73'ü ve İnfaz Hakkında Kanun'un madde 5'inin açıklamalarını temel almaktadır. 

**Not:** Bu cevap, verilen mevzuat bağlamına dayanarak verilen sorunun cevabını vermektedir.",1_5_5237_MADDE_73,1_5_5237_MADDE_73; 1_5_4675_MADDE_5; 1_3_2004_MADDE_347; 1_5_4734_MADDE_55; 1_4_211_MADDE_30; 1_5_5187_MADDE_26; 1_5_5320_MADDE_7; 1_3_2004_MADDE_16; 1_5_6698_MADDE_14; 1_5_5941_GEÇİCİ_MADDE_2,TÜRK CEZA KANUNU m.73 | İNFAZ HÂKİMLİĞİ KANUNU m.5 | İCRA VE İFLAS KANUNU m.347 | KAMU İHALE KANUNU m.55 | TÜRK SİLAHLI KUVVETLERİ İÇ HİZMET KANUNU m.30 | BASIN KANUNU m.26 | CEZA MUHAKEMESİ KANUNUNUN YÜRÜRLÜK VE UYGULAMA ŞEKLİ HAKKINDA KANUN m.7 | İCRA VE İFLAS KANUNU m.16 | KİŞİSEL VERİLERİN KORUNMASI KANUNU m.14 | ÇEK KANUNU geçici m.2,0.1153846153846153,0.0961538461538461,1.0,1.0,1.0,1.0,low_answer_overlap
Q135,Borçlar Hukuku,medium,Borcun borçluya yüklenemeyen sebeple imkânsızlaşması hâlinde karşı edim ne olur?,Karşılıklı borç yükleyen sözleşmelerde borçlu borcundan kurtulur; kendisinden ifa isteme hakkını kaybeden alacaklı da karşı edimi isteyemez ve geri vermek zorunda kalır.,"1. Borçlu, borcun ifası imkânsızlaştığında, karşı edimi sebepsiz zenginleşme hükümleri uyarınca geri vermekle yükümlüdür.
2. Bu cevap, Türk Borçlar Kanunu'nun madde 136'da belirtilen ""Borcun ifası borçlunun sorumlu tutulamayacağı sebeplerle imkânsızlaşırsa, borç sona erer"" ifadesine dayanmaktadır.
3. Madde 136, borcun ifası imkânsızlaştığında, borçlu, karşı edimi sebepsiz zenginleşme hükümleri uyarınca geri vermekle yükümlüdür.
4. Not: Bu cevap, Türk Borçlar Kanunu'nun madde 136'da belirtilen ""Borcun ifası borçlunun sorumlu tutulamayacağı sebeplerle imkânsızlaşırsa, borç sona erer"" ifadesine dayanmaktadır.",1_5_6098_MADDE_136,1_5_6098_MADDE_136; 1_5_6098_MADDE_137; 1_5_6098_MADDE_182; 1_5_6098_MADDE_98; 1_5_6098_MADDE_485; 1_5_6098_MADDE_113; 1_5_6098_MADDE_187; 1_5_6098_MADDE_112; 1_5_6098_MADDE_111; 1_3_6183_MADDE_30,TÜRK BORÇLAR KANUNU m.136 | TÜRK BORÇLAR KANUNU m.137 | TÜRK BORÇLAR KANUNU m.182 | TÜRK BORÇLAR KANUNU m.98 | TÜRK BORÇLAR KANUNU m.485 | TÜRK BORÇLAR KANUNU m.113 | TÜRK BORÇLAR KANUNU m.187 | TÜRK BORÇLAR KANUNU m.112 | TÜRK BORÇLAR KANUNU m.111 | AMME ALACAKLARININ TAHSİL USULÜ HAKKINDA KANUN m.30,0.116504854368932,0.0970873786407767,1.0,1.0,1.0,1.0,low_answer_overlap
Q021,Ceza Hukuku,medium,"Ceza hukukunda ""teşebbüs"" halinde ceza indirimi hangi kriterlere göre yapılır?","Teşebbüs halinde ceza indirimi, meydana gelen zarar veya tehlikenin ağırlığına göre belirlenir. Ağırlaştırılmış müebbet ve müebbet için özel aralıklar, diğer hapis cezalarında ise cezada dörtte birden dörtte üçe kadar indirim uygulanır.","1. Ceza indirimi, teşebbüs halinde ceza, suçu işlemeyi kastettiği bir suçu elverişli hareketlerle doğrudan doğruya icraya başlayıp da elinde olmayan nedenlerle tamamlayamaz ise, teşebbüs halinde ceza indirilir.
2. Bu, TÜRK CEZA KANUNU m.35'in madde 35'i ile ilgili olarak belirtilen ""teşebbüs halinde ceza indirimi""nin açıklamasını içerir.
3. Madde 35, teşebbüs halinde ceza indirimi için kriterleri belirtir.
4. Not: Bu cevap, sadece verilen mevzuat bağlamına dayanmaktadır.",1_5_5237_MADDE_35,1_5_5237_MADDE_35; 1_5_5237_MADDE_62; 1_5_5237_MADDE_110; 1_5_5237_MADDE_168; 1_5_5237_MADDE_88; 1_5_5237_MADDE_36; 1_5_5237_MADDE_269; 1_5_5237_MADDE_61; 1_5_5237_MADDE_15; 1_5_5237_MADDE_248,TÜRK CEZA KANUNU m.35 | TÜRK CEZA KANUNU m.62 | TÜRK CEZA KANUNU m.110 | TÜRK CEZA KANUNU m.168 | TÜRK CEZA KANUNU m.88 | TÜRK CEZA KANUNU m.36 | TÜRK CEZA KANUNU m.269 | TÜRK CEZA KANUNU m.61 | TÜRK CEZA KANUNU m.15 | TÜRK CEZA KANUNU m.248,0.1212121212121212,0.101010101010101,1.0,1.0,1.0,1.0,low_answer_overlap
Q094,Medeni Hukuk,medium,Evlilik birliğinin sarsılması sebebiyle boşanmaya karar verilebilmesi için hangi temel ölçüt aranır?,Ortak hayatın sürdürülmesi eşlerden beklenemeyecek derecede evlilik birliği temelinden sarsılmış olmalıdır.,"1. Evlilik birliğinin sarsılması sebebiyle boşanmaya karar verilebilmesi için, ortak hayatın yeniden kurulması olasılığı bulunmalıdır. 
2. Bu karar, boşanma sebebiyle açılmış bulunan davanın reddine karar verilmesi ve bu kararın kesinleştiği tarihten başlayarak üç yıl geçmesi hâlinde, her ne sebeple olursa olsun ortak hayat yeniden kurulamamışsa evlilik birliği temelden sarsılmış sayılır ve eşlerden birinin istemi üzerine boşanmaya karar verilir. 
3.  TÜRK MEDENİ KANUNU m.166, m.165, m.170, m.162, m.164, m.160, m.184, m.182
4.  Bu cevap, verilen mevzuat bağlamına dayanarak verilen cevap.",1_5_4721_MADDE_166,1_5_4721_MADDE_166; 1_5_4721_MADDE_165; 1_5_4721_MADDE_170; 1_5_4721_MADDE_162; 1_5_4721_MADDE_164; 1_5_4721_MADDE_160; 1_5_4721_MADDE_163; 1_5_5718_MADDE_14; 1_5_4721_MADDE_184; 1_5_4721_MADDE_182,TÜRK MEDENİ KANUNU m.166 | TÜRK MEDENİ KANUNU m.165 | TÜRK MEDENİ KANUNU m.170 | TÜRK MEDENİ KANUNU m.162 | TÜRK MEDENİ KANUNU m.164 | TÜRK MEDENİ KANUNU m.160 | TÜRK MEDENİ KANUNU m.163 | MİLLETLERARASI ÖZEL HUKUK VE USUL HUKUKU HAKKINDA KANUN m.14 | TÜRK MEDENİ KANUNU m.184 | TÜRK MEDENİ KANUNU m.182,0.1212121212121212,0.101010101010101,1.0,1.0,1.0,1.0,low_answer_overlap
Q151,Ceza Muhakemesi Hukuku,medium,Yakalanan kişinin yakınlarına haber verilmesi nasıl sağlanır?,Yakalanan kişinin istediği bir yakınına veya belirlediği kişiye gecikmeksizin haber verilir.,"1. Yakalanan kişinin yakınlarına haber verilmesi, CEZA MUHAKEMESİ KANUNu m.95'in gereğidir.
2. Bu cevap, CEZA MUHAKEMESİ KANUNu m.95'in madde 95'ini inceleyerek verilir.
3. CEZA MUHAKEMESİ KANUNu m.95'in metni, yakalanan kişinin yakınlarına haber verilmesi gerektiğini belirtiyor.
4. Not: Bu cevap, sadece verilen mevzuat bağlamına dayanarak verilir.",1_5_5271_MADDE_95,1_5_5271_MADDE_95; 1_5_5271_MADDE_107; 1_4_211_MADDE_82; 1_5_5271_MADDE_96; 1_5_6284_MADDE_7; 1_5_5271_MADDE_91; 1_5_4536_MADDE_5; 1_5_5271_MADDE_94; 1_5_7179_MADDE_26; 1_5_5607_MADDE_5,CEZA MUHAKEMESİ KANUNU m.95 | CEZA MUHAKEMESİ KANUNU m.107 | TÜRK SİLAHLI KUVVETLERİ İÇ HİZMET KANUNU m.82 | CEZA MUHAKEMESİ KANUNU m.96 | AİLENİN KORUNMASI VE KADINA KARŞI ŞİDDETİN ÖNLENMESİNE DAİR KANUN m.7 | CEZA MUHAKEMESİ KANUNU m.91 | DENİZLERDE VE YURT YÜZEYİNDE GÖRÜLEN PATLAYICI MADDE VE ŞÜPHELİ CİSİMLERE UYGULANACAK ESASLARA İLİŞKİN KANUN m.5 | CEZA MUHAKEMESİ KANUNU m.94 | ASKERALMA KANUNU m.26 | KAÇAKÇILIKLA MÜCADELE KANUNU m.5,0.126984126984127,0.126984126984127,1.0,1.0,1.0,1.0,low_answer_overlap
Q178,Ticaret Hukuku,medium,Anonim şirkette yönetim kurulu kaç kişiden oluşabilir?,Yönetim kurulu bir veya daha fazla kişiden oluşabilir.,"1. Anonim şirketin yönetim kurulu, esas sözleşmeyle atanmış veya genel kurul tarafından seçilmiş, bir veya daha fazla kişiden oluşur. 
2.  
3.  
4.  

**Açıklama:**

Anonim şirketin yönetim kurulu, esas sözleşmeyle atanmış veya genel kurul tarafından seçilmiş, bir veya daha fazla kişiden oluşur. 

**Dayanak Maddeler:**

* TÜRK TİCARET KANUNU m.359
* TÜRK TİCARET KANUNU m.365
* SPOR KULÜPLERİ VE SPOR FEDERASYONLARI KANUNU m.16
* İLLER BANKASI ANONİM ŞİRKETİ HAKKINDA KANUN m.7
* SERBEST MUHASEBECİ MALİ MÜŞAVİRLİK VE YEMİNLİ MALİ MÜŞAVİRLİK KANUNU m.21

**Not / Sınırlılık:**

Bu cevap, verilen mevzuat bağlamına dayanarak verilen soruyu yanıtlamaktadır.",1_5_6102_MADDE_359,1_5_6102_MADDE_359; 1_5_7405_MADDE_16; 1_5_6107_MADDE_7; 1_5_6102_MADDE_365; 1_5_6102_MADDE_338; 1_5_3568_MADDE_21; 1_5_4632_MADDE_12; 1_5_4562_MADDE_8; 1_5_7330_MADDE_6; 1_5_6103_MADDE_25,TÜRK TİCARET KANUNU m.359 | SPOR KULÜPLERİ VE SPOR FEDERASYONLARI KANUNU m.16 | İLLER BANKASI ANONİM ŞİRKETİ HAKKINDA KANUN m.7 | TÜRK TİCARET KANUNU m.365 | TÜRK TİCARET KANUNU m.338 | SERBEST MUHASEBECİ MALİ MÜŞAVİRLİK VE YEMİNLİ MALİ MÜŞAVİRLİK KANUNU m.21 | BİREYSEL EMEKLİLİK TASARRUF VE YATIRIM SİSTEMİ KANUNU m.12 | ORGANİZE SANAYİ BÖLGELERİ KANUNU m.8 | MAKİNE VE KİMYA ENDÜSTRİSİ ANONİM ŞİRKETİ HAKKINDA KANUN m.6 | TÜRK TİCARET KANUNUNUN YÜRÜRLÜĞÜ VE UYGULAMA ŞEKLİ HAKKINDA KANUN m.25,0.128440366972477,0.128440366972477,1.0,1.0,1.0,1.0,low_answer_overlap
Q182,İş Hukuku,medium,Belirli süreli iş sözleşmesi hangi durumda yapılabilir?,"Belirli süreli iş sözleşmesi, iş ilişkisinin belli bir süreye bağlanmasını gerektiren objektif koşullar varsa yazılı şekilde yapılabilir.","1. Belirli süreli iş sözleşmesi, belirli bir işin tamamlanması veya belirli bir olgunun ortaya çıkması gibi objektif koşullara bağlı olarak işveren ile işçi arasında yazılı şekilde yapılan iş sözleşmesi, belirli süreli iş sözleşmesidir.
2. Belirli süreli iş sözleşmesi, belirsiz süreli iş sözleşmesinden farklı olarak, belirli bir işin tamamlanması veya belirli bir olgunun ortaya çıkması gibi objektif koşullara bağlı olarak işveren ile işçi arasında yazılı şekilde yapılan iş sözleşmesi olarak kabul edilir.
3. İŞ KANUNU m.11, İŞ KANUNU m.9, İŞ KANUNU m.12, SENDİKALAR VE TOPLU İŞ SÖZLEŞMESİ KANUNU m.35, İŞ KANUNU m.13
4.  


**Not:** Bu cevap, verilen mevzuat bağlamına dayanarak verilen soruyu yanıtlamaya çalışmıştır. Ancak, hukuk alanında uzman bir avukata danışılması tavsiye edilir.",1_5_4857_MADDE_11,1_5_4857_MADDE_11; 1_5_4857_MADDE_9; 1_5_4857_MADDE_12; 1_5_6356_MADDE_35; 1_5_4857_MADDE_13; 1_5_6098_MADDE_430; 1_5_4857_MADDE_14; 1_5_4857_MADDE_10; 1_5_4857_MADDE_8; 1_5_6356_MADDE_34,İŞ KANUNU m.11 | İŞ KANUNU m.9 | İŞ KANUNU m.12 | SENDİKALAR VE TOPLU İŞ SÖZLEŞMESİ KANUNU m.35 | İŞ KANUNU m.13 | TÜRK BORÇLAR KANUNU m.430 | İŞ KANUNU m.14 | İŞ KANUNU m.10 | İŞ KANUNU m.8 | SENDİKALAR VE TOPLU İŞ SÖZLEŞMESİ KANUNU m.34,0.1285714285714285,0.1285714285714285,1.0,1.0,1.0,1.0,low_answer_overlap
Q113,İş Hukuku,medium,Haftalık çalışma süresi kural olarak ne kadardır?,Genel bakımdan çalışma süresi haftada en çok kırk beş saattir.,"1. Haftalık çalışma süresi, genel olarak 40 saattir.
2. Bu süre Cumartesi ve Pazar günleri tatil olmak üzere düzenlenir.
3. İŞ KANUNU m.63, 41, 42, 43, 854, 26 ve 926 maddelerinde belirtilmiştir.
4. Not / Sınırlık:  

**Açıklama:**

İŞ KANUNU m.63, 41, 42, 43, 854, 26 ve 926 maddelerinde belirtilmiştir.",1_5_4857_MADDE_63,1_5_4857_MADDE_63; 1_5_657_MADDE_99; 1_5_926_MADDE_2; 1_5_4857_MADDE_76; 1_5_4857_MADDE_41; 1_5_854_MADDE_26; 1_5_4857_MADDE_14; 1_5_4566_MADDE_30; 1_5_4857_MADDE_64; 1_5_4857_MADDE_68,İŞ KANUNU m.63 | DEVLET MEMURLARI KANUNU m.99 | TÜRK SİLÂHLI KUVVETLERİ PERSONEL KANUNU m.2 | İŞ KANUNU m.76 | İŞ KANUNU m.41 | DENİZ İŞ KANUNU m.26 | İŞ KANUNU m.14 | HARP OKULLARI KANUNU m.30 | İŞ KANUNU m.64 | İŞ KANUNU m.68,0.1290322580645161,0.0967741935483871,1.0,1.0,1.0,1.0,low_answer_overlap
Q114,İş Hukuku,medium,Haftalık çalışma süresi haftanın günlerine nasıl dağıtılabilir?,"Tarafların anlaşmasıyla haftalık normal çalışma süresi, işyerlerinde haftanın çalışılan günlerine günde on bir saati aşmamak koşuluyla farklı şekilde dağıtılabilir.","1. Haftalık çalışma süresi haftanın günlerine eşit olarak bölünerek uygulanabilir.
2. Bu, İŞ KANUNU m.63'ün madde 63'ü ile uyumlu.
3. İŞ KANUNU m.63'ün madde 63'ü, haftalık çalışma süresinin haftanın günlerine eşit olarak bölünerek uygulanabileceğini belirtiyor.
4.  

**Not:** Bu cevap, verilen mevzuat bağlamına dayanarak verilen soruyu cevaplamaya çalışıyor.",1_5_4857_MADDE_63,1_5_4857_MADDE_63; 1_5_4857_MADDE_76; 1_5_657_MADDE_99; 1_5_4857_MADDE_46; 1_5_854_MADDE_26; 1_5_4857_MADDE_64; 1_5_4857_MADDE_14; 1_5_4857_MADDE_43; 1_5_4857_MADDE_41; 1_5_4857_MADDE_68,İŞ KANUNU m.63 | İŞ KANUNU m.76 | DEVLET MEMURLARI KANUNU m.99 | İŞ KANUNU m.46 | DENİZ İŞ KANUNU m.26 | İŞ KANUNU m.64 | İŞ KANUNU m.14 | İŞ KANUNU m.43 | İŞ KANUNU m.41 | İŞ KANUNU m.68,0.1351351351351351,0.1351351351351351,1.0,1.0,1.0,1.0,low_answer_overlap
Q145,Ceza Hukuku,medium,Yaş küçüklüğü ceza sorumluluğunu nasıl etkiler?,"Ceza sorumluluğu bakımından yaş küçüklüğü, failin yaş grubuna göre ceza verilmemesi, indirim yapılması veya algılama ve yönlendirme yeteneğinin ayrıca değerlendirilmesi sonucunu doğurur.","1. Yaş küçüklüğü ceza sorumluluğunu etkiler.
2. Bu, Türk Ceza Kanunu'nun madde 31'inde belirtilen ""oniki yaşını doldurmamış çocukların ceza sorumluluğu yoktur"" ifadesine dayanmaktadır.
3. Madde 31'in 1. fıkrası, oniki yaşını doldurmamış çocukların ceza sorumluluğunun olmadığını belirtiyor.
4. Not: Bu cevap, Türk Ceza Kanunu'nun madde 31'ini temel almaktadır.",1_5_5237_MADDE_31,1_5_5237_MADDE_31; 1_5_5237_MADDE_33; 1_5_5326_MADDE_11; 1_5_5237_MADDE_30; 1_5_5237_MADDE_98; 1_5_5395_MADDE_19; 1_5_5237_MADDE_104; 1_5_5395_MADDE_21; 1_5_5275_MADDE_46; 1_5_5237_MADDE_234,TÜRK CEZA KANUNU m.31 | TÜRK CEZA KANUNU m.33 | KABAHATLER KANUNU m.11 | TÜRK CEZA KANUNU m.30 | TÜRK CEZA KANUNU m.98 | ÇOCUK KORUMA KANUNU m.19 | TÜRK CEZA KANUNU m.104 | ÇOCUK KORUMA KANUNU m.21 | CEZA VE GÜVENLİK TEDBİRLERİNİN İNFAZI HAKKINDA KANUN m.46 | TÜRK CEZA KANUNU m.234,0.1351351351351351,0.081081081081081,1.0,1.0,1.0,1.0,low_answer_overlap
Q091,Medeni Hukuk,medium,Gaiplik kararı istenebilmesi için ölüm tehlikesi hâlinde ne kadar süre geçmelidir?,"Ölüm tehlikesi içinde kaybolan kişi hakkında, tehlikenin üzerinden en az bir yıl geçmişse gaiplik istenebilir.","1. Gaiplik kararı istenebilmesi için ölüm tehlikesi hâlinde en az bir yıl veya son haber tarihinin üzerinden en az beş yıl geçmiş olması gerekir.
2. Bu, Türk Medeni Kanunun 33. maddesinin gerektirdiği şartları karşılar.
3. Dayanak maddeler:
    * TÜRK MEDENİ KANUNU m.33
    * TÜRK MEDENİ KANUNU m.35
    * TÜRK MEDENİ KANUNU m.584
    * TÜRK MEDENİ KANUNU m.32
    * TÜRK MEDENİ KANUNU m.588
    * MİLLETLERARASI ÖZEL HUKUK VE USUL HUKUKU HAKKINDA KANUN m.11
    * ADLİ TIP KURUMU İLE İLGİLİ BAZI DÜZENLEMELER HAKKINDA KANUN m.17
4. Not / sınırlılık:
    * Bu cevap, verilen mevzuat bağlamına dayanarak verilen soruyu yanıtlamak için yapılmıştır.
    * Bu cevap, hukuki tavsiye veya danışmanlık olarak kabul edilemez.",1_5_4721_MADDE_32,1_5_4721_MADDE_33; 1_5_4721_MADDE_35; 1_5_4721_MADDE_584; 1_5_4721_MADDE_32; 1_5_5275_MADDE_94; 1_5_4721_MADDE_34; 1_5_4721_MADDE_588; 1_5_5718_MADDE_11; 1_5_2659_MADDE_17; 1_5_4735_MADDE_17,TÜRK MEDENİ KANUNU m.33 | TÜRK MEDENİ KANUNU m.35 | TÜRK MEDENİ KANUNU m.584 | TÜRK MEDENİ KANUNU m.32 | CEZA VE GÜVENLİK TEDBİRLERİNİN İNFAZI HAKKINDA KANUN m.94 | TÜRK MEDENİ KANUNU m.34 | TÜRK MEDENİ KANUNU m.588 | MİLLETLERARASI ÖZEL HUKUK VE USUL HUKUKU HAKKINDA KANUN m.11 | ADLİ TIP KURUMU İLE İLGİLİ BAZI DÜZENLEMELER HAKKINDA KANUN m.17 | KAMU İHALE SÖZLEŞMELERİ KANUNU m.17,0.1428571428571428,0.0952380952380952,1.0,1.0,1.0,1.0,low_answer_overlap
Q022,Ceza Hukuku,medium,"Suçun ""manevi unsuru"" bakımından ""doğrudan kast"" ile ""olası kast"" ayrımını yapınız.","Doğrudan kastta fail, suçun kanuni unsurlarını bilerek ve isteyerek gerçekleştirir. Olası kastta ise fail, fiilin suç sonucunu doğurabileceğini öngörür ve buna rağmen fiili işlemeyi göze alır.","1. Suçun ""manevi unsuru"" bakımından ""doğrudan kast"" ile ""olası kast"" ayrımında, doğrudan kast, suçun kanuni tanımındaki unsurların bilerek ve istenerek gerçekleştirilmesidir. Olası kast ise, suçun kanuni tanımındaki unsurların gerçekleşebileceği öngörülmesine rağmen, fiili işlemesi halinde olur.
2. Bu ayrım, Türk Ceza Kanunu'nun madde 21'inde belirtildiği gibi, suçun kanuni tanımındaki unsurların bilerek ve istenerek gerçekleştirilmesinin ""doğrudan kast"" olarak adlandırılması ve bu unsurların gerçekleşebileceği öngörülmesinin ""olası kast"" olarak adlandırılmasıyla yapılır.
3. Madde 21, Türk Ceza Kanunu'nun madde 21'inde, suçun oluşması kastın varlığına bağlıdır. Kast, suçun kanuni tanımındaki unsurların bilerek ve istenerek gerçekleştirilmesidir.
4. Not: Bu cevap, Türk Ceza Kanunu'nun madde 21'inde belirtilen ""doğrudan kast"" ve ""olası kast"" ayrımını açıkça belirtmektedir.",1_5_5237_MADDE_21,1_5_5237_MADDE_21; 1_5_5237_MADDE_44; 1_5_5237_MADDE_40; 1_5_5237_MADDE_46; 1_5_5271_MADDE_8; 1_5_5237_MADDE_77; 1_5_5237_MADDE_45; 1_5_5237_MADDE_108; 1_5_5237_MADDE_43; 1_5_5237_MADDE_81,TÜRK CEZA KANUNU m.21 | TÜRK CEZA KANUNU m.44 | TÜRK CEZA KANUNU m.40 | TÜRK CEZA KANUNU m.46 | CEZA MUHAKEMESİ KANUNU m.8 | TÜRK CEZA KANUNU m.77 | TÜRK CEZA KANUNU m.45 | TÜRK CEZA KANUNU m.108 | TÜRK CEZA KANUNU m.43 | TÜRK CEZA KANUNU m.81,0.1438848920863309,0.1294964028776978,1.0,1.0,1.0,1.0,low_answer_overlap
Q037,Medeni Hukuk,easy,"""Mirasın reddi"" (reddi miras) süresi ne zamandan itibaren başlar ve ne kadardır?","Mirasın reddi süresi, yasal mirasçılar için mirasçı olduklarını öğrendikleri tarihten; atanmış mirasçılar için tasarrufun kendilerine resmen bildirildiği tarihten itibaren üç aydır.","1. Mirasın reddi süresi, mirasçılar tarafından mirasbırakanın ölümünden itibaren başlar.
2. Bu süre, kendilerinin mirasbırakanından geçen mirasın reddi için mirasçıya tanınan süre dolmadıkça sona ermez.
3. Dayanak maddeler: TÜRK MEDENİ KANUNU m.608, m.617, m.606, m.609, m.571, m.559, m.639, m.241
4. Not / sınırlılık:  Bu cevap, verilen mevzuat bağlamına dayanarak verilen sorunun cevabını verir.",1_5_4721_MADDE_606,1_5_4721_MADDE_608; 1_5_4721_MADDE_617; 1_5_4721_MADDE_606; 1_5_4721_MADDE_614; 1_5_4721_MADDE_609; 1_5_4721_MADDE_571; 1_5_4721_MADDE_607; 1_5_4721_MADDE_559; 1_5_4721_MADDE_639; 1_5_4721_MADDE_241,TÜRK MEDENİ KANUNU m.608 | TÜRK MEDENİ KANUNU m.617 | TÜRK MEDENİ KANUNU m.606 | TÜRK MEDENİ KANUNU m.614 | TÜRK MEDENİ KANUNU m.609 | TÜRK MEDENİ KANUNU m.571 | TÜRK MEDENİ KANUNU m.607 | TÜRK MEDENİ KANUNU m.559 | TÜRK MEDENİ KANUNU m.639 | TÜRK MEDENİ KANUNU m.241,0.1481481481481481,0.1234567901234568,1.0,1.0,1.0,1.0,low_answer_overlap
Q110,Ticaret Hukuku,medium,Anonim şirkette genel kurulun toplantıya çağrılmasını azınlık hangi durumda isteyebilir?,"Azınlık, gerektirici sebepleri ve gündemi yazılı olarak bildirerek yönetim kurulundan genel kurulu toplantıya çağırmasını veya gündeme madde koymasını isteyebilir.","1. Anonim şirketin genel kurulu toplantıya çağırılmasını azınlık hangi durumda isteyebilir?
2. Şartlar / açıklama: Anonim şirketin genel kurulu toplantıya çağırılmasını azınlık isteyebilir.
3. Dayanak maddeler: TÜRK TİCARET KANUNU m.411
4. Not / sınırlılık:  

**Not:** Bu cevap, verilen mevzuat bağlamına dayanarak verilen sorunun cevabını sunmaktadır.",1_5_6102_MADDE_411,1_5_6102_MADDE_411; 1_5_6102_MADDE_473; 1_5_6102_MADDE_359; 1_5_6102_MADDE_410; 1_5_6102_MADDE_419; 1_5_1163_MADDE_44; 1_5_6102_MADDE_338; 1_5_1163_MADDE_43; 1_5_6102_MADDE_439; 1_5_6102_MADDE_447,TÜRK TİCARET KANUNU m.411 | TÜRK TİCARET KANUNU m.473 | TÜRK TİCARET KANUNU m.359 | TÜRK TİCARET KANUNU m.410 | TÜRK TİCARET KANUNU m.419 | KOOPERATİFLER KANUNU m.44 | TÜRK TİCARET KANUNU m.338 | KOOPERATİFLER KANUNU m.43 | TÜRK TİCARET KANUNU m.439 | TÜRK TİCARET KANUNU m.447,0.15625,0.15625,1.0,1.0,1.0,1.0,acceptable_automatic
Q075,Ceza Hukuku,easy,Kısa süreli hapis cezası hangi yaptırımlara çevrilebilir?,Kısa süreli hapis cezası adli para cezasına veya kanunda sayılan seçenek yaptırımlardan birine çevrilebilir.,"1. Kısa süreli hapis cezası, Türk Ceza Kanununun 50 nci maddesine göre seçenek olarak öngörülen yaptırımlardan birine çevrilebilir.
2. Bu seçenek, Türk Ceza Kanununun 50 nci maddesinin birinci fıkrasının (a) bendine göre belirtilen seçenek yaptırımlardan birine çevrilebilir.
3. Dayanak maddeler: ASKERİ CEZA KANUNU m.8, TÜRK CEZA KANUNU m.50, TÜRK CEZA KANUNUNUN YÜRÜRLÜK VE UYGULAMA ŞEKLİ HAKKINDA KANUN m.6, TÜRK CEZA KANUNUNUN YÜRÜRLÜK VE UYGULAMA ŞEKLİ HAKKINDA KANUN m.7, TÜRK CEZA KANUNUNUN YÜRÜRLÜK VE UYGULAMA ŞEKLİ HAKKINDA KANUN m.109
4. Not / sınırlılık:",1_5_5237_MADDE_50,1_3_1632_MADDE_8; 1_5_5237_MADDE_50; 1_5_5237_MADDE_45; 1_5_5252_MADDE_6; 1_5_5237_MADDE_62; 1_5_5252_MADDE_7; 1_5_5275_MADDE_109; 1_5_5237_MADDE_49; 1_3_1632_MADDE_23; 1_5_5015_MADDE_20,ASKERİ CEZA KANUNU m.8 | TÜRK CEZA KANUNU m.50 | TÜRK CEZA KANUNU m.45 | TÜRK CEZA KANUNUNUN YÜRÜRLÜK VE UYGULAMA ŞEKLİ HAKKINDA KANUN m.6 | TÜRK CEZA KANUNU m.62 | TÜRK CEZA KANUNUNUN YÜRÜRLÜK VE UYGULAMA ŞEKLİ HAKKINDA KANUN m.7 | CEZA VE GÜVENLİK TEDBİRLERİNİN İNFAZI HAKKINDA KANUN m.109 | TÜRK CEZA KANUNU m.49 | ASKERİ CEZA KANUNU m.23 | PETROL PİYASASI KANUNU m.20,0.16,0.16,1.0,1.0,1.0,1.0,acceptable_automatic
Q069,Borçlar Hukuku,medium,Taraflarca belirlenmemişse para borcunun ifa yeri neresidir?,"Aksine anlaşma veya teamül yoksa para borçları, alacaklının ödeme zamanındaki yerleşim yerinde ifa edilir.","1. Taraflarca belirlenmemişse para borcunun ifa yeri, tarafların açık veya örtülü iradelerine göre belirlenir. Aksine bir anlaşma yoksa, aşağıdaki hükümler uygulanır:
    - 1. Para borçları, alacaklının ödeme zamanındaki yerleşim yerinde, 
    - 2. Parça borçları, sözleşmenin kurulduğu sırada borç konusunun bulunduğu yerde, 
    - 3. Bunların dışındaki bütün borçlar, doğumları sırasında borçlunun yerleşim yerinde, ifa edilir.

2. Şartlar / açıklama:
    - Madde 89: Para borçlarının ifa yeri, tarafların açık veya örtülü iradelerine göre belirlenir. 
    - Madde 179: Borcun ifası, sözleşmenin koşullarına ve özelliklerine göre daha sonra ifa etme hakkı olmadıkça, kendi borcunu ifa etmiş ya da ifasını önermiş olması gerekir.

3. Dayanak maddeler:
    - TÜRK BORÇLAR KANUNU m.89
    - TÜRK BORÇLAR KANUNU m.179
    - TÜRK BORÇLAR KANUNU m.136
    - TÜRK BORÇLAR KANUNU m.97
    - TÜRK BORÇLAR KANUNU m.182
    - TÜRK BORÇLAR KANUNU m.137

4. Not / sınırlılık:
    - Bu cevap, Türk Borçlar Kanunu'nun maddeleri ve hükümleriyle sınırlı olarak verilmiştir. 
    - Bu cevap, hukuk asistanının görevini yerine getir",1_5_6098_MADDE_89,1_5_6098_MADDE_89; 1_5_6098_MADDE_179; 1_5_4721_MADDE_821; 1_5_6098_MADDE_136; 1_5_6098_MADDE_97; 1_3_2004_MADDE_33; 1_5_6098_MADDE_182; 1_5_6098_MADDE_98; 1_5_6098_MADDE_137; 1_3_2004_MADDE_36,TÜRK BORÇLAR KANUNU m.89 | TÜRK BORÇLAR KANUNU m.179 | TÜRK MEDENİ KANUNU m.821 | TÜRK BORÇLAR KANUNU m.136 | TÜRK BORÇLAR KANUNU m.97 | İCRA VE İFLAS KANUNU m.33 | TÜRK BORÇLAR KANUNU m.182 | TÜRK BORÇLAR KANUNU m.98 | TÜRK BORÇLAR KANUNU m.137 | İCRA VE İFLAS KANUNU m.36,0.1614906832298136,0.1490683229813664,1.0,1.0,1.0,1.0,acceptable_automatic
Q136,Borçlar Hukuku,medium,Alacağın devri için geçerlilikte hangi şekil aranır?,Alacağın devrinin geçerliliği yazılı şekilde yapılmasına bağlıdır.,"1. Alacağın devri, yazılı şekilde yapılmış olmasına bağlıdır. 
2. Alacağın devri sözü verme, şekle bağlı değildir. 
3. Madde 184, TÜRK BORÇLAR KANUNU'nda, Alacağın devri yazılı şekilde yapılmış olmasına bağlı olduğunu belirtiyor.
4. Not: Bu cevap, verilen mevzuat bağlamına dayanarak verilen cevap.",1_5_6098_MADDE_184,1_5_6098_MADDE_184; 1_5_6098_MADDE_185; 1_5_4721_MADDE_917; 1_5_6102_MADDE_1038; 1_5_6098_MADDE_189; 1_5_4721_MADDE_924; 1_4_213_GEÇİCİ_MADDE_24; 1_5_6098_MADDE_191; 1_3_2004_MADDE_197; 1_5_6102_MADDE_788,TÜRK BORÇLAR KANUNU m.184 | TÜRK BORÇLAR KANUNU m.185 | TÜRK MEDENİ KANUNU m.917 | TÜRK TİCARET KANUNU m.1038 | TÜRK BORÇLAR KANUNU m.189 | TÜRK MEDENİ KANUNU m.924 | VERGİ USUL KANUNU geçici m.24 | TÜRK BORÇLAR KANUNU m.191 | İCRA VE İFLAS KANUNU m.197 | TÜRK TİCARET KANUNU m.788,0.1632653061224489,0.1632653061224489,1.0,1.0,1.0,1.0,acceptable_automatic
Q024,Ceza Hukuku,easy,Soruşturulması şikayete bağlı suçlarda şikayet süresi ne zamandan itibaren başlar?,"Soruşturulması ve kovuşturulması şikâyete bağlı suçlarda şikâyet süresi, mağdurun veya suçtan zarar görenin fiili ve faili öğrendiği günden itibaren altı aydır.","1. Soruşturulması şikayete bağlı suçlarda şikayet süresi, şikayette bulunmayan yetkili kimsenin altı ay içinde başlaması gerekir. 

2. Bu cevap, Türk Ceza Kanunu m.73'ün madde 73'ü ve diğer ilgili mevzuatları temel almaktadır.

3. Madde 73, şikayet süresinin altı ay içinde başlaması gerektiğini belirtiyor.

4. Not: Bu cevap, Türk Ceza Kanunu'nun madde 73'ü ve diğer ilgili mevzuatları temel almaktadır.",1_5_5237_MADDE_73,1_5_5237_MADDE_73; 1_5_4734_MADDE_55; 1_5_4675_MADDE_5; 1_5_2802_MADDE_76; 1_4_298_MADDE_117; 1_5_4483_MADDE_9; 1_3_2004_MADDE_347; 1_3_2004_MADDE_16; 1_3_5846_MADDE_75; 1_5_5187_MADDE_26,TÜRK CEZA KANUNU m.73 | KAMU İHALE KANUNU m.55 | İNFAZ HÂKİMLİĞİ KANUNU m.5 | HAKİMLER VE SAVCILAR KANUNU m.76 | SEÇİMLERİN TEMEL HÜKÜMLERİ VE SEÇMEN KÜTÜKLERİ HAKKINDA KANUN m.117 | MEMURLAR VE DİĞER KAMU GÖREVLİLERİNİN YARGILANMASI HAKKINDA KANUN m.9 | İCRA VE İFLAS KANUNU m.347 | İCRA VE İFLAS KANUNU m.16 | FİKİR VE SANAT ESERLERİ KANUNU m.75 | BASIN KANUNU m.26,0.1647058823529411,0.1411764705882353,1.0,1.0,1.0,1.0,acceptable_automatic
Q105,Ticaret Hukuku,easy,Haksız rekabette yanıltıcı reklam neyi ifade eder?,Rakipler veya müşteriler üzerinde yanlış ya da yanıltıcı izlenim uyandıran ve dürüstlük kuralına aykırı reklam ve satış yöntemleri haksız rekabet oluşturur.,"1. Haksız rekabette yanıltıcı reklam, dürüstlük kuralına aykırı reklamlar ve satış yöntemleri ile diğer hukuka aykırı davranışlar ve özellikle yanıltıcı veya gereksiz yere incitici açıklamalarda bulunmak, başkalarının mallarını, iş ürünleri, faaliyetlerini veya ticari işlerini yanlış, yanıltıcı veya gereksiz yere incitici açıklamalarda bulunmak, tüketiciyi yanıltmak, tüketiciyi aldatmak, tüketiciyi kandırmak, tüketiciyi bilgilendirmesinin yanıltıcı veya gereksiz yere incitici açıklamalarda bulunmak.
2. Şartlar / açıklama: Bu cevap, Türk Ticaret Kanunu'nun madde 55'ini ve tüketici hakkı kanunlarının 61 inci maddesini inceleyerek verilir.
3. Dayanak maddeler:
    * TÜRK TİCARET KANUNU m.55
    * TÜKETİCİNİN KORUNMASI HAKKINDA KANUN m.61
    * TÜKETİCİNİN KORUNMASI HAKKINDA KANUN m.62
4. Not / sınırlılık: Bu cevap, Türk hukuku alanında çalışan bir citation-aware hukuk asistanı olarak verilen cevap.",1_5_6102_MADDE_55,1_5_6102_MADDE_55; 1_5_6502_MADDE_61; 1_5_6502_MADDE_62; 1_5_6102_MADDE_54; 1_5_6102_MADDE_58; 1_5_6362_MADDE_100; 1_5_6098_MADDE_57; 1_5_6585_MADDE_6; 1_5_6102_MADDE_56; 1_5_1618_MADDE_19,TÜRK TİCARET KANUNU m.55 | TÜKETİCİNİN KORUNMASI HAKKINDA KANUN m.61 | TÜKETİCİNİN KORUNMASI HAKKINDA KANUN m.62 | TÜRK TİCARET KANUNU m.54 | TÜRK TİCARET KANUNU m.58 | SERMAYE PİYASASI KANUNU m.100 | TÜRK BORÇLAR KANUNU m.57 | PERAKENDE TİCARETİN DÜZENLENMESİ HAKKINDA KANUN m.6 | TÜRK TİCARET KANUNU m.56 | SEYAHAT ACENTALARI VE SEYAHAT ACENTALARI BİRLİĞİ KANUNU m.19,0.1678321678321678,0.0979020979020979,1.0,1.0,1.0,1.0,acceptable_automatic
Q089,Ceza Muhakemesi Hukuku,medium,Toplu suçlarda gözaltı süresi nasıl uzatılabilir?,Toplu olarak işlenen suçlarda Cumhuriyet savcısının kararıyla gözaltı süresi her defasında bir günü geçmemek üzere üç gün süreyle uzatılabilir.,"1. Toplu suçlarda gözaltı süresi, her defasında bir günü geçmemek üzere, üç gün süreyle uzatılabilir.

2. Şartlar / açıklama:
Bu, CEZA MUHAKEMESİ KANUNU m.91'de belirtilen ""Gözaltı süresi, yakalama yerine en yakın hâkim veya mahkemeye gönderilmesi için zorunlu süre hariç, yakalama anından itibaren yirmidört saati geçemez."" ifadesine dayanmaktadır.

3. Dayanak maddeler:
* CEZA MUHAKEMESİ KANUNU m.91
* CEZA MUHAKEMESİ KANUNU m.102

4. Not / sınırlılık:
Bu, Türk Ceza Kanunu'nun İkinci Kitap Dördüncü Kısım Dördüncü, Beşinci, Altıncı ve Yedinci Bölümünde tanımlanan suçlar ile 3713 sayılı Terörle Mücadele Kanunu kapsamına giren suçlar veya örgüt faaliyeti çerçevesinde işlenen suçlar bakımından; 5237 sayılı Türk Ceza Kanununun İkinci Kitap Dördüncü Kısım Dördüncü, Beşinci, Altıncı ve Yedinci Bölümünde tanımlanan suçlar ile 3713 sayılı Terörle Mücadele Kanunu kapsamına giren suçlar veya örgüt faaliyeti çerçevesinde işlenen suçlar bakımından; 5237 sayılı Türk Ceza Kanununun İkinci Kitap Dördüncü Kısım Dördüncü, Beşinci, Altıncı ve Yedinci Bölümünde tanımlanan suçlar ile",1_5_5271_MADDE_91,1_5_5271_MADDE_91; 1_5_3713_GEÇİCİ_MADDE_19; 1_5_5271_MADDE_102; 1_5_6706_MADDE_14; 1_5_5271_MADDE_140; 1_5_5271_MADDE_95; 1_5_5237_MADDE_294; 1_5_6706_MADDE_24; 1_5_5275_MADDE_17; 1_5_4616_MADDE_1,"CEZA MUHAKEMESİ KANUNU m.91 | TERÖRLE MÜCADELE KANUNU geçici m.19 | CEZA MUHAKEMESİ KANUNU m.102 | CEZAÎ KONULARDA ULUSLARARASI ADLÎ İŞ BİRLİĞİ KANUNU m.14 | CEZA MUHAKEMESİ KANUNU m.140 | CEZA MUHAKEMESİ KANUNU m.95 | TÜRK CEZA KANUNU m.294 | CEZAÎ KONULARDA ULUSLARARASI ADLÎ İŞ BİRLİĞİ KANUNU m.24 | CEZA VE GÜVENLİK TEDBİRLERİNİN İNFAZI HAKKINDA KANUN m.17 | 23 NİSAN 1999 TARİHİNE KADAR İŞLENEN SUÇLARDAN DOLAYI ŞARTLA SALIVERİLMEYE, DAVA VE CEZALARIN ERTELENMESİNE DAİR KANUN m.1",0.1754385964912281,0.1637426900584795,1.0,1.0,1.0,1.0,acceptable_automatic
Q076,Ceza Hukuku,medium,Kısa süreli hapis cezasının adli para cezasına çevrilmesi nasıl hesaplanır?,Kısa süreli hapis cezası adli para cezasına çevrilirken bir gün karşılığı en az ve en çok kanundaki miktarlar esas alınır; toplam gün sayısı kadar adli para cezası belirlenir.,"1. Adli para cezası, hapis cezasından dönüştürülürse, hesaplanır.
2. Bu hesaplama, adli para cezasının belirlenmesinde esas alınan tam gün sayısının, bir gün karşılığı olarak takdir edilen miktar ile çarpılması suretiyle yapılır.
3. Bu hesaplama, Türk Ceza Kanununun 52 nci maddesinin birinci fıkrasında belirtilen usule göre tayin olunacak bir miktar paranın Devlet Hazinesine ödenmesinden ibarettir.
4. Not: Bu hesaplama, Türk Ceza Kanununun 52 nci maddesinin birinci fıkrasında belirtilen usule göre tayin olunacak bir miktar paranın Devlet Hazinesine ödenmesinden ibarettir.


**Not:** Bu cevap, verilen mevzuat bağlamına dayanarak verilen soruyu cevaplamak için yapılmıştır.",1_5_5237_MADDE_52,1_5_5252_MADDE_5; 1_5_5237_MADDE_50; 1_5_5237_MADDE_52; 1_5_5275_MADDE_106; 1_5_5252_MADDE_7; 1_5_5252_MADDE_6; 1_5_5237_MADDE_61; 1_5_5237_MADDE_75; 1_5_5275_GEÇİCİ_MADDE_1; 1_5_5252_MADDE_4,TÜRK CEZA KANUNUNUN YÜRÜRLÜK VE UYGULAMA ŞEKLİ HAKKINDA KANUN m.5 | TÜRK CEZA KANUNU m.50 | TÜRK CEZA KANUNU m.52 | CEZA VE GÜVENLİK TEDBİRLERİNİN İNFAZI HAKKINDA KANUN m.106 | TÜRK CEZA KANUNUNUN YÜRÜRLÜK VE UYGULAMA ŞEKLİ HAKKINDA KANUN m.7 | TÜRK CEZA KANUNUNUN YÜRÜRLÜK VE UYGULAMA ŞEKLİ HAKKINDA KANUN m.6 | TÜRK CEZA KANUNU m.61 | TÜRK CEZA KANUNU m.75 | CEZA VE GÜVENLİK TEDBİRLERİNİN İNFAZI HAKKINDA KANUN geçici m.1 | TÜRK CEZA KANUNUNUN YÜRÜRLÜK VE UYGULAMA ŞEKLİ HAKKINDA KANUN m.4,0.1864406779661017,0.1016949152542372,1.0,1.0,1.0,1.0,acceptable_automatic
Q112,İş Hukuku,medium,Ev hizmetlerinde çalışanlar İş Kanunu kapsamında mıdır?,"Ev hizmetlerinde yapılan işler, kural olarak İş Kanunu kapsamı dışındadır.","1. Ev hizmetlerinde çalışanlar İş Kanunu kapsamında değildir.
2. Bu soru, ev hizmetlerinde çalışanların işçi olarak tanımlandığı ve işveren tarafından işveren tarafından sağlanan hizmetler ile ilgilidir.
3. İŞ KANUNU m.461, ev hizmetlerinde çalışanları işçi olarak tanımlamaktadır.
4. Not: Bu cevap, verilen mevzuat bağlamına dayanarak verilen cevap olarak nitelendirilir.",1_5_4857_MADDE_4,1_5_4857_MADDE_2; 1_5_4857_MADDE_4; 1_5_6098_MADDE_461; 1_5_6331_MADDE_3; 1_5_5510_MADDE_12; 1_5_2828_MADDE_3; 1_5_4857_MADDE_30; 1_5_6331_MADDE_2; 1_5_4857_MADDE_110; 1_5_5510_MADDE_6,İŞ KANUNU m.2 | İŞ KANUNU m.4 | TÜRK BORÇLAR KANUNU m.461 | İŞ SAĞLIĞI VE GÜVENLİĞİ KANUNU m.3 | SOSYAL SİGORTALAR VE GENEL SAĞLIK SİGORTASI KANUNU m.12 | SOSYAL HİZMETLER KANUNU m.3 | İŞ KANUNU m.30 | İŞ SAĞLIĞI VE GÜVENLİĞİ KANUNU m.2 | İŞ KANUNU m.110 | SOSYAL SİGORTALAR VE GENEL SAĞLIK SİGORTASI KANUNU m.6,0.1935483870967742,0.1935483870967742,1.0,1.0,1.0,1.0,acceptable_automatic
Q077,Ceza Hukuku,medium,Doğrudan kast ile olası kast arasındaki fark nedir?,Doğrudan kastta fail suçun kanuni tanımındaki unsurların gerçekleşmesini ister; olası kastta ise neticenin gerçekleşebileceğini öngörmesine rağmen fiili işlemeye devam eder.,"1. Doğrudan kast ile olası kast arasındaki fark, doğrudan kast, suçun kanuni tanımındaki unsurların bilerek ve istenerek gerçekleştirilmesidir. Olası kast ise, suçun kanuni tanımındaki unsurların gerçekleşebileceği öngörmesine rağmen, fiili işlemesi halinde olur.

2.  

3.  
[1] TÜRK CEZA KANUNU m.21
[2] DENİZDE ZABT VE MÜSADERE KANUNU m.21
[3] DENİZDE ZABT VE MÜSADERE KANUNU m.26
[4] CEZA MUHAKEMESİ KANUNU m.100
[5] TÜRK CEZA KANUNU m.86
[6] TÜRK CEZA KANUNU m.82
[7] TÜRK CEZA KANUNU m.29

4.",1_5_5237_MADDE_21,1_5_5237_MADDE_21; 1_3_3894_MADDE_21; 1_3_3894_MADDE_26; 1_5_5271_MADDE_100; 1_5_5237_MADDE_86; 1_5_5237_MADDE_82; 1_5_5237_MADDE_29; 1_5_5237_MADDE_87; 1_3_3894_MADDE_14; 1_5_5237_MADDE_256,TÜRK CEZA KANUNU m.21 | DENİZDE ZABT VE MÜSADERE KANUNU m.21 | DENİZDE ZABT VE MÜSADERE KANUNU m.26 | CEZA MUHAKEMESİ KANUNU m.100 | TÜRK CEZA KANUNU m.86 | TÜRK CEZA KANUNU m.82 | TÜRK CEZA KANUNU m.29 | TÜRK CEZA KANUNU m.87 | DENİZDE ZABT VE MÜSADERE KANUNU m.14 | TÜRK CEZA KANUNU m.256,0.1941747572815534,0.1941747572815534,1.0,1.0,1.0,1.0,acceptable_automatic
Q184,İş Hukuku,medium,Çağrı üzerine çalışmada çalışma süresi kararlaştırılmamışsa haftalık süre bakımından ne kabul edilir?,Taraflar çalışma süresini kararlaştırmamışsa haftalık çalışma süresi yirmi saat kararlaştırılmış sayılır.,"1. Haftalık çalışma süresi yirmi saat kabul edilir.
2. Bu, mevzuat bağlamında yirmi saatlik çalışma süresi, haftalık olarak belirlenmesi durumunda, işveren ve işçi arasında anlaşmaya varılmadan kabul edilmez.
3. İŞ KANUNU m.14, 13 ve 76 maddelerinde belirtilen mevzuat.
4. Not: Bu cevap, verilen mevzuat bağlamına dayanarak verilen cevap.",1_5_4857_MADDE_14,1_5_4857_MADDE_14; 1_5_4857_MADDE_13; 1_5_4857_MADDE_76; 1_5_7245_MADDE_12; 1_5_4857_MADDE_41; 1_5_4857_MADDE_63; 1_5_4857_MADDE_64; 1_5_4857_MADDE_55; 1_5_4857_MADDE_10; 1_5_657_MADDE_99,İŞ KANUNU m.14 | İŞ KANUNU m.13 | İŞ KANUNU m.76 | ÇARŞI VE MAHALLE BEKÇİLERİ KANUNU m.12 | İŞ KANUNU m.41 | İŞ KANUNU m.63 | İŞ KANUNU m.64 | İŞ KANUNU m.55 | İŞ KANUNU m.10 | DEVLET MEMURLARI KANUNU m.99,0.1967213114754098,0.1639344262295081,1.0,1.0,1.0,1.0,acceptable_automatic
Q045,İş Hukuku,easy,Haftalık çalışma süresi üst sınırı nedir ve bu süre nasıl bölüştürülür?,Haftalık normal çalışma süresi kural olarak en çok kırk beş saattir. Tarafların anlaşmasıyla bu süre işyerinde haftanın çalışılan günlerine farklı biçimde dağıtılabilir; ancak günlük çalışma süresi kanuni üst sınırları aşamaz.,"1. Haftalık çalışma süresi, işyerlerinde haftanın çalışılan günlerine eşit ölçüde bölünerek uygulanır.
2. Bu, işyerlerinde haftalık çalışma süresinin, işyerlerinde haftanın çalışılan günlerine, günde onbir saati aşmamak koşulu ile farklı şekilde dağıtılabilir.
3. İŞ KANUNU m.63, 42 nci ve 43 üncü maddelerinde sayılan hâller dışında yer altında maden işlerinde çalışan işçilere fazla çalışma yaptırılamaz.
4. Not: Bu cevap, verilen mevzuat bağlamına dayanarak verilen sorunun cevabını verir.",1_5_4857_MADDE_63,1_5_4857_MADDE_41; 1_5_4857_MADDE_63; 1_5_4857_MADDE_76; 1_5_4857_MADDE_64; 1_5_4857_MADDE_43; 1_5_4857_MADDE_13; 1_3_5953_MADDE_1; 1_5_4857_MADDE_14; 1_5_657_MADDE_99; 1_5_4857_MADDE_46,İŞ KANUNU m.41 | İŞ KANUNU m.63 | İŞ KANUNU m.76 | İŞ KANUNU m.64 | İŞ KANUNU m.43 | İŞ KANUNU m.13 | BASIN MESLEĞİNDE ÇALIŞANLARLA ÇALIŞTIRANLAR ARASINDAKİ MÜNASEBETLERİN TANZİMİ HAKKINDA KANUN m.1 | İŞ KANUNU m.14 | DEVLET MEMURLARI KANUNU m.99 | İŞ KANUNU m.46,0.2040816326530612,0.2040816326530612,1.0,1.0,1.0,1.0,acceptable_automatic
Q190,İş Hukuku,medium,Ulusal bayram ve genel tatil günlerinde çalışma karşılığında ücret nasıl ödenir?,İşçi bu günlerde çalışmazsa bir iş karşılığı olmaksızın o günün ücretini tam alır; çalışırsa ayrıca bir günlük ücret daha ödenir.,"1. Ulusal bayram ve genel tatil günlerinde çalışmayan işçilere, bir iş karşılığı olmaksızın o günün ücretleri tam olarak, tatil yaparak çalışırlarsa ayrıca çalışılan her gün için bir günlük ücreti ödenir.
2. Bu madde, ulusal bayram ve genel tatil günlerinde çalışmayan işçilere, bir iş karşılığı olmaksızın o günün ücretleri tam olarak, tatil yaparak çalışırlarsa ayrıca çalışılan her gün için bir günlük ücreti ödenir.
3. İŞ KANUNU m.47, 44, 49, 48, 46, 43, 50
4. Bu madde, ulusal bayram ve genel tatil günlerinde çalışmayan işçilere, bir iş karşılığı olmaksızın o günün ücretleri tam olarak, tatil yaparak çalışırlarsa ayrıca çalışılan her gün için bir günlük ücreti ödenir.",1_5_4857_MADDE_47,1_5_4857_MADDE_47; 1_5_4857_MADDE_44; 1_5_854_MADDE_43; 1_5_4857_MADDE_49; 1_5_4857_MADDE_48; 1_5_2464_MADDE_58; 1_5_2429_MADDE_2; 1_5_4857_MADDE_46; 1_5_4857_MADDE_43; 1_5_4857_MADDE_50,İŞ KANUNU m.47 | İŞ KANUNU m.44 | DENİZ İŞ KANUNU m.43 | İŞ KANUNU m.49 | İŞ KANUNU m.48 | BELEDİYE GELİRLERİ KANUNU m.58 | ULUSAL BAYRAM VE GENEL TATİLLER HAKKINDA KANUN m.2 | İŞ KANUNU m.46 | İŞ KANUNU m.43 | İŞ KANUNU m.50,0.2047244094488189,0.2047244094488189,1.0,1.0,1.0,1.0,acceptable_automatic
Q025,Ceza Muhakemesi Hukuku,easy,"Tutuklama kararının verilebilmesi için gereken ""tutuklama nedenleri"" nelerdir?","Tutuklama için kuvvetli suç şüphesini gösteren somut deliller bulunmalı ve bir tutuklama nedeni mevcut olmalıdır. Kaçma şüphesi veya delilleri yok etme, gizleme ya da tanık üzerinde baskı kurma tehlikesi tutuklama nedenidir; bazı katalog suçlarda bu nedenlerin varlığı kanunen varsayılabilir.","1. Tutuklama kararının verilebilmesi için, şüpheli veya sanığın, somut delillerle kuvvetli suç şüphesine sahip olması ve bu şüpheye dayanarak tutuklama nedeni var sayılabilir.
2. Bu cevap, CEZA MUHAKEMESİ KANUNU'nun madde 100'ünü ve 97'ni inceleyerek elde edilmiştir.
3. CEZA MUHAKEMESİ KANUNU'nun madde 100'ü, tutuklama nedeninin varlığını belirtir.
4. Not: Bu cevap, sadece verilen mevzuat bağlamına dayanarak verilen cevap.",1_5_5271_MADDE_100,1_5_5271_MADDE_100; 1_5_5271_MADDE_97; 1_5_5271_MADDE_99; 1_5_5275_MADDE_112; 1_5_5271_MADDE_101; 1_5_5271_MADDE_109; 1_5_5271_MADDE_91; 1_5_5271_MADDE_146; 1_5_5271_MADDE_112; 1_5_477_MADDE_29,"CEZA MUHAKEMESİ KANUNU m.100 | CEZA MUHAKEMESİ KANUNU m.97 | CEZA MUHAKEMESİ KANUNU m.99 | CEZA VE GÜVENLİK TEDBİRLERİNİN İNFAZI HAKKINDA KANUN m.112 | CEZA MUHAKEMESİ KANUNU m.101 | CEZA MUHAKEMESİ KANUNU m.109 | CEZA MUHAKEMESİ KANUNU m.91 | CEZA MUHAKEMESİ KANUNU m.146 | CEZA MUHAKEMESİ KANUNU m.112 | DİSİPLİN MAHKEMELERİ KURULUŞU, YARGILAMA USULÜ VE DİSİPLİN SUÇ VE CEZALARI HAKKINDA KANUN m.29",0.2178217821782178,0.1782178217821782,1.0,1.0,1.0,1.0,acceptable_automatic
Q030,Ceza Muhakemesi Hukuku,medium,Gözaltı süresi bireysel suçlarda ve toplu suçlarda en fazla ne kadardır?,"Gözaltı süresi, yakalama anından itibaren yirmi dört saati geçemez; toplu suçlarda Cumhuriyet savcısının yazılı emriyle her defasında bir günü geçmemek üzere uzatılabilir ve toplam süre dört günü aşamaz. Kişi bu süre sonunda hâkim önüne çıkarılmalı veya serbest bırakılmalıdır.","1. Gözaltı süresi, yakalama yerine en yakın hâkim veya mahkemeye gönderilmesi için zorunlu süre hariç, yakalama anından itibaren yirmidört saati geçemez. Toplu olarak işlenen suçlarda, delillerin toplanmasındaki güçlük veya şüpheli sayısının çokluğu nedeniyle; Cumhuriyet savcısı gözaltı süresinin, her defasında bir günü geçmemek üzere, üç gün süreyle uzatılmasına yazılı olarak emir verebilir. Gözaltı süresinin uzatılması emri gözaltına alınana derhâl tebliğ edilir.
2. Şartlar / açıklama:
3. Dayanak maddeler:
4. Not / sınırlılık:

**Cevap:**

1. Gözaltı süresi, yakalama yerine en yakın hâkim veya mahkemeye gönderilmesi için zorunlu süre hariç, yakalama anından itibaren yirmidört saati geçemez. Toplu olarak işlenen suçlarda, delillerin toplanmasındaki güçlük veya şüpheli sayısının çokluğu nedeniyle; Cumhuriyet savcısı gözaltı süresinin, her defasında bir günü geçmemek üzere, üç gün süreyle uzatılmasına yazılı olarak emir verebilir. Gözaltı süresinin uzatılması emri gözaltına alınana derhâl tebliğ edilir.
2. Şartlar / açıklama:
3. Dayanak maddeler:
    * CEZA MUHAKEMESİ KANUNU m.91
    * TERÖRLE MÜCADELE KANUNU geçici m.19
    * MAL BİLDİRİMİNDE BULUNULMASI, RÜŞVET VE YOLSUZLUK",1_5_5271_MADDE_91,1_5_5271_MADDE_91; 1_5_3713_GEÇİCİ_MADDE_19; 1_5_3628_MADDE_20; 1_5_5237_MADDE_294; 1_5_5271_MADDE_140; 1_5_5271_MADDE_102; 1_5_5237_MADDE_316; 1_5_5275_MADDE_110; 1_5_5271_MADDE_94; 1_5_5237_MADDE_120,"CEZA MUHAKEMESİ KANUNU m.91 | TERÖRLE MÜCADELE KANUNU geçici m.19 | MAL BİLDİRİMİNDE BULUNULMASI, RÜŞVET VE YOLSUZLUKLARLA MÜCADELE KANUNU m.20 | TÜRK CEZA KANUNU m.294 | CEZA MUHAKEMESİ KANUNU m.140 | CEZA MUHAKEMESİ KANUNU m.102 | TÜRK CEZA KANUNU m.316 | CEZA VE GÜVENLİK TEDBİRLERİNİN İNFAZI HAKKINDA KANUN m.110 | CEZA MUHAKEMESİ KANUNU m.94 | TÜRK CEZA KANUNU m.120",0.2399999999999999,0.19,1.0,1.0,1.0,1.0,acceptable_automatic
Q183,İş Hukuku,medium,Belirli süreli ve belirsiz süreli iş sözleşmesi arasındaki temel fark nedir?,Belirli süreli iş sözleşmesi objektif koşullara bağlı olarak belirli bir süre veya iş için kurulur; belirsiz süreli iş sözleşmesinde ise iş ilişkisinin sona ereceği tarih baştan belirlenmez.,"1. Belirli süreli iş sözleşmesi, belirli bir zaman ölçüt alınarak ödenecek ücret ve paraya ilişkin bölünebilir menfaatler, işçinin çalıştığı süreye orantılı olarak verilir. Belirsiz süreli iş sözleşmesi ise, belirli bir zaman ölçüt alınmadan, işçiye belirli bir süre boyunca iş verilir.

2. Belirli süreli iş sözleşmesi, belirli bir süreye bağlı olarak yapılmaktadır. Belirsiz süreli iş sözleşmesi ise, belirli bir süreye bağlı olarak yapılmamaktadır.

3. İŞ KANUNU m.11, İŞ KANUNU m.12, İŞ KANUNU m.9, İŞ KANUNU m.8

4. Not: Bu cevap, verilen mevzuat bağlamına dayanarak verilen sorunun cevabını vermektedir.",1_5_4857_MADDE_11,1_5_4857_MADDE_11; 1_5_4857_MADDE_12; 1_5_6098_MADDE_430; 1_5_4857_MADDE_10; 1_5_4857_MADDE_9; 1_5_4857_MADDE_14; 1_5_4857_MADDE_8; 1_5_4857_MADDE_13; 1_5_6098_MADDE_327; 1_5_6098_MADDE_468,İŞ KANUNU m.11 | İŞ KANUNU m.12 | TÜRK BORÇLAR KANUNU m.430 | İŞ KANUNU m.10 | İŞ KANUNU m.9 | İŞ KANUNU m.14 | İŞ KANUNU m.8 | İŞ KANUNU m.13 | TÜRK BORÇLAR KANUNU m.327 | TÜRK BORÇLAR KANUNU m.468,0.2459016393442622,0.2131147540983606,1.0,1.0,1.0,1.0,acceptable_automatic
Q126,Anayasa Hukuku,medium,Temel hak ve hürriyetler hangi şartlarla sınırlandırılabilir?,Temel hak ve hürriyetler yalnızca Anayasanın ilgili maddelerinde belirtilen sebeplere bağlı olarak ve ancak kanunla sınırlanabilir; sınırlamalar demokratik toplum düzeninin ve ölçülülük ilkesinin gereklerine aykırı olamaz.,"1. Temel hak ve hürriyetler, Anayasa'nın ilgili maddelerinde belirtilen sebeplerle ve kanunla sınırlanabilir.
2. Bu sınırlamalar, Anayasanın sözüne ve ruhuna, demokratik toplum düzeninin ve lâik Cumhuriyetin gereklerine ve ölçülülük ilkesine aykırı olamaz.
3. Madde 13, 14, 15, 23, 6, 2, 17, 1, 5, 6, 1, 5, 6, 1, 5, 6, 1, 5, 6, 1, 5, 6, 1, 5, 6, 1, 5, 6, 1, 5, 6, 1, 5, 6, 1, 5, 6, 1, 5, 6, 1, 5, 6, 1, 5, 6, 1, 5, 6, 1, 5, 6, 1, 5, 6, 1, 5, 6, 1, 5, 6, 1, 5, 6, 1, 5, 6, 1, 5, 6, 1, 5, 6, 1, 5, 6, 1, 5, 6, 1, 5, 6, 1, 5, 6, 1, 5, 6, 1, 5, 6, 1, 5, 6, 1, 5, 6, 1",1_5_2709_MADDE_13,1_5_2709_MADDE_13; 1_5_2709_MADDE_12; 1_5_2709_MADDE_14; 1_5_2709_MADDE_15; 1_5_2709_MADDE_23; 1_5_2709_MADDE_17; 1_5_6701_MADDE_2; 1_5_2709_MADDE_26; 1_5_2709_MADDE_19; 1_5_2565_MADDE_21,TÜRKİYE CUMHURİYETİ ANAYASASI m.13 | TÜRKİYE CUMHURİYETİ ANAYASASI m.12 | TÜRKİYE CUMHURİYETİ ANAYASASI m.14 | TÜRKİYE CUMHURİYETİ ANAYASASI m.15 | TÜRKİYE CUMHURİYETİ ANAYASASI m.23 | TÜRKİYE CUMHURİYETİ ANAYASASI m.17 | TÜRKİYE İNSAN HAKLARI VE EŞİTLİK KURUMU KANUNU m.2 | TÜRKİYE CUMHURİYETİ ANAYASASI m.26 | TÜRKİYE CUMHURİYETİ ANAYASASI m.19 | ASKERİ YASAK BÖLGELER VE GÜVENLİK BÖLGELERİ KANUNU m.21,0.2499999999999999,0.225,1.0,1.0,1.0,1.0,acceptable_automatic
Q048,İş Hukuku,easy,Fazla çalışma ücreti hesaplanırken saatlik ücretin artış oranı nedir?,"Fazla çalışma ücreti, normal çalışma ücretinin saat başına düşen miktarının yüzde elli yükseltilmesiyle ödenir. Serbest zaman seçeneği kanundaki şartlarla mümkündür.","1.  Fazla çalışma ücreti hesaplanırken saatlik ücretin artış oranı %50'dir.
2.  Bu, İŞ KANUNU'nun 41 nci maddesinin 63 üncü maddesinin son fıkrasına göre belirlenen şartlar altında uygulanır.
3.  İŞ KANUNU 41 nci maddesi 63 üncü maddesinin son fıkrasına göre, her saat fazla çalışma için normal çalışma ücretinin saat başına düşen miktarının yüzde elli yükseltilmesi suretiyle ödenir.
4.  Not: Bu, İŞ KANUNU'nun 41 nci maddesinin 63 üncü maddesinin son fıkrasına göre belirlenen şartlar altında uygulanır.",1_5_4857_MADDE_41,1_5_4857_MADDE_41; 1_5_854_MADDE_28; 1_5_3787_GEÇİCİ_MADDE_1; 1_3_5953_MADDE_1; 1_5_657_MADDE_178; 1_4_213_MADDE_13; 1_5_4857_MADDE_50; 1_5_6098_MADDE_402; 1_5_2935_MADDE_28; 1_5_4857_MADDE_40,İŞ KANUNU m.41 | DENİZ İŞ KANUNU m.28 | BAZI KAMU ALACAKLARININ TAHSİLATININ HIZLANDIRILMASI VE MATRAH ARTIRIMI HAKKINDA KANUN geçici m.1 | BASIN MESLEĞİNDE ÇALIŞANLARLA ÇALIŞTIRANLAR ARASINDAKİ MÜNASEBETLERİN TANZİMİ HAKKINDA KANUN m.1 | DEVLET MEMURLARI KANUNU m.178 | VERGİ USUL KANUNU m.13 | İŞ KANUNU m.50 | TÜRK BORÇLAR KANUNU m.402 | OLAĞANÜSTÜ HAL KANUNU m.28 | İŞ KANUNU m.40,0.26,0.26,1.0,1.0,1.0,1.0,acceptable_automatic
Q020,Ceza Hukuku,medium,Kısa süreli hapis cezalarının adli para cezasına çevrilmesi hangi şartlara bağlıdır?,"Kısa süreli hapis cezası, bir yıl veya daha az süreli hapis cezasıdır. Kanundaki şartlar varsa bu ceza seçenek yaptırımlara veya adli para cezasına çevrilebilir; otuz gün ve daha az süreli hapis cezalarında çevrilme daha geniş uygulanır.","1.  Kısa cevap:  Kısa süreli hapis cezası adli para cezasına çevrilebilir.

2.  Şartlar / açıklama:  Bu, Türk Ceza Kanunu'nun madde 50'inde belirtilen şartlar doğrultusunda.

3.  Dayanak maddeler:
    * TÜRK CEZA KANUNU m.50
    *  Madde 50'de, Kısa süreli hapis cezası adli para cezasına çevrilebilir.

4.  Not / sınırlılık:  Bu, Türk Ceza Kanunu'nun madde 50'inde belirtilen şartlar doğrultusunda.",1_5_5237_MADDE_50,1_5_5237_MADDE_50; 1_5_5252_MADDE_5; 1_5_5275_MADDE_106; 1_5_5237_MADDE_52; 1_5_5252_MADDE_6; 1_3_1632_MADDE_8; 1_5_5252_MADDE_7; 1_5_5237_MADDE_75; 1_5_6102_MADDE_1398; 1_5_5271_MADDE_286,TÜRK CEZA KANUNU m.50 | TÜRK CEZA KANUNUNUN YÜRÜRLÜK VE UYGULAMA ŞEKLİ HAKKINDA KANUN m.5 | CEZA VE GÜVENLİK TEDBİRLERİNİN İNFAZI HAKKINDA KANUN m.106 | TÜRK CEZA KANUNU m.52 | TÜRK CEZA KANUNUNUN YÜRÜRLÜK VE UYGULAMA ŞEKLİ HAKKINDA KANUN m.6 | ASKERİ CEZA KANUNU m.8 | TÜRK CEZA KANUNUNUN YÜRÜRLÜK VE UYGULAMA ŞEKLİ HAKKINDA KANUN m.7 | TÜRK CEZA KANUNU m.75 | TÜRK TİCARET KANUNU m.1398 | CEZA MUHAKEMESİ KANUNU m.286,0.2765957446808511,0.2340425531914893,1.0,1.0,1.0,1.0,acceptable_automatic
Q003,Anayasa Hukuku,easy,"TBMM Genel Kurulu'nda kabul edilen bir kanunun Cumhurbaşkanı tarafından ""geri gönderilme"" (veto) süreci nasıl işler?","Cumhurbaşkanı, TBMM tarafından kabul edilen kanunu on beş gün içinde yayımlar veya bir daha görüşülmek üzere gerekçesiyle TBMM’ye geri gönderir. TBMM kanunu üye tam sayısının salt çoğunluğuyla aynen kabul ederse Cumhurbaşkanı kanunu yayımlar.","1. Cumhurbaşkanı, Türkiye Büyük Millet Meclisince kabul edilen kanunları onbeş gün içinde yayımlar. Yayımlanmasını kısmen veya tamamen uygun bulmadığı kanunları, bir daha görüşülmek üzere, bu hususta gösterdiği gerekçe ile birlikte aynı süre içinde, Türkiye Büyük Millet Meclisine geri gönderir. 
2. Bu, Türkiye Büyük Millet Meclisinin, Cumhurbaşkanınca geri gönderilen kanunları üye tamsayısının salt çoğunluğuyla aynen kabul ederse, kanun Cumhurbaşkanınca yayımlanır; Meclis, geri gönderilen kanunda yeni bir değişiklik yaparsa, Cumhurbaşkanı değiştirilen kanunu tekrar Meclise geri gönderebilir. 
3.  [1] TÜRKİYE CUMHURİYETİ ANAYASASI m.89, [2] TÜRKİYE CUMHURİYETİ ANAYASASI geçici m.9, [3] DEVLET VE ONA BAĞLI MÜESSESELERDE ÇALIŞAN İŞÇİLERE İLAVE TEDİYE YAPILMASI VE 6452 SAYILI KANUNLA 6212 SAYILI KANUNUN 2 NCİ MADDESİNİN KALDIRILMASI HAKKINDA KANUN m.8
4.",1_5_2709_MADDE_89,1_5_2709_MADDE_89; 1_5_3067_MADDE_2; 1_5_2709_GEÇİCİ_MADDE_9; 1_3_6772_MADDE_8; 1_5_6362_GEÇİCİ_MADDE_11; 1_5_2709_MADDE_175; 1_5_3620_MADDE_18; 1_5_3346_MADDE_16; 1_5_2709_MADDE_104; 1_3_3284_MADDE_9,TÜRKİYE CUMHURİYETİ ANAYASASI m.89 | KALKINMA PLANLARININ YÜRÜRLÜĞE KONMASI VE BÜTÜNLÜĞÜNÜN KORUNMASI HAKKINDA KANUN m.2 | TÜRKİYE CUMHURİYETİ ANAYASASI geçici m.9 | DEVLET VE ONA BAĞLI MÜESSESELERDE ÇALIŞAN İŞÇİLERE İLAVE TEDİYE YAPILMASI VE 6452 SAYILI KANUNLA 6212 SAYILI KANUNUN 2 NCİ MADDESİNİN KALDIRILMASI HAKKINDA KANUN m.8 | SERMAYE PİYASASI KANUNU geçici m.11 | TÜRKİYE CUMHURİYETİ ANAYASASI m.175 | TÜRKİYE BÜYÜK MİLLET MECLİSİNİN DIŞ İLİŞKİLERİNİN DÜZENLENMESİ HAKKINDA KANUN m.18 | KAMU İKTİSADİ TEŞEBBÜSLERİ İLE FONLARIN TÜRKİYE BÜYÜK MİLLET MECLİSİNCE DENETLENMESİNİN DÜZENLENMESİ HAKKINDA KANUN m.16 | TÜRKİYE CUMHURİYETİ ANAYASASI m.104 | BAZI MADEN HURDALARININ DIŞARI ÇIKARILMASININ YASAK EDİLMESİ VE SATIN ALINMASI HAKKINDA KANUN m.9,0.2767295597484276,0.2641509433962264,1.0,1.0,1.0,1.0,acceptable_automatic
Q188,İş Hukuku,medium,Ara dinlenmesi süresi günlük çalışma süresine göre nasıl belirlenir?,"Ara dinlenmesi, günlük çalışma süresine göre kanunda belirlenen asgari sürelere göre verilir; bu süre çalışma süresinden sayılmaz.","1. Ara dinlenmesi süresi, günlük çalışma süresine göre belirlenir.
2. Bu, İŞ KANUNU m.68'e göre belirtilen ""Ara dinlenme süresi"" ile ilgilidir.
3. İŞ KANUNU m.68, günlük çalışma süresine göre belirlenen ara dinlenme süresini düzenler.
4. Not: İŞ KANUNU m.68, günlük çalışma süresine göre belirlenen ara dinlenme süresini düzenler.",1_5_4857_MADDE_68,1_5_4857_MADDE_68; 1_5_4857_MADDE_67; 1_5_657_MADDE_100; 1_5_4857_MADDE_76; 1_5_4857_MADDE_46; 1_5_4857_MADDE_63; 1_5_4857_MADDE_42; 1_5_4857_MADDE_64; 1_5_4857_MADDE_55; 1_5_854_MADDE_26,İŞ KANUNU m.68 | İŞ KANUNU m.67 | DEVLET MEMURLARI KANUNU m.100 | İŞ KANUNU m.76 | İŞ KANUNU m.46 | İŞ KANUNU m.63 | İŞ KANUNU m.42 | İŞ KANUNU m.64 | İŞ KANUNU m.55 | DENİZ İŞ KANUNU m.26,0.2777777777777778,0.2222222222222222,1.0,1.0,1.0,1.0,acceptable_automatic
Q161,Medeni Hukuk,easy,Kişilik ne zaman başlar?,"Kişilik, çocuğun sağ olarak tamamıyla doğduğu anda başlar.","1. Kişilik, çocuğun sağ olarak tamamıyla doğduğu anda başlar ve ölümle sona erer. 
2. Bu mevzuat, çocuğun sağ olarak tamamıyla doğduğu anda başlar ve ölümle sona erer. 
3. TÜRK MEDENİ KANUNU m.28
4. Not / sınırlılık: Bu mevzuat, çocuğun sağ olarak tamamıyla doğduğu anda başlar ve ölümle sona erer.",1_5_4721_MADDE_28,1_5_4721_MADDE_28; 1_5_4721_MADDE_11; 1_5_7179_MADDE_14; 1_4_298_MADDE_34; 1_5_4721_MADDE_289; 1_4_213_MADDE_168; 1_5_1774_GEÇİCİ_MADDE_3; 1_5_6698_GEÇİCİ_MADDE_1; 1_3_5846_MADDE_26; 1_5_6754_MADDE_12,TÜRK MEDENİ KANUNU m.28 | TÜRK MEDENİ KANUNU m.11 | ASKERALMA KANUNU m.14 | SEÇİMLERİN TEMEL HÜKÜMLERİ VE SEÇMEN KÜTÜKLERİ HAKKINDA KANUN m.34 | TÜRK MEDENİ KANUNU m.289 | VERGİ USUL KANUNU m.168 | KİMLİK BİLDİRME KANUNU geçici m.3 | KİŞİSEL VERİLERİN KORUNMASI KANUNU geçici m.1 | FİKİR VE SANAT ESERLERİ KANUNU m.26 | BİLİRKİŞİLİK KANUNU m.12,0.2807017543859649,0.2807017543859649,1.0,1.0,1.0,1.0,acceptable_automatic
Q055,Anayasa Hukuku,easy,TBMM tarafından kabul edilen bir kanunun Cumhurbaşkanı tarafından geri gönderilmesi usulü nasıldır?,"Cumhurbaşkanı, kanunları onbeş gün içinde yayımlar; yayımlanmasını uygun bulmadığı kanunları bir daha görüşülmek üzere aynı süre içinde gerekçesiyle TBMM'ye geri gönderir.","1. Cumhurbaşkanı, Türkiye Büyük Millet Meclisince kabul edilen kanunları onbeş gün içinde yayımlar. Yayımlanmasını kısmen veya tamamen uygun bulmadığı kanunları, bir daha görüşülmek üzere, bu hususta gösterdiği gerekçe ile birlikte aynı süre içinde, Türkiye Büyük Millet Meclisine geri gönderir. 
2. Bu cevap, TBMM tarafından kabul edilen kanunların Cumhurbaşkanı tarafından geri gönderilmesi usulü hakkında bilgi verir.
3.  Madde 89, TÜRKİYE CUMHURİYETİ ANAYASASI'nda, Cumhurbaşkanı, Türkiye Büyük Millet Meclisince kabul edilen kanunları onbeş gün içinde yayımlar. Yayımlanmasını kısmen veya tamamen uygun bulmadığı kanunları, bir daha görüşülmek üzere, bu hususta gösterdiği gerekçe ile birlikte aynı süre içinde, Türkiye Büyük Millet Meclisine geri gönderir.
4.  Not: Bu cevap, Türkiye Cumhuriyeti Anayasası'nın madde 89'u ve ilgili mevzuat bağlamına dayanarak verilen cevap.",1_5_2709_MADDE_89,1_5_2709_MADDE_89; 1_5_2709_GEÇİCİ_MADDE_9; 1_5_3067_MADDE_2; 1_5_6706_MADDE_19; 1_5_2709_MADDE_104; 1_5_3067_MADDE_8; 1_5_2709_MADDE_175; 1_5_6271_MADDE_20; 1_3_4654_MADDE_13; 1_5_3346_MADDE_16,TÜRKİYE CUMHURİYETİ ANAYASASI m.89 | TÜRKİYE CUMHURİYETİ ANAYASASI geçici m.9 | KALKINMA PLANLARININ YÜRÜRLÜĞE KONMASI VE BÜTÜNLÜĞÜNÜN KORUNMASI HAKKINDA KANUN m.2 | CEZAÎ KONULARDA ULUSLARARASI ADLÎ İŞ BİRLİĞİ KANUNU m.19 | TÜRKİYE CUMHURİYETİ ANAYASASI m.104 | KALKINMA PLANLARININ YÜRÜRLÜĞE KONMASI VE BÜTÜNLÜĞÜNÜN KORUNMASI HAKKINDA KANUN m.8 | TÜRKİYE CUMHURİYETİ ANAYASASI m.175 | CUMHURBAŞKANI SEÇİMİ KANUNU m.20 | MEMLEKET İÇİ DÜŞMANA KARŞI SİLAHLI MÜDAFAA MÜKELLEFİYETİ KANUNU m.13 | KAMU İKTİSADİ TEŞEBBÜSLERİ İLE FONLARIN TÜRKİYE BÜYÜK MİLLET MECLİSİNCE DENETLENMESİNİN DÜZENLENMESİ HAKKINDA KANUN m.16,0.2957746478873239,0.2957746478873239,1.0,1.0,1.0,1.0,acceptable_automatic
Q154,Ceza Muhakemesi Hukuku,medium,Elkoyma hangi makam kararıyla yapılır?,"Elkoyma kural olarak hakim kararıyla, gecikmesinde sakınca bulunan hâllerde Cumhuriyet savcısının, savcıya ulaşılamayan hâllerde kolluk amirinin yazılı emriyle yapılabilir.","1. Elkoyma, Cumhuriyet savcısının kararı üzerine veya gecikmesinde sakınca bulunan hâllerde kolluk amirinin yazılı emri ile kolluk görevlileri tarafından gerçekleştirilir.
2. Elkoyma işlemi, suçtan zarar gören mağdura gecikmeksizin bildirilir.
3. CEZA MUHAKEMESİ KANUNU m.127, m.129
4. Not: Elkoyma işlemi, suçtan zarar gören mağdura gecikmeksizin bildirilir.",1_5_5271_MADDE_127,1_5_5271_MADDE_127; 1_5_5271_MADDE_128; 1_5_5271_MADDE_129; 1_5_5549_MADDE_17; 1_3_6831_MADDE_79; 1_5_5271_MADDE_248; 1_5_5607_MADDE_9; 1_5_5607_MADDE_23; 1_5_5271_MADDE_132; 1_5_5271_MADDE_126,CEZA MUHAKEMESİ KANUNU m.127 | CEZA MUHAKEMESİ KANUNU m.128 | CEZA MUHAKEMESİ KANUNU m.129 | SUÇ GELİRLERİNİN AKLANMASININ ÖNLENMESİ HAKKINDA KANUN m.17 | ORMAN KANUNU m.79 | CEZA MUHAKEMESİ KANUNU m.248 | KAÇAKÇILIKLA MÜCADELE KANUNU m.9 | KAÇAKÇILIKLA MÜCADELE KANUNU m.23 | CEZA MUHAKEMESİ KANUNU m.132 | CEZA MUHAKEMESİ KANUNU m.126,0.3188405797101449,0.2608695652173912,1.0,1.0,1.0,1.0,acceptable_automatic
Q141,Ceza Hukuku,easy,Taksir neyi ifade eder?,"Taksir, dikkat ve özen yükümlülüğüne aykırılık dolayısıyla bir davranışın suçun kanuni tanımında belirtilen neticesi öngörülmeyerek gerçekleştirilmesidir.","1. Taksir, bir davranışın suçun kanuni tanımında belirtilen neticesi öngörülmeyerek gerçekleştirilmesidir.
2. Bu, mevzuatın açıkça belirttiği hallerde cezalandırılır.
3.  Kanun: TÜRK CEZA KANUNU, Madde: MADDE 22, metin: (1) Taksirle işlenen fiiller, kanunun açıkça belirttiği hallerde cezalandırılır.
4.  Not: Bu cevap, sadece verilen mevzuat bağlamına dayanmaktadır.",1_5_5237_MADDE_22,1_5_5237_MADDE_22; 1_5_5237_MADDE_89; 1_3_6183_MADDE_63; 1_5_5237_MADDE_171; 1_3_6183_MADDE_3; 1_5_3065_MADDE_2; 1_5_6502_MADDE_17; 1_4_213_MADDE_70; 1_4_213_MADDE_22; 1_4_213_MADDE_72,TÜRK CEZA KANUNU m.22 | TÜRK CEZA KANUNU m.89 | AMME ALACAKLARININ TAHSİL USULÜ HAKKINDA KANUN m.63 | TÜRK CEZA KANUNU m.171 | AMME ALACAKLARININ TAHSİL USULÜ HAKKINDA KANUN m.3 | KATMA DEĞER VERGİSİ KANUNU m.2 | TÜKETİCİNİN KORUNMASI HAKKINDA KANUN m.17 | VERGİ USUL KANUNU m.70 | VERGİ USUL KANUNU m.22 | VERGİ USUL KANUNU m.72,0.3278688524590164,0.3278688524590164,1.0,1.0,1.0,1.0,acceptable_automatic
Q033,Medeni Hukuk,medium,Gaiplik kararının istenebilmesi için gereken süreler hangi durumlarda ne kadardır?,"Gaiplik, ölüm tehlikesi içinde kaybolmada en az bir yıl; uzun zamandan beri haber alınamama halinde son haber tarihinden itibaren en az beş yıl geçmesiyle istenebilir. Karar, hakları bu ölüme bağlı olanların başvurusu üzerine verilir.","1. Gaiplik kararının istenebilmesi için, ölüm tehlikesinin üzerinden en az bir yıl veya son haber tarihinin üzerinden en az beş yıl geçmiş olması gerekir.

2. Bu süre, ölüm tehlikesinin gerçekleştiği veya son haberin alındığı günden başlayarak, mahkeme tarafından karar verilir.

3. Madde 33, TÜRK MEDENİ KANUNU'nda belirtilmiştir.

4. Not: Bu cevap, verilen mevzuat bağlamına dayanmaktadır.",1_5_4721_MADDE_33,1_5_4721_MADDE_33; 1_5_4458_MADDE_6; 1_5_5490_MADDE_34; 1_5_2577_MADDE_20; 1_5_4721_MADDE_584; 1_5_4721_MADDE_35; 1_5_6100_MADDE_20; 1_5_5271_MADDE_41; 1_5_5326_MADDE_28; 1_5_2860_MADDE_9,TÜRK MEDENİ KANUNU m.33 | GÜMRÜK KANUNU m.6 | NÜFUS HİZMETLERİ KANUNU m.34 | İDARİ YARGILAMA USULÜ KANUNU m.20 | TÜRK MEDENİ KANUNU m.584 | TÜRK MEDENİ KANUNU m.35 | HUKUK MUHAKEMELERİ KANUNU m.20 | CEZA MUHAKEMESİ KANUNU m.41 | KABAHATLER KANUNU m.28 | YARDIM TOPLAMA KANUNU m.9,0.3333333333333333,0.3111111111111111,1.0,1.0,1.0,1.0,acceptable_automatic
Q115,İş Hukuku,medium,Yıllık ücretli izin hakkı ne zaman doğar?,"İşyerinde işe başladığı günden itibaren, deneme süresi de içinde olmak üzere en az bir yıl çalışmış olan işçilere yıllık ücretli izin verilir.","1. Yıllık ücretli izin, işçinin en az bir yıl çalışmış olması ve işveren tarafından verilebilmesi şartıyla, işyerinde işe başladığı günden itibaren verilir.
2. Yıllık ücretli izin, işveren tarafından bölünemez.
3. İŞ KANUNU m.53, 56, 54, 425, 55, 424, 59
4. Yıllık ücretli izin, işveren tarafından bölünemez.",1_5_4857_MADDE_53,1_5_4857_MADDE_53; 1_5_4857_MADDE_56; 1_5_4857_MADDE_54; 1_5_6098_MADDE_425; 1_5_4857_MADDE_55; 1_5_6098_MADDE_424; 1_5_4857_MADDE_59; 1_5_4857_MADDE_60; 1_5_4857_MADDE_57; 1_5_3269_MADDE_11,İŞ KANUNU m.53 | İŞ KANUNU m.56 | İŞ KANUNU m.54 | TÜRK BORÇLAR KANUNU m.425 | İŞ KANUNU m.55 | TÜRK BORÇLAR KANUNU m.424 | İŞ KANUNU m.59 | İŞ KANUNU m.60 | İŞ KANUNU m.57 | UZMAN ERBAŞ KANUNU m.11,0.3943661971830985,0.2253521126760563,1.0,1.0,1.0,1.0,acceptable_automatic
Q088,Ceza Muhakemesi Hukuku,medium,Gözaltı süresi bireysel suçlarda azami ne kadardır?,"Gözaltı süresi yakalama yerine en yakın hakim veya mahkemeye gönderilme için zorunlu süre hariç, yakalama anından itibaren yirmidört saati geçemez.","1. Gözaltı süresi bireysel suçlarda azami 48 saattir.
2. Bu cevap, CEZA MUHAKEMESİ KANUNU m.91'de belirtilen mevzuat bağlamına dayanmaktadır.
3. CEZA MUHAKEMESİ KANUNU m.91, gözaltı süresinin, yakalama yerine en yakın hâkim veya mahkemeye gönderilmesi için zorunlu süre hariç, yakalama anından itibaren yirmidört saati geçemez.
4. Not: Gözaltı süresi, toplu olarak işlenen suçlarda dört gün içinde hâkim önüne çıkarılır.",1_5_5271_MADDE_91,1_5_5271_MADDE_91; 1_5_3713_GEÇİCİ_MADDE_19; 1_5_3628_MADDE_20; 1_5_5237_MADDE_294; 1_5_5275_MADDE_110; 1_5_477_MADDE_50; 1_5_5271_MADDE_94; 1_5_5271_MADDE_102; 1_5_5237_MADDE_166; 1_5_5271_MADDE_81,"CEZA MUHAKEMESİ KANUNU m.91 | TERÖRLE MÜCADELE KANUNU geçici m.19 | MAL BİLDİRİMİNDE BULUNULMASI, RÜŞVET VE YOLSUZLUKLARLA MÜCADELE KANUNU m.20 | TÜRK CEZA KANUNU m.294 | CEZA VE GÜVENLİK TEDBİRLERİNİN İNFAZI HAKKINDA KANUN m.110 | DİSİPLİN MAHKEMELERİ KURULUŞU, YARGILAMA USULÜ VE DİSİPLİN SUÇ VE CEZALARI HAKKINDA KANUN m.50 | CEZA MUHAKEMESİ KANUNU m.94 | CEZA MUHAKEMESİ KANUNU m.102 | TÜRK CEZA KANUNU m.166 | CEZA MUHAKEMESİ KANUNU m.81",0.4337349397590361,0.4337349397590361,1.0,1.0,1.0,1.0,acceptable_automatic
