question_id,topic,difficulty,question,gold_answer,generated_answer,gold_article_keys,retrieved_article_keys,retrieved_citations,token_f1,rouge_l,retrieval_gold_available,citation_present,citation_gold_match,grounded_citation_score,error_type_auto
Q078,Ceza Hukuku,medium,Ceza hukukunda mülkilik ilkesi neyi ifade eder?,Türkiye'de işlenen suçlar hakkında Türk kanunları uygulanır.,"1. Ceza hukukunda mülkilik ilkesi, kişilerin mülkiyet haklarını korumak ve bu hakların korunmasını sağlamak amacıyla düzenlenir. mülkilik ilkesi, kişilerin mülkiyet haklarını korumak ve bu hakların korunmasını sağlamak amacıyla düzenlenir. mülkilik ilkesi, kişilerin mülkiyet haklarını korumak ve bu hakların korunmasını sağlamak amacıyla düzenlenir. mülkilik ilkesi, kişilerin mülkiyet haklarını korumak ve bu hakların korunmasını sağlamak amacıyla düzenlenir. mülkilik ilkesi, kişilerin mülkiyet haklarını korumak ve bu hakların korunmasını sağlamak amacıyla düzenlenir. mülkilik ilkesi, kişilerin mülkiyet haklarını korumak ve bu hakların korunmasını sağlamak amacıyla düzenlenir. mülkilik ilkesi, kişilerin mülkiyet haklarını korumak ve bu hakların korunmasını sağlamak amacıyla düzenlenir. mülkilik ilkesi, kişilerin mülkiyet haklarını korumak ve bu hakların korunmasını sağlamak amacıyla düzenlenir. mülkilik ilkesi, kişilerin mülkiyet haklarını korumak ve bu hakların korunmasını sağlamak amacıyla düzenlenir. mülkilik ilkesi, kişilerin mülkiyet haklarını korumak ve bu hakların korunmasını sağlamak amacıyla düzenlenir. mülkilik ilkesi, kişilerin mülkiyet haklarını korumak ve bu hakların korunmasını sağlamak amacıyla düzenlenir. mülkilik ilkesi, kişilerin mülkiyet haklarını korumak ve bu hakların korunmasını sağlamak amacıyla düzenlenir. mülkilik il",1_5_5237_MADDE_8,1_5_5237_MADDE_1; 1_5_5718_MADDE_23; 1_5_5271_MADDE_248; 1_3_2644_MADDE_26; 1_5_6769_MADDE_148; 1_5_6102_MADDE_1032; 1_3_1632_MADDE_78; 1_3_5846_MADDE_62; 1_5_6713_MADDE_8; 1_5_6769_MADDE_153,TÜRK CEZA KANUNU m.1 | MİLLETLERARASI ÖZEL HUKUK VE USUL HUKUKU HAKKINDA KANUN m.23 | CEZA MUHAKEMESİ KANUNU m.248 | TAPU KANUNU m.26 | SINAİ MÜLKİYET KANUNU m.148 | TÜRK TİCARET KANUNU m.1032 | ASKERİ CEZA KANUNU m.78 | FİKİR VE SANAT ESERLERİ KANUNU m.62 | KOLLUK GÖZETİM KOMİSYONU KURULMASI HAKKINDA KANUN m.8 | SINAİ MÜLKİYET KANUNU m.153,0.0,0.0,0.0,0.0,0.0,0.0,retrieval_miss
Q023,Ceza Hukuku,easy,"Ceza hukukunda ""yer yönünden uygulama""da ""mülkilik ilkesi""nin anlamı nedir?",Mülkilik ilkesi gereğince Türkiye’de işlenen suçlara Türk ceza kanunları uygulanır. Fiilin kısmen veya tamamen Türkiye’de işlenmesi ya da neticenin Türkiye’de gerçekleşmesi halinde suç Türkiye’de işlenmiş sayılır.,"1. Mülkiyetin gayri ayni haklara ve müşterek bir arzın hissedarları veya birbirine muttasıl gayrimenkullerin sahipleri arasında bunlardan birinin veya bir kaçının o gayrimenkul üzerinde mevcut veya inşa edilecek binanın, muayyen bir katından veya dairesinden yahut müstakillen istimale elverişli bir bölümünden munhasıran istifadesini temin gayesiyle Medeni Kanunun 753 üncü maddesi hükümlerine göre irtifak hakkı tesisine veya tesisi vadine mütedair resmi senetler tapu sicil müdürü veya tapu sicil görevlileri tarafından tanzim edilir. (Ek fıkra:4/7/2019-7181/1 md.) Taşınmaz mülkiyetinin devrini amaçlayan sözleşmelerde, tarafların farklı tapu müdürlükleri veya yurt dışı teşkilatında bulunmaları hâlinde, taraf iradeleri resmî görevliler tarafından ayrı ayrı alınarak sözleşme tamamlanabilir. Bu fıkranın uygulanmasına ilişkin usul ve esaslar yönetmelikle belirlenir. (Ek fıkra: 15/1/2009-5831/1 md.) İllerde bulunan tapu sicil müdürlükleri dışındaki müdürlüklerden akitli ve akitsiz işlemleri yıllık 500'ün altında olan yerlerde işleri yapmak üzere, Tapu ve Kadastro Genel Müdürlüğünce yakın il veya ilçelerde görevli tapu sicil müdürü veya görevlendirilen yetkili memura belirli günlerde yetki verilebilir. (Ek fıkra: 15/",1_5_5237_MADDE_8,1_3_2644_MADDE_26; 1_5_4458_MADDE_132; 1_5_4721_MADDE_683; 1_5_5320_MADDE_5; 1_5_5718_MADDE_21; 1_5_634_MADDE_57; 1_5_6100_MADDE_8; 1_5_5718_MADDE_28; 1_5_5718_MADDE_22; 1_5_3083_MADDE_24,TAPU KANUNU m.26 | GÜMRÜK KANUNU m.132 | TÜRK MEDENİ KANUNU m.683 | CEZA MUHAKEMESİ KANUNUNUN YÜRÜRLÜK VE UYGULAMA ŞEKLİ HAKKINDA KANUN m.5 | MİLLETLERARASI ÖZEL HUKUK VE USUL HUKUKU HAKKINDA KANUN m.21 | KAT MÜLKİYETİ KANUNU m.57 | HUKUK MUHAKEMELERİ KANUNU m.8 | MİLLETLERARASI ÖZEL HUKUK VE USUL HUKUKU HAKKINDA KANUN m.28 | MİLLETLERARASI ÖZEL HUKUK VE USUL HUKUKU HAKKINDA KANUN m.22 | SULAMA ALANLARINDA ARAZİ DÜZENLENMESİNE DAİR TARIM REFORMU KANUNU m.24,0.010204081632653,0.010204081632653,0.0,1.0,1.0,0.0,retrieval_miss
Q080,Ceza Hukuku,easy,Suçta ve cezada kanunilik ilkesi neyi ifade eder?,Kanunun açıkça suç saymadığı bir fiil için kimseye ceza verilemez ve güvenlik tedbiri uygulanamaz.,"1. Suçta ve cezada kanunilik ilkesi, suçun kanuni unsurları ile suçun kanunla düzenlenmesi gerektiğini ifade eder. bu, suçun kanunla düzenlenmesi ve kanunla belirlenen suçun kanuni unsurları ile gerçekleştirilmesi gerektiğini belirtir. bu, suçun kanunla düzenlenmesi ve kanunla belirlenen suçun kanuni unsurları ile gerçekleştirilmesi gerektiğini belirtir. bu, suçun kanunla düzenlenmesi ve kanunla belirlenen suçun kanuni unsurları ile gerçekleştirilmesi gerektiğini belirtir. bu, suçun kanunla düzenlenmesi ve kanunla belirlenen suçun kanuni unsurları ile gerçekleştirilmesi gerektiğini belirtir. bu, suçun kanunla düzenlenmesi ve kanunla belirlenen suçun kanuni unsurları ile gerçekleştirilmesi gerektiğini belirtir. bu, suçun kanunla düzenlenmesi ve kanunla belirlenen suçun kanuni unsurları ile gerçekleştirilmesi gerektiğini belirtir. bu, suçun kanunla düzenlenmesi ve kanunla belirlenen suçun kanuni unsurları ile gerçekleştirilmesi gerektiğini belirtir. bu, suçun kanunla düzenlenmesi ve kanunla belirlenen suçun kanuni unsurları ile gerçekleştirilmesi gerektiğini belirtir. bu, suçun kanunla düzenlenmesi ve kanunla belirlenen suçun kanuni unsurları ile gerçekleştirilmesi gerektiğini belirtir. bu, suçun kanunla düzenlenmesi ve kanunla belirlenen suçun kanuni unsurları ile gerçekleştirilmesi gerektiğini belirtir. bu, suçun kanunla düzenlenmesi ve kanunla belirlenen suçun kanuni unsurları ile gerçekleştirilmesi gerekti",1_5_5237_MADDE_2,1_5_5237_MADDE_1; 1_5_477_MADDE_29; 1_5_5275_MADDE_6; 1_5_5402_MADDE_4; 1_5_5237_MADDE_21; 1_5_6701_MADDE_2; 1_5_6087_MADDE_1; 1_5_5275_MADDE_37; 1_5_5549_MADDE_2; 1_5_6216_MADDE_1,"TÜRK CEZA KANUNU m.1 | DİSİPLİN MAHKEMELERİ KURULUŞU, YARGILAMA USULÜ VE DİSİPLİN SUÇ VE CEZALARI HAKKINDA KANUN m.29 | CEZA VE GÜVENLİK TEDBİRLERİNİN İNFAZI HAKKINDA KANUN m.6 | DENETİMLİ SERBESTLİK HİZMETLERİ KANUNU m.4 | TÜRK CEZA KANUNU m.21 | TÜRKİYE İNSAN HAKLARI VE EŞİTLİK KURUMU KANUNU m.2 | HÂKİMLER VE SAVCILAR KURULU KANUNU m.1 | CEZA VE GÜVENLİK TEDBİRLERİNİN İNFAZI HAKKINDA KANUN m.37 | SUÇ GELİRLERİNİN AKLANMASININ ÖNLENMESİ HAKKINDA KANUN m.2 | ANAYASA MAHKEMESİNİN KURULUŞU VE YARGILAMA USULLERİ HAKKINDA KANUN m.1",0.0109289617486338,0.0109289617486338,0.0,0.0,0.0,0.0,retrieval_miss
Q175,Ticaret Hukuku,medium,Şirketlerin ticaret siciline tescili neden önemlidir?,"Tescil, kanunda öngörülen hâllerde kurucu veya açıklayıcı etki doğurur ve üçüncü kişilere karşı ileri sürülebilirliği sağlar.","1. Şirketlerin ticaret siciline tescil, şirketlerin ticaret faaliyetlerini düzenlemek ve takip etmek için gereklidir. tescil, şirketlerin ticaret faaliyetlerini düzenlemek ve takip etmek için gereklidir. bu, şirketlerin ticaret faaliyetlerini düzenlemek ve takip etmek için gereklidir. bu, şirketlerin ticaret faaliyetlerini düzenlemek ve takip etmek için gereklidir. bu, şirketlerin ticaret faaliyetlerini düzenlemek ve takip etmek için gereklidir. bu, şirketlerin ticaret faaliyetlerini düzenlemek ve takip etmek için gereklidir. bu, şirketlerin ticaret faaliyetlerini düzenlemek ve takip etmek için gereklidir. bu, şirketlerin ticaret faaliyetlerini düzenlemek ve takip etmek için gereklidir. bu, şirketlerin ticaret faaliyetlerini düzenlemek ve takip etmek için gereklidir. bu, şirketlerin ticaret faaliyetlerini düzenlemek ve takip etmek için gereklidir. bu, şirketlerin ticaret faaliyetlerini düzenlemek ve takip etmek için gereklidir. bu, şirketlerin ticaret faaliyetlerini düzenlemek ve takip etmek için gereklidir. bu, şirketlerin ticaret faaliyetlerini düzenlemek ve takip etmek için gereklidir. bu, şirketlerin ticaret faaliyetlerini düzenlemek ve takip etmek için gereklidir. bu, şirketlerin ticaret faaliyetlerini düzenlemek ve takip etmek için gereklidir. bu, şirketlerin ticaret faaliyetlerini düzenlemek ve takip etmek için gereklidir. bu, şirketlerin ticaret faaliyetlerini düzenlemek ve takip etmek için gereklidir. bu, şirketlerin ticaret faaliyetlerini düzenlemek ve takip etmek için gereklidir. bu, şirketlerin ticaret faaliyetlerini düzenlemek ve takip etmek için gereklidir. bu, şirketlerin ticaret faaliyetlerini düzenlemek ve takip etmek için gereklidir. bu, şirketlerin ticaret faaliyetlerini düzenlemek ve",1_5_6102_MADDE_30,1_5_6102_MADDE_586; 1_5_6102_MADDE_962; 1_5_6102_MADDE_87; 1_5_6102_MADDE_40; 1_5_5174_MADDE_9; 1_5_6102_MADDE_354; 1_5_6102_MADDE_598; 1_5_6102_MADDE_27; 1_5_6102_MADDE_587; 1_5_6102_MADDE_588,TÜRK TİCARET KANUNU m.586 | TÜRK TİCARET KANUNU m.962 | TÜRK TİCARET KANUNU m.87 | TÜRK TİCARET KANUNU m.40 | TÜRKİYE ODALAR VE BORSALAR BİRLİĞİ İLE ODALAR VE BORSALAR KANUNU m.9 | TÜRK TİCARET KANUNU m.354 | TÜRK TİCARET KANUNU m.598 | TÜRK TİCARET KANUNU m.27 | TÜRK TİCARET KANUNU m.587 | TÜRK TİCARET KANUNU m.588,0.0176211453744493,0.0176211453744493,0.0,0.0,0.0,0.0,retrieval_miss
Q071,Ceza Hukuku,medium,Meşru müdafaa ile zaruret hali arasındaki temel fark nedir?,Meşru müdafaada kişiye yönelen haksız bir saldırıyı defetme söz konusudur; zaruret halinde ise ağır ve muhakkak bir tehlikeden kendisini veya başkasını kurtarma amacı vardır.,"1. Kısa cevap: Bu hallerde Milli Müdafaa Vekilinin veyahut bir mevkiin müdafaasına memur kıtaların en büyük komutanının emrile harb mevkilerinde bulunan ahalinin iaşe ihtiyaçları dahi Milli Müdafaa mükellefiyeti yolu ile tedarik olunabilir. İKİNCİ FASIL Milli Müdafaa mükellefiyeti yolu ile tedarik olunacak maddeler

2. Şartlar / açıklama: Bu açıklama şu kaynak bilgilerine dayandırılmalıdır.

3. Dayanak maddeler: Kategori: Askeri Hukuk; Kanun: MİLLİ MÜDAFAA MÜKELLEFİYETİ KANUNU; Madde: MADDE 52.

4. Not / sınırlılık: Bu açıklama, kaynak metindeki esas içeriktir.",1_5_5237_MADDE_25,1_3_1632_MADDE_119; 1_3_3780_MADDE_1; 1_3_3634_MADDE_1; 1_3_1593_MADDE_80; 1_3_3634_MADDE_5; 1_3_3634_MADDE_52; 1_3_3634_MADDE_6; 1_3_3634_MADDE_44; 1_3_3634_MADDE_49; 1_3_3894_MADDE_21,ASKERİ CEZA KANUNU m.119 | MİLLİ KORUNMA KANUNU m.1 | MİLLİ MÜDAFAA MÜKELLEFİYETİ KANUNU m.1 | UMUMİ HIFZISSIHHA KANUNU m.80 | MİLLİ MÜDAFAA MÜKELLEFİYETİ KANUNU m.5 | MİLLİ MÜDAFAA MÜKELLEFİYETİ KANUNU m.52 | MİLLİ MÜDAFAA MÜKELLEFİYETİ KANUNU m.6 | MİLLİ MÜDAFAA MÜKELLEFİYETİ KANUNU m.44 | MİLLİ MÜDAFAA MÜKELLEFİYETİ KANUNU m.49 | DENİZDE ZABT VE MÜSADERE KANUNU m.21,0.0196078431372548,0.0196078431372548,0.0,1.0,0.0,0.0,retrieval_miss
Q061,Borçlar Hukuku,medium,Sözleşmede hata nedeniyle iptal hakkının doğması için hangi şart gerekir?,Hatanın esaslı olması gerekir. Esaslı olmayan hata sözleşmenin iptalini sağlamaz.,"1. Kısa cevap: Sözleşmede hata nedeniyle iptal hakkının doğması için, sözleşmenin yapıldığı sırada taraflarca öngörülmeyen ve öngörülmesi de beklenmeyen olağanüstü bir durum, borçludan kaynaklanmayan bir sebeple ortaya çıkar ve sözleşmenin yapıldığı sırada mevcut olguları, kendisinden ifanın istenmesini dürüstlük kurallarına aykırı düşecek derecede borçlu aleyhine değiştirirse ve borçlu da borcunu henüz ifa etmemiş veya ifanın aşırı ölçüde güçleşmesinden doğan haklarını saklı tutarak ifa etmiş olursa borçlu, hâkimden sözleşmenin yeni koşullara uyarlanmasını isteme, bu mümkün olmadığı takdirde sözleşmeden dönme hakkına sahiptir. Sürekli edimli sözleşmelerde borçlu, kural olarak dönme hakkının yerine fesih hakkını kullanır. Bu madde hükmü yabancı para borçlarında da uygulanır. F. Takas I. Koşulları 1. Genel olarak

Bu kaynak, kesinleştirilmiş kaynak değildir. Bu kaynak, ilgili mevzuat bilgilerine dayandırılmalıdır.

2. Şartlar / açıklama: Bu açıklama, verilen kaynak bilgilerine dayandırılmalıdır.

3. Dayanak maddeler: TÜRK BORÇLAR KANUNU m.138, TÜRK BORÇLAR KANUNU m.281, MİLLETLERARASI TAHKİM KANUNU m.15. Bu kaynak, kesinleştirilmiş kaynak değildir. Bu kaynak, ilgili mevzuat bilgilerine dayandırılmalıdır.

4. Not / sınırlılık: Bu kaynak, kesinleştirilmiş kaynak değildir",1_5_6098_MADDE_30,1_5_6098_MADDE_138; 1_5_4735_MADDE_20; 1_5_6098_MADDE_281; 1_5_6098_MADDE_31; 1_5_4686_MADDE_15; 1_5_6102_MADDE_1301; 1_5_6098_MADDE_227; 1_5_6098_MADDE_435; 1_5_6102_MADDE_1445; 1_5_6098_MADDE_268,TÜRK BORÇLAR KANUNU m.138 | KAMU İHALE SÖZLEŞMELERİ KANUNU m.20 | TÜRK BORÇLAR KANUNU m.281 | TÜRK BORÇLAR KANUNU m.31 | MİLLETLERARASI TAHKİM KANUNU m.15 | TÜRK TİCARET KANUNU m.1301 | TÜRK BORÇLAR KANUNU m.227 | TÜRK BORÇLAR KANUNU m.435 | TÜRK TİCARET KANUNU m.1445 | TÜRK BORÇLAR KANUNU m.268,0.0227272727272727,0.0227272727272727,0.0,1.0,0.0,0.0,retrieval_miss
Q100,Medeni Hukuk,medium,Ayırt etme gücü hangi ölçüte göre belirlenir?,"Yaş küçüklüğü, akıl hastalığı, akıl zayıflığı, sarhoşluk veya benzeri sebeplerden biriyle akla uygun davranma yeteneğinden yoksun olmayan herkes ayırt etme gücüne sahiptir.","1. Ayırt etme gücünü geçici olarak kaybeden kişi, bu sırada verdiği zararları gidermekle yükümlüdür. Ancak, ayırt etme gücünü kaybetmede kusuru olmadığını ispat ederse, sorumluluktan kurtulur. V. Sorumluluk sebeplerinin çokluğu 1. Sebeplerin yarışması

2. Bağlam: TÜRK BORÇLAR KANUNU m.59. Bu madde, ayırt etme gücünü geçici olarak kaybeden kişi, bu sırada verdiği zararları gidermekle yükümlüdür. Ancak, ayırt etme gücünü kaybetmede kusuru olmadığını ispat ederse, sorumluluktan kurtulur. V. Sorumluluk sebeplerinin çokluğu 1. Sebeplerin yarışması

3. Dayanak maddeler: TÜRK BORÇLAR KANUNU m.59. Bu madde, ayırt etme gücünü geçici olarak kaybeden kişi, bu sırada verdiği zararları gidermekle yükümlüdür. Ancak, ayırt etme gücünü kaybetmede kusuru olmadığını ispat ederse, sorumluluktan kurtulur. V. Sorumluluk sebeplerinin çokluğu 1. Sebeplerin yarışması

4. Not / sınırlılık: Bu açıklama, sadece verilen mevzuat bağlamına dayandırılmıştır. Uydurma yapılması yasaktır.",1_5_4721_MADDE_13,1_5_6098_MADDE_59; 1_5_4721_MADDE_16; 1_5_4721_MADDE_451; 1_5_4760_MADDE_7; 1_5_4721_MADDE_474; 1_5_6413_MADDE_13; 1_5_4721_MADDE_484; 1_5_5233_MADDE_9; 1_5_6102_MADDE_642; 1_5_4721_MADDE_15,TÜRK BORÇLAR KANUNU m.59 | TÜRK MEDENİ KANUNU m.16 | TÜRK MEDENİ KANUNU m.451 | ÖZEL TÜKETİM VERGİSİ KANUNU m.7 | TÜRK MEDENİ KANUNU m.474 | TÜRK SİLAHLI KUVVETLERİ DİSİPLİN KANUNU m.13 | TÜRK MEDENİ KANUNU m.484 | TERÖR VE TERÖRLE MÜCADELEDEN DOĞAN ZARARLARIN KARŞILANMASI HAKKINDA KANUN m.9 | TÜRK TİCARET KANUNU m.642 | TÜRK MEDENİ KANUNU m.15,0.027027027027027,0.027027027027027,0.0,1.0,0.0,0.0,retrieval_miss
Q152,Ceza Muhakemesi Hukuku,medium,Arama kararı verilebilmesi için hangi ölçü gerekir?,Arama yapılabilmesi için şüpheli veya sanığın yakalanabileceği ya da suç delillerinin elde edilebileceği hususunda makul şüphe bulunmalıdır.,"1. Arama kararı verilebilmesi için, arama için makul sebeplerin oluştuğunun gerekçeleriyle birlikte gösterilmesi gerekir. Arama kararında veya emrinde; aramanın sebebi, konusu ve kapsamı, aramanın yapılacağı yer, zaman ve geçerli olacağı süre belirtilir. Önleme araması aşağıdaki yerlerde yapılabilir: a) 2911 sayılı Toplantı ve Gösteri Yürüyüşleri Kanunu kapsamına giren toplantı ve gösteri yürüyüşlerinin yapıldığı yerde veya yakın çevresinde. b) Özel hukuk tüzel kişileri ile kamu kurumu niteliğindeki meslek kuruluşları veya sendikaların genel kurul toplantılarının yapıldığı yerin yakın çevresinde. c) Halkın topluca bulunduğu veya toplanabileceği yerlerde. ç) Eğitim ve öğretim özgürlüğünün sağlanması için her derecede eğitim ve öğretim kurumlarının idarecilerinin talebiyle ve 20 nci maddenin ikinci fıkrasının (A) bendindeki koşula uygun olarak girilecek yüksek öğretim kurumlarının içinde, bunların yakın çevreleri ile giriş ve çıkışlarında. d) Umumî veya umuma açık yerlerde. e) Her türlü toplu taşıma araçlarında, seyreden taşıtlarda. Konutta, yerleşim yerinde ve kamuya açık olmayan işyerlerinde ve eklentilerinde önleme araması yapılamaz. Spor karşılaşması, miting, konser, festival, toplantı ve gösteri yürüyüşünün düzenlendiği veya aniden toplulukların oluştuğu hallerde gecikmesinde sakınca bulunan hal var sayılır. Polis, tehlikenin önlenmesi veya bert",1_5_5271_MADDE_116,1_5_5686_MADDE_5; 1_5_5271_MADDE_119; 1_4_211_MADDE_56; 1_5_5271_MADDE_120; 1_5_5271_MADDE_117; 1_3_2559_MADDE_9; 1_4_213_MADDE_142; 1_3_3894_MADDE_57; 1_3_6831_MADDE_88; 1_3_3894_MADDE_61,JEOTERMAL KAYNAKLAR VE DOĞAL MİNERALLİ SULAR KANUNU m.5 | CEZA MUHAKEMESİ KANUNU m.119 | TÜRK SİLAHLI KUVVETLERİ İÇ HİZMET KANUNU m.56 | CEZA MUHAKEMESİ KANUNU m.120 | CEZA MUHAKEMESİ KANUNU m.117 | POLİS VAZİFE VE SALȂHİYET KANUNU m.9 | VERGİ USUL KANUNU m.142 | DENİZDE ZABT VE MÜSADERE KANUNU m.57 | ORMAN KANUNU m.88 | DENİZDE ZABT VE MÜSADERE KANUNU m.61,0.0418848167539267,0.031413612565445,0.0,1.0,0.0,0.0,retrieval_miss
Q068,Borçlar Hukuku,medium,Genel vekaletname ile taşınmaz devri veya bağışlama yapılabilir mi?,"Vekilin bağışlama yapabilmesi, taşınmaz devredebilmesi veya bir hakkı sınırlandırabilmesi için özel yetki verilmiş olması gerekir.","1. Genel vekaletname ile taşınmaz devri veya bağışlama yapılabilir mi?

Bu tür bir işlem, genel vekaletname ile taşınmaz devri veya bağışlama işlemleri için uygun değildir. Bu tür bir işlem, genel vekaletname ile taşınmaz devri veya bağışlama işlemleri için uygun değildir. Bu tür bir işlem, genel vekaletname ile taşınmaz devri veya bağışlama işlemleri için uygun değildir. Bu tür bir işlem, genel vekaletname ile taşınmaz devri veya bağışlama işlemleri için uygun değildir. Bu tür bir işlem, genel vekaletname ile taşınmaz devri veya bağışlama işlemleri için uygun değildir. Bu tür bir işlem, genel vekaletname ile taşınmaz devri veya bağışlama işlemleri için uygun değildir. Bu tür bir işlem, genel vekaletname ile taşınmaz devri veya bağışlama işlemleri için uygun değildir. Bu tür bir işlem, genel vekaletname ile taşınmaz devri veya bağışlama işlemleri için uygun değildir. Bu tür bir işlem, genel vekaletname ile taşınmaz devri veya bağışlama işlemleri için uygun değildir. Bu tür bir işlem, genel vekaletname ile taşınmaz devri veya bağışlama işlemleri için uygun değildir. Bu tür bir işlem, genel vekaletname ile taşınmaz devri veya bağışlama işlemleri için uygun değildir. Bu tür bir işlem, genel vekaletname ile taşınmaz devri veya bağışlama işlemleri için uygun değildir. Bu tür bir işlem, genel vekaletname ile taşınmaz devri veya bağışlama işlemleri için uygun değildir. Bu tür bir işlem, genel vekaletname ile taşınmaz devri veya bağışlama işlemleri için uygun",1_5_6098_MADDE_504,1_3_6760_MADDE_16; 1_5_4721_MADDE_440; 1_5_5737_GEÇİCİ_MADDE_7; 1_3_7269_MADDE_31; 1_5_5737_MADDE_16; 1_3_2644_MADDE_26; 1_5_5737_GEÇİCİ_MADDE_11; 1_5_4721_MADDE_444; 1_5_5366_MADDE_4; 1_3_6132_MADDE_5,VAKIFLAR UMUM MÜDÜRLÜĞÜ VAZİFE VE TEŞKİLÂTI HAKKINDA KANUN m.16 | TÜRK MEDENİ KANUNU m.440 | VAKIFLAR KANUNU geçici m.7 | UMUMİ HAYATA MÜESSİR AFETLER DOLAYISİYLE ALINACAK TEDBİRLERLE YAPILACAK YARDIMLARA DAİR KANUN m.31 | VAKIFLAR KANUNU m.16 | TAPU KANUNU m.26 | VAKIFLAR KANUNU geçici m.11 | TÜRK MEDENİ KANUNU m.444 | YIPRANAN TARİHİ VE KÜLTÜREL TAŞINMAZ VARLIKLARIN YENİLENEREK KORUNMASI VE YAŞATILARAK KULLANILMASI HAKKINDA KANUN m.4 | AT YARIŞLARI HAKKINDA KANUN m.5,0.0427350427350427,0.0427350427350427,0.0,0.0,0.0,0.0,retrieval_miss
Q036,Medeni Hukuk,medium,İyiniyetli zilyedin taşınırı iktisap etmesi (kazanması) için gereken şartlar nelerdir?,"İyiniyetli kişi, malik olmayan fakat taşınırı malik tarafından zilyetliği devredilmiş kişiden taşınırı teslim alırsa mülkiyeti kazanabilir. Kazanım için devralanın iyiniyetli olması ve taşınırın çalınmış, kaybedilmiş veya irade dışı elden çıkmış olmaması gerekir.","1. Taşınırı çalınan, kaybolan ya da iradesi dışında başka herhangi bir şekilde elinden çıkan zilyet, o şeyi elinde bulunduran herkese karşı beş yıl içinde taşınır davası açabilir. Bu taşınır, açık artırmadan veya pazardan ya da benzeri eşya satanlardan iyiniyetle edinilmiş ise; iyiniyetli birinci ve sonraki edinenlere karşı taşınır davası, ancak ödenen bedelin geri verilmesi koşuluyla açılabilir. Diğer konularda iyiniyetli zilyedin haklarına ilişkin hükümler uygulanır. c. Para ve hamile yazılı senetlerde

2. Bu açıklama şu kaynak bilgilerine dayandırılmalıdır: Kategori: Taşınmazlar; Madde: MADDE 989. Bu kaynak, kesin ve bağlayıcıdır.

3. Bağlam: TÜRK MEDENİ KANUNU m.989. Bu madde, taşınırı çalınan, kaybolan ya da iradesi dışında başka herhangi bir şekilde elinden çıkan zilyet, o şeyi elinde bulunduran herkese karşı beş yıl içinde taşınır davası açabilir. Bu taşınır, açık artırmadan veya pazardan ya da benzeri eşya satanlardan iyiniyetle edinilmiş ise; iyiniyetli birinci ve sonraki edinenlere karşı taşınır davası, ancak ödenen bedelin geri verilmesi koşuluyla açılabilir. Diğer konularda iyiniyetli zilyedin haklarına ilişkin hükümler uygulanır. c. Para ve hamile yazılı senetlerde

4. Not / sınırlılık: Bu kaynak, kesin ve bağlayıcıdır. Bu kaynak, sadece",1_5_4721_MADDE_988,1_5_4721_MADDE_989; 1_5_4721_MADDE_777; 1_5_4721_MADDE_763; 1_5_4721_MADDE_939; 1_5_4721_MADDE_990; 1_5_4721_MADDE_995; 1_5_6750_MADDE_12; 1_5_4721_MADDE_991; 1_5_6098_MADDE_208; 1_5_4721_MADDE_986,TÜRK MEDENİ KANUNU m.989 | TÜRK MEDENİ KANUNU m.777 | TÜRK MEDENİ KANUNU m.763 | TÜRK MEDENİ KANUNU m.939 | TÜRK MEDENİ KANUNU m.990 | TÜRK MEDENİ KANUNU m.995 | TİCARİ İŞLEMLERDE TAŞINIR REHNİ KANUNU m.12 | TÜRK MEDENİ KANUNU m.991 | TÜRK BORÇLAR KANUNU m.208 | TÜRK MEDENİ KANUNU m.986,0.0478468899521531,0.0382775119617224,0.0,1.0,0.0,0.0,retrieval_miss
Q147,Ceza Hukuku,easy,Yardım etme neyi ifade eder?,"Yardım etme, suçun işlenmesini kolaylaştıran veya suçun işlenmesine maddi ya da manevi katkıda bulunan davranışlardır.","1. Yardım isteğe bağlıdır. Kişi ve kuruluşlar yardımda bulunmaya zorlanamaz. Yardım toplama şekilleri:

2. Bu açıklama, mevzuat bağlamına dayanmaktadır.

3. Bağlantı: YARDIM TOPLAMA KANUNU m.4",1_5_5237_MADDE_39,1_5_2860_MADDE_4; 1_5_2860_MADDE_14; 1_5_2860_MADDE_3; 1_5_2860_MADDE_1; 1_5_2860_MADDE_5; 1_5_2860_MADDE_8; 1_5_2860_MADDE_7; 1_5_2860_MADDE_25; 1_3_3894_MADDE_37; 1_5_2860_MADDE_6,YARDIM TOPLAMA KANUNU m.4 | YARDIM TOPLAMA KANUNU m.14 | YARDIM TOPLAMA KANUNU m.3 | YARDIM TOPLAMA KANUNU m.1 | YARDIM TOPLAMA KANUNU m.5 | YARDIM TOPLAMA KANUNU m.8 | YARDIM TOPLAMA KANUNU m.7 | YARDIM TOPLAMA KANUNU m.25 | DENİZDE ZABT VE MÜSADERE KANUNU m.37 | YARDIM TOPLAMA KANUNU m.6,0.048780487804878,0.048780487804878,0.0,1.0,0.0,0.0,retrieval_miss
Q012,Borçlar Hukuku,easy,Cezai şartın fahiş (aşırı) olması durumunda hakimin müdahale yetkisi nedir?,"Cezai şart fahiş ise hâkim, istem üzerine veya şartları varsa kendiliğinden indirim yapabilir. İndirim, dürüstlük kuralı ve somut olayın özellikleri gözetilerek belirlenir.","1. Hakim, fahiş şartın olması durumunda, başvurunun reddine karar verebilir. bu karar, kanunla belirlenen fahiş şartların aşılması durumunda başvurunun kabulüne karar verebilir.

2. Bağlam: KABAHATLER KANUNU m.28.

3. Dayanak maddeler: KABAHATLER KANUNU m.28.

4. Not / sınırlılık: Bu açıklama, sadece verilen mevzuat bağlamına dayanmaktadır. Uydurma kanun, madde, karar veya kaynak üretme.",1_5_6098_MADDE_182,1_5_5326_MADDE_28; 1_5_1475_MADDE_111; 1_5_3516_GEÇİCİ_MADDE_2; 1_5_5237_MADDE_53; 1_5_5651_MADDE_8; 1_5_5271_GEÇİCİ_MADDE_1; 1_5_5320_MADDE_8; 1_5_3091_MADDE_15; 1_5_5271_MADDE_286; 1_5_6100_MADDE_68,KABAHATLER KANUNU m.28 | İŞ KANUNU m.111 | ÖLÇÜLER VE AYAR KANUNU geçici m.2 | TÜRK CEZA KANUNU m.53 | İNTERNET ORTAMINDA YAPILAN YAYINLARIN DÜZENLENMESİ VE BU YAYINLAR YOLUYLA İŞLENEN SUÇLARLA MÜCADELE EDİLMESİ HAKKINDA KANUN m.8 | CEZA MUHAKEMESİ KANUNU geçici m.1 | CEZA MUHAKEMESİ KANUNUNUN YÜRÜRLÜK VE UYGULAMA ŞEKLİ HAKKINDA KANUN m.8 | TAŞINMAZ MAL ZİLYEDLİĞİNE YAPILAN TECAVÜZLERİN ÖNLENMESİ HAKKINDA KANUN m.15 | CEZA MUHAKEMESİ KANUNU m.286 | HUKUK MUHAKEMELERİ KANUNU m.68,0.0526315789473684,0.0526315789473684,0.0,1.0,0.0,0.0,retrieval_miss
Q019,Ceza Hukuku,hard,"Suçta ""zincirleme suç"" (teselsül) hükümlerinin uygulanabilmesi için gereken temel şartlar nelerdir?","Zincirleme suç hükümleri için aynı suç işleme kararının icrası kapsamında, aynı mağdura karşı, değişik zamanlarda birden fazla kez aynı suçun işlenmesi gerekir. Bu halde tek ceza verilir ve ceza artırılır.","1. Suçta ""zincirleme suç"" (teselsül) hükümlerinin uygulanabilmesi için, suçun kanuni tanımında öngörülen cezanın alt ve üst sınırı arasında tespit edeceği temel cezadan ve koşulları bulunduğu takdirde zincirleme suça ilişkin hükümler uygulandıktan sonra belirlenen cezadan yarı oranında indirim uygulamak suretiyle yaptırımı belirlemek şartı vardır. bu şart, suçun kanuni tanımında öngörülen cezanın alt ve üst sınırı arasında tespit edeceği temel cezadan ve koşulları bulunduğu takdirde zincirleme suça ilişkin hükümler uygulandıktan sonra belirlenen cezadan yarı oranında indirim uygulamak suretiyle yaptırımı belirlemesini sağlar. bu şart, suçun kanuni tanımında öngörülen cezanın alt ve üst sınırı arasında tespit edeceği temel cezadan ve koşulları bulunduğu takdirde zincirleme suça ilişkin hükümler uygulandıktan sonra belirlenen cezadan yarı oranında indirim uygulamak suretiyle yaptırımı belirlemesini sağlar. bu şart, suçun kanuni tanımında öngörülen cezanın alt ve üst sınırı arasında tespit edeceği temel cezadan ve koşulları bulunduğu takdirde zincirleme suça ilişkin hükümler uygulandıktan sonra belirlenen cezadan yarı oranında indirim uygulamak suretiyle yaptırımı belirlemesini sağlar. bu şart, suçun kanuni tanımında öngörülen cezanın alt ve üst sınırı arasında tespit edeceği temel cezadan ve koşulları bulunduğu takdirde zincirleme suça ilişkin hükümler uygulandıktan sonra belirlenen cez",1_5_5237_MADDE_43,1_5_5237_MADDE_42; 1_5_5271_MADDE_250; 1_5_5271_MADDE_100; 1_5_5271_MADDE_109; 1_5_5237_MADDE_77; 1_5_5237_MADDE_58; 1_5_5237_MADDE_41; 1_5_5237_MADDE_40; 1_5_5237_MADDE_21; 1_5_5275_MADDE_108,TÜRK CEZA KANUNU m.42 | CEZA MUHAKEMESİ KANUNU m.250 | CEZA MUHAKEMESİ KANUNU m.100 | CEZA MUHAKEMESİ KANUNU m.109 | TÜRK CEZA KANUNU m.77 | TÜRK CEZA KANUNU m.58 | TÜRK CEZA KANUNU m.41 | TÜRK CEZA KANUNU m.40 | TÜRK CEZA KANUNU m.21 | CEZA VE GÜVENLİK TEDBİRLERİNİN İNFAZI HAKKINDA KANUN m.108,0.0574162679425837,0.0574162679425837,0.0,0.0,0.0,0.0,retrieval_miss
Q187,İş Hukuku,medium,Ücret alacaklarında zamanaşımı süresi ne kadardır?,Ücret alacaklarında zamanaşımı süresi beş yıldır.,"1. Kısa cevap: Ücret alacaklarında beş yıllık zamanaşımı uygulanır. Bu zamanaşım süresi, alacağın muaccel olmasıyla işlemeye başlar. Alacağın tamamı zamanaşımına uğramışsa, ifa edilmemiş dönemsel edimler de zamanaşımına uğramış olur. V. Sürelerin hesaplanması

2. Şartlar / açıklama: Bu açıklama, verilen mevzuat bağlamına dayandırılmalıdır.

3. Dayanak maddeler: TÜRK BORÇLAR KANUNU m.147, TÜRK BORÇLAR KANUNU m.150, TÜRK TİCARET KANUNU m.264, SOSYAL SİGORTALAR VE GENEL SAĞLIK SİGORTASI KANUNU m.97.

4. Not / sınırlılık: Bu açıklama, sadece verilen mevzuat bağlamına dayanmaktadır. Bu kaynaklar dışında başka kaynaklara veya diğer bilgilerle desteklenmek istenirse, bu kaynaklara veya diğer bilgilerle desteklenmek istenirse, bu kaynaklara veya diğer bilgilerle desteklenmek istenirse, bu kaynaklara veya diğer bilgilerle desteklenmek istenirse, bu kaynaklara veya diğer bilgilerle desteklenmek istenirse, bu kaynaklara veya diğer bilgilerle desteklenmek istenirse, bu kaynaklara veya diğer bilgilerle desteklenmek istenirse, bu kaynaklara veya diğer bilgilerle desteklenmek istenirse, bu kaynaklara veya diğer bilgilerle desteklenmek istenirse, bu kaynaklara veya diğer bilgilerle desteklenmek istenirse, bu kaynaklara veya diğer bilgilerle desteklenmek istenirse, bu kaynaklara veya diğer bilgilerle desteklenmek istenirse,",1_5_4857_MADDE_32,1_5_6098_MADDE_147; 1_3_6183_MADDE_102; 1_5_6098_MADDE_149; 1_5_6098_MADDE_157; 1_5_6098_MADDE_150; 1_5_6098_MADDE_146; 1_5_6098_MADDE_156; 1_5_5510_MADDE_97; 1_5_6102_MADDE_264; 1_4_213_MADDE_113,TÜRK BORÇLAR KANUNU m.147 | AMME ALACAKLARININ TAHSİL USULÜ HAKKINDA KANUN m.102 | TÜRK BORÇLAR KANUNU m.149 | TÜRK BORÇLAR KANUNU m.157 | TÜRK BORÇLAR KANUNU m.150 | TÜRK BORÇLAR KANUNU m.146 | TÜRK BORÇLAR KANUNU m.156 | SOSYAL SİGORTALAR VE GENEL SAĞLIK SİGORTASI KANUNU m.97 | TÜRK TİCARET KANUNU m.264 | VERGİ USUL KANUNU m.113,0.057471264367816,0.0459770114942528,0.0,1.0,0.0,0.0,retrieval_miss
Q065,Borçlar Hukuku,medium,Hakim cezai şartı hangi durumda indirebilir?,"Hakim, aşırı gördüğü cezai şartı kendiliğinden indirebilir.","1. Hakim cezai şartı, hakim ve savcılar, uyarma, aylıktan kesme ve kınama cezalarının kesinleşmesinden itibaren dört yıl, kademe ilerlemesi ve derece yükselmesini durdurma cezalarının kesinleşmesinden itibaren altı yıl geçtikten sonra Hakimler ve Savcılar Yüksek Kuruluna başvurarak bu disiplin cezalarının sicillerinden silinmesini isteyebilirler. Bu disiplin cezasının sicil dosyasındaki disiplin bölümü çıkarılarak yenisi düzenlenir. İhbar ve şikayet: [57]
2. Bu açıklama şu kaynak bilgilerine dayandırılmalıdır: Kategori: Ceza Hukuku; Madde: MADDE 75.
3. Bağlam: HAKİMLER VE SAVCILAR KANUNU m.75.
4. Not / sınırlılık: Bu açıklama, sadece verilen mevzuat bağlamına dayanmaktadır. Bu kaynak, kesin ve bağlam dışındaki bilgi içermez.",1_5_6098_MADDE_182,1_5_2802_MADDE_75; 1_5_5275_MADDE_100; 1_5_5237_MADDE_62; 1_5_5271_MADDE_251; 1_5_2802_MADDE_79; 1_5_5271_MADDE_171; 1_5_5237_MADDE_63; 1_5_5237_MADDE_71; 1_5_5271_MADDE_231; 1_5_5237_MADDE_248,HAKİMLER VE SAVCILAR KANUNU m.75 | CEZA VE GÜVENLİK TEDBİRLERİNİN İNFAZI HAKKINDA KANUN m.100 | TÜRK CEZA KANUNU m.62 | CEZA MUHAKEMESİ KANUNU m.251 | HAKİMLER VE SAVCILAR KANUNU m.79 | CEZA MUHAKEMESİ KANUNU m.171 | TÜRK CEZA KANUNU m.63 | TÜRK CEZA KANUNU m.71 | CEZA MUHAKEMESİ KANUNU m.231 | TÜRK CEZA KANUNU m.248,0.0576923076923076,0.0576923076923076,0.0,1.0,0.0,0.0,retrieval_miss
Q133,Borçlar Hukuku,medium,Susma kural olarak kabul anlamına gelir mi?,Kural olarak susma kabul sayılmaz; ancak kanun veya işin niteliği yahut durumun özellikleri gerektiriyorsa sonuç farklı olabilir.,"1. Hayır, susma kural olarak kabul anlamına gelir mi?

2. Bağlamda: Kategori: Hukuk; Kanun: REKABETİN KORUNMASI HAKKINDA KANUN; Madde: MADDE 49. Bu kaynak, kesin olarak gerekli kıldığı hâllerde, ilgilinin talebi üzerine yahut resen mahkemece karar verilebilir. Bu kaynak, kesin olarak gerekli kıldığı hâllerde, ilgilinin talebi üzerine yahut resen mahkemece karar verilebilir. Bu kaynak, kesin olarak gerekli kıldığı hâllerde, ilgilinin talebi üzerine yahut resen mahkemece karar verilebilir. Bu kaynak, kesin olarak gerekli kıldığı hâllerde, ilgilinin talebi üzerine yahut resen mahkemece karar verilebilir. Bu kaynak, kesin olarak gerekli kıldığı hâllerde, ilgilinin talebi üzerine yahut resen mahkemece karar verilebilir. Bu kaynak, kesin olarak gerekli kıldığı hâllerde, ilgilinin talebi üzerine yahut resen mahkemece karar verilebilir. Bu kaynak, kesin olarak gerekli kıldığı hâllerde, ilgilinin talebi üzerine yahut resen mahkemece karar verilebilir. Bu kaynak, kesin olarak gerekli kıldığı hâllerde, ilgilinin talebi üzerine yahut resen mahkemece karar verilebilir. Bu kaynak, kesin olarak gerekli kıldığı hâllerde, ilgilinin talebi üzerine yahut resen mahkemece karar verilebilir. Bu kaynak, kesin olarak gerekli kıldığı hâllerde, ilgilinin talebi üzerine yahut resen mahkemece karar verilebilir. Bu kaynak, kesin olarak gerekli kıld",1_5_6098_MADDE_6,1_5_4054_MADDE_49; 1_5_4054_MADDE_47; 1_5_6325_MADDE_4; 1_5_6362_MADDE_135; 1_5_6100_MADDE_28; 1_5_5411_MADDE_73; 1_5_6362_MADDE_90; 1_5_5271_MADDE_47; 1_3_2559_MADDE_7; 1_5_5271_MADDE_147,REKABETİN KORUNMASI HAKKINDA KANUN m.49 | REKABETİN KORUNMASI HAKKINDA KANUN m.47 | HUKUK UYUŞMAZLIKLARINDA ARABULUCULUK KANUNU m.4 | SERMAYE PİYASASI KANUNU m.135 | HUKUK MUHAKEMELERİ KANUNU m.28 | BANKACILIK KANUNU m.73 | SERMAYE PİYASASI KANUNU m.90 | CEZA MUHAKEMESİ KANUNU m.47 | POLİS VAZİFE VE SALȂHİYET KANUNU m.7 | CEZA MUHAKEMESİ KANUNU m.147,0.0585365853658536,0.048780487804878,0.0,1.0,0.0,0.0,retrieval_miss
Q013,Borçlar Hukuku,hard,"Aşırı ifa güçlüğü (uyarlama) talebi için gereken ""öngörülemezlik"" kriterinin unsurları nelerdir?","Aşırı ifa güçlüğünde olay, sözleşme kurulduktan sonra ortaya çıkan ve borçludan kaynaklanmayan olağanüstü bir durum olmalıdır. Bu durum taraflarca öngörülmemiş veya öngörülmesi beklenemeyecek nitelikte olmalı ve edimler arasındaki dengeyi borçlu aleyhine dürüstlük kuralına aykırı düşecek ölçüde bozmalıdır.","1. Aşırı ifa güçlüğü (uyarlama) talebi için gereken ""öngörülemezlik"" kriteri, usulsüzlük ve özel usulsüzlük cezalarının (359 uncu maddede yazılı fiillerle vergi ziyaına sebebiyet verilmesi halinde (...) 144 kesilen ceza ile bu fiillere iştirak edenlere kesilen ceza ve 370 inci maddenin (b) fıkrası kapsamında kendilerine ön tespite ilişkin yazı tebliğ edilen mükelleflere mezkur maddeye göre kesilen ceza hariç) tahakkuk edecek miktarları konusunda, vergi ziyaına sebebiyet verilmesinin kanun hükümlerine yeterince nüfuz edememekten ya da 369 uncu maddede yazılı yanılmadan kaynaklandığının veya bu Kanunun 116, 117 ve 118 inci maddelerinde yazılı vergi hataları ile bunun dışında her türlü maddi hata bulunduğunun veya yargı kararları ile idarenin ihtilaf konusu olayda görüş farklılığının olduğunun ileri sürülmesi durumunda, idare bu bölümde yer alan hükümler çerçevesinde mükellefler ile uzlaşabilir. (Mülga cümle:28/7/2024-7524/14 md.) (Ek cümle:14/10/2021-7338/44 md.) Uzlaşmaya konu edilebilecek usulsüzlük ve özel usulsüzlük cezalarının tespitinde cezayı gerektiren fiil bazında kesilecek toplam ceza tutarı dikkate alınır ve 5.000",1_5_6098_MADDE_138,1_5_6413_MADDE_15; 1_4_213_MADDE_1; 1_5_5275_MADDE_46; 1_5_6098_MADDE_97; 1_5_5549_MADDE_4; 1_5_5549_MADDE_13; 1_3_442_MADDE_74; 1_5_6306_MADDE_8; 1_5_5275_MADDE_56; 1_3_2004_MADDE_89,TÜRK SİLAHLI KUVVETLERİ DİSİPLİN KANUNU m.15 | VERGİ USUL KANUNU m.1 | CEZA VE GÜVENLİK TEDBİRLERİNİN İNFAZI HAKKINDA KANUN m.46 | TÜRK BORÇLAR KANUNU m.97 | SUÇ GELİRLERİNİN AKLANMASININ ÖNLENMESİ HAKKINDA KANUN m.4 | SUÇ GELİRLERİNİN AKLANMASININ ÖNLENMESİ HAKKINDA KANUN m.13 | KÖY KANUNU m.74 | AFET RİSKİ ALTINDAKİ ALANLARIN DÖNÜŞTÜRÜLMESİ HAKKINDA KANUN m.8 | CEZA VE GÜVENLİK TEDBİRLERİNİN İNFAZI HAKKINDA KANUN m.56 | İCRA VE İFLAS KANUNU m.89,0.0612244897959183,0.0612244897959183,0.0,1.0,0.0,0.0,retrieval_miss
Q149,Ceza Hukuku,medium,Güvenlik tedbirleri ceza dışında neyi ifade eder?,"Güvenlik tedbirleri, failin veya tehlikeliliğin durumuna göre ceza dışında uygulanan ve kanunda düzenlenen hukuki sonuçlardır.","1. Güvenlik tedbirleri, ceza infaz kurumları dışında, hapis cezasının infazının hastalık nedeni ile ertelenmesi, kuruma alınma ve kayıt işlemleri, hükümlüler ile yakınları ve ilgililerin bilgilendirilmesi, cezayı çekme, güvenlik ve iyileştirme programına ve sağlığın korunması kurallarına uyma, bina ve eşyaların korunması, kapıların açılmaması ve temasın önlenmesi, oda ve eklentilerinde bulundurulabilecek kişisel eşyalar, arama, disiplin cezalarının niteliği ve uygulanma koşulları, kınama, bazı etkinliklere katılmaktan alıkoyma, ücret karşılığı çalışılan işten yoksun bırakma, haberleşme veya iletişim araçlarından yoksun bırakma veya kısıtlama, ziyaretçi kabulünden yoksun bırakma, hücreye koyma, çocuk hükümlüler hakkında uygulanabilecek disiplin tedbirleri ve cezaları, disiplin soruşturması, disiplin cezasını gerektiren eylemlerin tekrarı, disiplin cezalarının infazı ve kaldırılması, yönetim tarafından alınabilecek tedbirler, zorlayıcı araçların kullanılması, ödüllendirme, şikâyet ve itiraz, nakiller, disiplin nedeniyle nakil, zorunlu nedenlerle nakil, hastalık nedeniyle nakil, nakillerde alınacak tedbirler, avukat ve noterle görüşme hakkı, kültür ve sanat etkinliklerine katılma, ifade özgürlüğü, kütüphaneden yararlanma, süreli veya süresiz yayınlardan yararlanma hakkı, telefonla haberleşme hakkı, radyo, televizyon yayınları ile internet olanaklarından yararlanma hakkı",1_5_5237_MADDE_53,1_5_5275_MADDE_116; 1_5_5275_MADDE_104; 1_5_5275_MADDE_45; 1_5_5275_MADDE_115; 1_5_5275_MADDE_3; 1_5_5275_MADDE_37; 1_5_5275_MADDE_2; 1_5_5275_MADDE_49; 1_5_5275_MADDE_46; 1_5_5275_MADDE_38,CEZA VE GÜVENLİK TEDBİRLERİNİN İNFAZI HAKKINDA KANUN m.116 | CEZA VE GÜVENLİK TEDBİRLERİNİN İNFAZI HAKKINDA KANUN m.104 | CEZA VE GÜVENLİK TEDBİRLERİNİN İNFAZI HAKKINDA KANUN m.45 | CEZA VE GÜVENLİK TEDBİRLERİNİN İNFAZI HAKKINDA KANUN m.115 | CEZA VE GÜVENLİK TEDBİRLERİNİN İNFAZI HAKKINDA KANUN m.3 | CEZA VE GÜVENLİK TEDBİRLERİNİN İNFAZI HAKKINDA KANUN m.37 | CEZA VE GÜVENLİK TEDBİRLERİNİN İNFAZI HAKKINDA KANUN m.2 | CEZA VE GÜVENLİK TEDBİRLERİNİN İNFAZI HAKKINDA KANUN m.49 | CEZA VE GÜVENLİK TEDBİRLERİNİN İNFAZI HAKKINDA KANUN m.46 | CEZA VE GÜVENLİK TEDBİRLERİNİN İNFAZI HAKKINDA KANUN m.38,0.0689655172413793,0.057471264367816,0.0,0.0,0.0,0.0,retrieval_miss
Q043,Ticaret Hukuku,easy,"Anonim şirketlerde ""azınlık hakları"" hangi orandaki pay sahiplerine tanınmıştır?","Anonim şirkette azınlık hakları, sermayenin en az onda birini temsil eden pay sahiplerine tanınır. Halka açık şirketlerde bu oran yirmide birdir.","1. Anonim şirketlerde azınlık hakları, sermayesi belirli ve paylara bölünmüş olan, borçlarından dolayı yalnız malvarlığıyla sorumlu bulunan şirkettir. (madde 329)
2. Bağlamda bulunan kaynak: TÜRK TİCARET KANUNU m.329. Bu kaynak, anonim şirketlerin esas sermayeye, asgari sermaye miktarına, esas sözleşmenin asgari içeriğine, ayni sermaye taahhütlerine, nominal değere, ortaklığın kendi paylarını iktisap veya rehin olarak kabul etmesine, sermaye artırım ve azaltımı usulüne, pay taahhüdü ve ödenmesine, pay devrine ilişkin kısıtlamalarına, kâr-zarar hesabı ve kârın dağıtımına, yedek akçelere ve tasfiyeye ilişkin hükümleri uygulanmaz. (madde 329)
3. Dayanak maddeler: madde 329.
4. Not / sınırlılık: Bu kaynak, anonim şirketlerin esas sermayeye, asgari sermaye miktarına, esas sözleşmenin asgari içeriğine, ayni sermaye taahhütlerine, nominal değere, ortaklığın kendi paylarını iktisap veya rehin olarak kabul etmesine, sermaye artırım ve azaltımı usulüne, pay taahhüdü ve ödenmesine, pay devrine ilişkin kısıtlamalarına, kâr-zarar hesabı ve kârın dağıtımına, yedek akçelere ve tasfiyeye ilişkin hükümleri uygulanmaz. (madde 329)",1_5_6102_MADDE_411,1_5_6102_MADDE_329; 1_5_6362_MADDE_16; 1_5_6102_MADDE_338; 1_5_5684_MADDE_9; 1_5_6102_MADDE_592; 1_5_6362_MADDE_51; 1_5_7330_MADDE_8; 1_5_6362_MADDE_27; 1_5_6102_MADDE_478; 1_5_6102_MADDE_360,TÜRK TİCARET KANUNU m.329 | SERMAYE PİYASASI KANUNU m.16 | TÜRK TİCARET KANUNU m.338 | SİGORTACILIK KANUNU m.9 | TÜRK TİCARET KANUNU m.592 | SERMAYE PİYASASI KANUNU m.51 | MAKİNE VE KİMYA ENDÜSTRİSİ ANONİM ŞİRKETİ HAKKINDA KANUN m.8 | SERMAYE PİYASASI KANUNU m.27 | TÜRK TİCARET KANUNU m.478 | TÜRK TİCARET KANUNU m.360,0.0693641618497109,0.0578034682080924,0.0,1.0,0.0,0.0,retrieval_miss
Q067,Borçlar Hukuku,hard,Aşırı yararlanma (gabin) sebebiyle iptal hakkı hangi sürelerde kullanılabilir?,"Zarar gören, düşüncesizlik veya deneyimsizliğini öğrendiği tarihten başlayarak bir yıl ve her hâlde sözleşmenin kurulduğu tarihten başlayarak beş yıl içinde bu hakkını kullanabilir.","1. Kısa cevap: Aşırı yararlanma (gabin) sebebiyle iptal hakkı, ihtiyati haciz tatbik olunanlar haczin tatbikı, gıyapta yapılan hacizlerde haczin tebliği tarihinden itibaren 15 gün içinde alacaklı tahsil dairesine ait itiraz işlerine bakan vergi itiraz komisyonu nezdinde ihtiyati haciz sebebine itiraz edebilirler. (Madde: 15) Bu hüküm, iptal hakkını ve sürelerini belirler.

2. Şartlar / açıklama: Bu açıklama, verilen mevzuat bağlamına dayanmaktadır. Kategori: Aşırı yararlanma (gabin).

3. Dayanak maddeler: Madde: MADDE 15. Bu madde, aşırı yararlanma (gabin) sebebiyle iptal hakkını belirler.

4. Not / sınırlılık: Bu açıklama, sadece verilen mevzuat bağlamına dayanmaktadır. Bağlamda cevap yoktur.",1_5_6098_MADDE_28,1_3_6183_MADDE_15; 1_5_6362_MADDE_41; 1_5_4686_MADDE_15; 1_5_6736_GEÇİCİ_MADDE_2; 1_5_6769_MADDE_9; 1_3_6245_GEÇİCİ_MADDE_6; 1_3_2004_MADDE_283; 1_5_4458_MADDE_7; 1_5_6098_MADDE_281; 1_3_2004_MADDE_67,AMME ALACAKLARININ TAHSİL USULÜ HAKKINDA KANUN m.15 | SERMAYE PİYASASI KANUNU m.41 | MİLLETLERARASI TAHKİM KANUNU m.15 | BAZI ALACAKLARIN YENİDEN YAPILANDIRILMASINA İLİŞKİN KANUN geçici m.2 | SINAİ MÜLKİYET KANUNU m.9 | HARCIRAH KANUNU geçici m.6 | İCRA VE İFLAS KANUNU m.283 | GÜMRÜK KANUNU m.7 | TÜRK BORÇLAR KANUNU m.281 | İCRA VE İFLAS KANUNU m.67,0.0695652173913043,0.0521739130434782,0.0,1.0,0.0,0.0,retrieval_miss
Q011,Borçlar Hukuku,medium,Kira sözleşmelerinde kiracının temerrüdü nedeniyle tahliye şartları nelerdir?,"Kiracının temerrüdünde kiraya veren, muaccel kira borcu için kiracıya yazılı süre verir ve bu sürede ödeme yapılmazsa sözleşmeyi feshedeceğini bildirir. Konut ve çatılı işyeri kiralarında bu süre en az otuz gündür.","1. Kira sözleşmesinde kiracının temerrüdü nedeniyle tahliye şartları, tahliye talebinin noterlikçe res'en tanzim veya tarih ve imzası tasdik edilmiş yahut ikrar olunmuş bir mukaveleye müstenit olup da kiracı kiranın yenilendiğine veya uzatıldığına dair aynı kuvvet ve mahiyette bir vesika gösteremezse itiraz kaldırılır. Aksi takdirde itirazın kaldırılması talebi reddolunur. İtirazın kaldırılması üzerine tahliye ve teslim icra edildikten veya kaldırılma talebi reddolunduktan sonra kiracının veya kiralıyanın umumi hükümlere göre mahkemeye müracaat hakları saklıdır. (Değişik: 9/11/1988-3494/52 md.) Mahkemede açılan davada icra takibi sırasında inkar olunan imzanın kendisine ait olduğu anlaşılan kiracı veya kiralayan yüzbin liradan beşyüzbin liraya kadar para cezasına mahküm edilir. Kiralanan taşınmazda üçüncü şahıs bulunursa: Bu kaynaklara bakarak bu tür bir tahliye şartları ve kira sözleşme şartları hakkında daha fazla bilgi edinebilirsiniz. Bu kaynaklar, kesin ve güncel bilgiler sağlar.

2. Şartlar / açıklama: Bu açıklama, verilen mevzuat bağlamına dayanmaktadır. Bağlamda cevap verilmiştir.

3. Dayanak maddeler: Kategori: Kira sözleşmelerinde kiracının temerrüdü nedeniyle tahliye şartları; tahliye talebinin noterlikçe res'en tanzim veya tarih ve imzası tasdik edilmiş yahut",1_5_6098_MADDE_315,1_3_2004_MADDE_272; 1_5_6098_MADDE_316; 1_5_6098_MADDE_355; 1_3_2004_MADDE_269; 1_5_6098_MADDE_342; 1_5_2828_GEÇİCİ_MADDE_7; 1_5_6098_MADDE_314; 1_3_2004_MADDE_275; 1_5_2828_GEÇİCİ_MADDE_2; 1_5_6098_MADDE_352,İCRA VE İFLAS KANUNU m.272 | TÜRK BORÇLAR KANUNU m.316 | TÜRK BORÇLAR KANUNU m.355 | İCRA VE İFLAS KANUNU m.269 | TÜRK BORÇLAR KANUNU m.342 | SOSYAL HİZMETLER KANUNU geçici m.7 | TÜRK BORÇLAR KANUNU m.314 | İCRA VE İFLAS KANUNU m.275 | SOSYAL HİZMETLER KANUNU geçici m.2 | TÜRK BORÇLAR KANUNU m.352,0.0696517412935323,0.0597014925373134,0.0,0.0,0.0,0.0,retrieval_miss
Q155,Ceza Muhakemesi Hukuku,hard,Koruma tedbirleri nedeniyle tazminat isteme hakkı hangi durumda doğar?,Kanunda belirtilen koruma tedbirlerinin haksız veya hukuka aykırı uygulanması hâlinde kişiler maddi ve manevi tazminat isteyebilir.,"1. Koruma tedbirleri nedeniyle tazminat isteme hakkı, haksız ihtiyati tedbir kararı verilen tarafın, ihtiyati tedbir talebinde bulunduğu anda haksız olduğu anlaşılır yahut tedbir kararı kendiliğinden kalkar ya da itiraz üzerine kaldırılır ise haksız ihtiyati tedbir nedeniyle uğranılan zararı tazminle yükümlüdür. (madde 399)
2. Bu madde, korumanın yerine getirilmesi durumunda tazminat talep hakkını belirler.
3. Bağlam: HUKUK MUHAKEMELERİ KANUNU m.399
4. Not: Bu açıklama, sadece verilen mevzuat bağlamına dayanmaktadır.",1_5_5271_MADDE_141,1_5_6100_MADDE_399; 1_5_6100_MADDE_392; 1_5_2918_MADDE_96; 1_5_5726_MADDE_19; 1_3_3780_MADDE_23; 1_5_2918_MADDE_92; 1_5_6284_MADDE_19; 1_5_2918_MADDE_95; 1_3_4373_MADDE_11; 1_5_6502_MADDE_28,HUKUK MUHAKEMELERİ KANUNU m.399 | HUKUK MUHAKEMELERİ KANUNU m.392 | KARAYOLLARI TRAFİK KANUNU m.96 | TANIK KORUMA KANUNU m.19 | MİLLİ KORUNMA KANUNU m.23 | KARAYOLLARI TRAFİK KANUNU m.92 | AİLENİN KORUNMASI VE KADINA KARŞI ŞİDDETİN ÖNLENMESİNE DAİR KANUN m.19 | KARAYOLLARI TRAFİK KANUNU m.95 | TAŞKIN SULARA VE SU BASKINLARINA KARŞI KORUNMA KANUNU m.11 | TÜKETİCİNİN KORUNMASI HAKKINDA KANUN m.28,0.0697674418604651,0.0697674418604651,0.0,1.0,0.0,0.0,retrieval_miss
Q006,Anayasa Hukuku,medium,Yasama sorumsuzluğu ile yasama dokunulmazlığı arasındaki süreklilik farkı nedir?,"Yasama sorumsuzluğu, milletvekilinin Meclis çalışmalarındaki oy ve sözlerinden dolayı hiçbir zaman sorumlu tutulamamasıdır ve süreklidir. Yasama dokunulmazlığı ise milletvekilinin seçimden önce veya sonra işlendiği ileri sürülen suç nedeniyle, Anayasadaki istisnalar dışında, Meclis kararı olmadıkça tutulamaması, sorgulanamaması, tutuklanamaması ve yargılanamamasıdır; kural olarak görev süresine bağlıdır.","1. Yasama sorumsuzluğu ile yasama dokunulmazlığı arasındaki süreklilik farkı, yasama sorumsuzluğu, yasama dokunulmazlığı ve yasama dokunulmazlığı arasındaki süreklilik farkı, yasama sorumsuzluğu, yasama dokunulmazlığı ve yasama dokunulmazlığı arasındaki süreklilik farkı, yasama sorumsuzluğu, yasama dokunulmazlığı ve yasama dokunulmazlığı arasındaki süreklilik farkı, yasama sorumsuzluğu, yasama dokunulmazlığı ve yasama dokunulmazlığı arasındaki süreklilik farkı, yasama sorumsuzluğu, yasama dokunulmazlığı ve yasama dokunulmazlığı arasındaki süreklilik farkı, yasama sorumsuzluğu, yasama dokunulmazlığı ve yasama dokunulmazlığı arasındaki süreklilik farkı, yasama sorumsuzluğu, yasama dokunulmazlığı ve yasama dokunulmazlığı arasındaki süreklilik farkı, yasama sorumsuzluğu, yasama dokunulmazlığı ve yasama dokunulmazlığı arasındaki süreklilik farkı, yasama sorumsuzluğu, yasama dokunulmazlığı ve yasama dokunulmazlığı arasındaki süreklilik farkı, yasama sorumsuzluğu, yasama dokunulmazlığı ve yasama dokunulmazlığı arasındaki süreklilik farkı, yasama sorumsuzluğu, yasama dokunulmazlığı ve yasama dokunulmazlığı arasındaki süreklilik farkı, yasama sorumsuzluğu, yasama dokunulmazlığı ve yasama dokunulmazlığı arasındaki süreklilik farkı, yasama sorumsuzluğu, yasama dokunulmazlığı ve yasama dokunulmazlığı arasındaki süreklilik farkı, yasama sorumsuzluğu, yasama dokunulmazlığı ve yasama dokunulmazlığı arasındaki süreklilik farkı",1_5_2709_MADDE_83,1_5_4857_MADDE_10; 1_5_5510_MADDE_19; 1_5_2247_GEÇİCİ_MADDE_7; 1_5_6216_MADDE_54; 1_5_5510_MADDE_94; 1_4_213_MADDE_351; 1_5_5510_MADDE_22; 1_5_2709_MADDE_85; 1_3_3533_GEÇİCİ_MADDE_4; 1_5_1475_MADDE_111,İŞ KANUNU m.10 | SOSYAL SİGORTALAR VE GENEL SAĞLIK SİGORTASI KANUNU m.19 | UYUŞMAZLIK MAHKEMESİNİN KURULUŞ VE İŞLEYİŞİ HAKKINDA KANUN geçici m.7 | ANAYASA MAHKEMESİNİN KURULUŞU VE YARGILAMA USULLERİ HAKKINDA KANUN m.54 | SOSYAL SİGORTALAR VE GENEL SAĞLIK SİGORTASI KANUNU m.94 | VERGİ USUL KANUNU m.351 | SOSYAL SİGORTALAR VE GENEL SAĞLIK SİGORTASI KANUNU m.22 | TÜRKİYE CUMHURİYETİ ANAYASASI m.85 | UMUMİ MÜLHAK VE HUSUSİ BÜTÇELERLE İDARE EDİLEN DAİRELER VE BELEDİYELERLE SERMAYESİNİN TAMAMI DEVLETE VEYA BELEDİYE VEYA HUSUSİ İDARELERE AİD DAİRE VE MÜESSESELER ARASINDAKİ İHTİLAFLARIN TAHKİM YOLİLE HALLİ HAKKINDA KANUN geçici m.4 | İŞ KANUNU m.111,0.0725388601036269,0.0725388601036269,0.0,0.0,0.0,0.0,retrieval_miss
Q056,Anayasa Hukuku,medium,Cumhurbaşkanlığı kararnameleri hangi alanlarda düzenleme yapamaz?,"Cumhurbaşkanlığı kararnameleri temel haklar, kişi hakları ve ödevleri ile siyasi haklar ve ödevler alanında düzenleme yapamaz; ayrıca Anayasada münhasıran kanunla düzenlenmesi öngörülen konularda ve kanunda açıkça düzenlenen konularda çıkarılamaz.","1. Cumhurbaşkanlığı kararnameleri, kamu görevinden çıkarılanlar, uhdelerinde taşımış oldukları büyükelçi, vali gibi unvanları ve yüksek mahkeme başkan ve üyeliği, müsteşar, hâkim, savcı, kaymakam ve benzeri meslek adlarını ve sıfatlarını kullanamazlar ve bu unvan, sıfat ve meslek adlarına bağlı olarak sağlanan haklardan yararlanamazlar. Devir işlemlerine ilişkin tedbirler [3]

2. Bağlam: Kategori: Cumhurbaşkanlığı kararnameleri; kamu görevinden çıkarılanlar, uhdelerinde taşımış oldukları büyükelçi, vali gibi unvanları ve yüksek mahkeme başkan ve üyeliği, müsteşar, hâkim, savcı, kaymakam ve benzeri meslek adlarını ve sıfatlarını kullanamazlar ve bu unvan, sıfat ve meslek adlarına bağlı olarak sağlanan haklardan yararlanamazlar. Devir işlemlerine ilişkin tedbirler [3] Bu kaynak, kesin ve tekil kaynak olarak kabul edilir.

3. Dayanak maddeler: MADDE 4, MADDE 1, MADDE 27 ve MADDE 14.

4. Not / sınırlılık: Bu cevap, verilen mevzuat bağlamına dayanarak verilen cevapdır. Bağlamda cevap yoksa bunu açıkça söyleyin.",1_5_2709_MADDE_104,1_5_7091_MADDE_4; 1_5_3011_MADDE_1; 1_5_1211_MADDE_27; 1_5_5523_MADDE_14; 1_3_5442_MADDE_2; 1_5_2522_MADDE_1; 1_5_3067_MADDE_8; 1_5_2935_MADDE_10; 1_5_2879_MADDE_4; 1_5_2803_MADDE_8,"OLAĞANÜSTÜ HAL KAPSAMINDA ALINMASI GEREKEN TEDBİRLER HAKKINDA KANUN HÜKMÜNDE KARARNAMENİN KABUL EDİLMESİNE DAİR KANUN m.4 | RESMİ GAZETE'DE YAYIMLANACAK OLAN YÖNETMELİKLER HAKKINDA KANUN m.1 | TÜRKİYE CUMHURİYET MERKEZ BANKASI KANUNU m.27 | CUMHURBAŞKANLIĞINA BAĞLI OFİSLERE İLİŞKİN BAZI DÜZENLEMELER YAPILMASI HAKKINDA KANUN m.14 | İL İDARESİ KANUNU m.2 | KAMU KURULUŞLARININ YURT DIŞINDAKİ İHALELERE KATILMASI HAKKINDA KANUN m.1 | KALKINMA PLANLARININ YÜRÜRLÜĞE KONMASI VE BÜTÜNLÜĞÜNÜN KORUNMASI HAKKINDA KANUN m.8 | OLAĞANÜSTÜ HAL KANUNU m.10 | CUMHURBAŞKANLIĞI İDARİ İŞLER BAŞKANLIĞINA İLİŞKİN BAZI DÜZENLEMELER HAKKINDA KANUN m.4 | JANDARMA TEŞKİLAT, GÖREV VE YETKİLERİ KANUNU m.8",0.0727272727272727,0.0727272727272727,0.0,1.0,0.0,0.0,retrieval_miss
Q062,Borçlar Hukuku,medium,Hata veya hile sebebiyle iptal hakkı hangi süre içinde kullanılmalıdır?,"Yanılma veya aldatmayı öğrenen taraf, bir yıl içinde sözleşmeyle bağlı olmadığını bildirmez veya verdiği şeyi geri istemezse sözleşmeyi onamış sayılır.","1. Kısa cevap: Hukuka veya ahlaka aykırı yollara başvurularak ihalenin gerçekleştirilmesi sağlanmışsa her ilgili, iptal sebebini öğrendiği günden başlayarak on gün ve her hâlde ihale tarihini izleyen bir yıl içinde ihalenin iptalini mahkemeden isteyebilir. Cebrî artırmalar hakkında özel hükümler saklıdır. İKİNCİ BÖLÜM Mal Değişim Sözleşmesi A. Tanımı

2. Şartlar / açıklama: Bu açıklama, verilen mevzuat bağlamına dayandırılmalıdır.

3. Dayanak maddeler: TÜRK BORÇLAR KANUNU m.281, YENİ BİTKİ ÇEŞİTLERİNE AİT ISLAHÇI HAKLARININ KORUNMASINA İLİŞKİN KANUN m.48.

4. Not / sınırlılık: Bu açıklama, sadece verilen mevzuat bağlamına dayanmaktadır. Bu kaynaklar dışında başka kaynaklara veya diğer yasalara dayandırılmamalıdır.",1_5_6098_MADDE_39,1_5_6098_MADDE_281; 1_5_4686_MADDE_15; 1_5_6098_MADDE_158; 1_5_5042_MADDE_48; 1_3_2004_MADDE_67; 1_5_6100_MADDE_376; 1_3_2004_MADDE_283; 1_3_2004_MADDE_75; 1_5_6216_MADDE_37; 1_3_2004_MADDE_280,TÜRK BORÇLAR KANUNU m.281 | MİLLETLERARASI TAHKİM KANUNU m.15 | TÜRK BORÇLAR KANUNU m.158 | YENİ BİTKİ ÇEŞİTLERİNE AİT ISLAHÇI HAKLARININ KORUNMASINA İLİŞKİN KANUN m.48 | İCRA VE İFLAS KANUNU m.67 | HUKUK MUHAKEMELERİ KANUNU m.376 | İCRA VE İFLAS KANUNU m.283 | İCRA VE İFLAS KANUNU m.75 | ANAYASA MAHKEMESİNİN KURULUŞU VE YARGILAMA USULLERİ HAKKINDA KANUN m.37 | İCRA VE İFLAS KANUNU m.280,0.0806451612903225,0.0806451612903225,0.0,1.0,0.0,0.0,retrieval_miss
Q057,Anayasa Hukuku,medium,Yasama sorumsuzluğu ile yasama dokunulmazlığı arasındaki temel fark nedir?,"Yasama sorumsuzluğu, milletvekilinin Meclis çalışmalarındaki oy, söz ve düşüncelerinden dolayı sorumlu tutulamamasıdır; yasama dokunulmazlığı ise seçimden önce veya sonra bir suç işlediği ileri sürülen milletvekilinin, Meclis kararı olmadıkça tutulamaması, sorguya çekilememesi, tutuklanamaması ve yargılanamamasıdır.","1. Yasama dokunulmazlığı, yasama dokunulmazlığının kaldırılması veya milletvekilliğinin düşmesine ilişkin Türkiye Büyük Millet Meclisi kararlarına karşı, ilgili milletvekili, Cumhurbaşkanı yardımcısı veya bakan ya da bir diğer milletvekili, kararın alındığı günden başlayarak yedi gün içinde kararın Anayasaya, kanuna veya Türkiye Büyük Millet Meclisi İçtüzüğüne aykırılığı iddiasıyla iptali için Mahkemeye başvurabilir. Bu talep onbeş gün içinde kesin olarak karara bağlanır. (Madde: 54)
2. Bu açıklama şu kaynak bilgilerine dayandırılmalıdır: Kategori: Yasama dokunulmazlığı; Madde: 54.
3. Bağlam: ANAYASA MAHKEMESİNİN KURULUŞU VE YARGILAMA USULLERİ HAKKINDA KANUN m.54. ArticleKey: 1_5_6216_MADDE_54.
4. Not / sınırlılık: Bu açıklama, sadece verilen mevzuat bağlamına dayanarak verilen cevaplardır. Uydurma kanun, madde, karar veya kaynak üretme.",1_5_2709_MADDE_83,1_5_6216_MADDE_54; 1_5_2247_GEÇİCİ_MADDE_7; 1_5_2709_GEÇİCİ_MADDE_20; 1_5_2247_MADDE_1; 1_5_5271_MADDE_253; 1_5_6098_MADDE_115; 1_5_6769_MADDE_79; 1_5_2709_MADDE_85; 1_5_3402_MADDE_16; 1_5_6098_MADDE_27,ANAYASA MAHKEMESİNİN KURULUŞU VE YARGILAMA USULLERİ HAKKINDA KANUN m.54 | UYUŞMAZLIK MAHKEMESİNİN KURULUŞ VE İŞLEYİŞİ HAKKINDA KANUN geçici m.7 | TÜRKİYE CUMHURİYETİ ANAYASASI geçici m.20 | UYUŞMAZLIK MAHKEMESİNİN KURULUŞ VE İŞLEYİŞİ HAKKINDA KANUN m.1 | CEZA MUHAKEMESİ KANUNU m.253 | TÜRK BORÇLAR KANUNU m.115 | SINAİ MÜLKİYET KANUNU m.79 | TÜRKİYE CUMHURİYETİ ANAYASASI m.85 | KADASTRO KANUNU m.16 | TÜRK BORÇLAR KANUNU m.27,0.0821917808219178,0.0684931506849315,0.0,1.0,0.0,0.0,retrieval_miss
Q074,Ceza Hukuku,medium,Zincirleme suç hükümlerinin uygulanabilmesi için hangi şartlar gerekir?,Aynı suç işleme kararının icrası kapsamında değişik zamanlarda bir kişiye karşı aynı suçun birden fazla işlenmesi gerekir; bu durumda bir cezaya hükmedilir ve ceza artırılır.,"1. Zincirleme suç hükümlerinin uygulanabilmesi için, suçun kanuni tanımında öngörülen cezanın alt ve üst sınırı arasında tespit edeceği temel cezadan ve koşulları bulunduğu takdirde zincirleme suça ilişkin hükümler uygulandıktan sonra belirlenen cezadan yarı oranında indirim uygulamak suretiyle yaptırımı belirlemek şartı gerekir. bu şart, suçun kanuni tanımında öngörülen cezanın alt ve üst sınırı arasında tespit edeceği temel cezadan ve koşulları bulunduğu takdirde zincirleme suça ilişkin hükümler uygulandıktan sonra belirlenen cezadan yarı oranında indirim uygulamak suretiyle yaptırımı belirlemesini sağlar.
2. Bu şart, suçun kanuni tanımında öngörülen cezanın alt ve üst sınırı arasında tespit edeceği temel cezadan ve koşulları bulunduğu takdirde zincirleme suça ilişkin hükümler uygulandıktan sonra belirlenen cezadan yarı oranında indirim uygulamak suretiyle yaptırımı belirlemesini sağlar.
3. Bağlamda: TÜRK CEZA KANUNU m.42",1_5_5237_MADDE_43,1_5_5237_MADDE_42; 1_5_5271_MADDE_250; 1_5_5271_MADDE_100; 1_5_5271_MADDE_109; 1_5_5237_MADDE_58; 1_5_5275_MADDE_108; 1_5_5271_MADDE_91; 1_5_5320_MADDE_18; 1_5_5320_MADDE_6; 1_5_6325_MADDE_20,TÜRK CEZA KANUNU m.42 | CEZA MUHAKEMESİ KANUNU m.250 | CEZA MUHAKEMESİ KANUNU m.100 | CEZA MUHAKEMESİ KANUNU m.109 | TÜRK CEZA KANUNU m.58 | CEZA VE GÜVENLİK TEDBİRLERİNİN İNFAZI HAKKINDA KANUN m.108 | CEZA MUHAKEMESİ KANUNU m.91 | CEZA MUHAKEMESİ KANUNUNUN YÜRÜRLÜK VE UYGULAMA ŞEKLİ HAKKINDA KANUN m.18 | CEZA MUHAKEMESİ KANUNUNUN YÜRÜRLÜK VE UYGULAMA ŞEKLİ HAKKINDA KANUN m.6 | HUKUK UYUŞMAZLIKLARINDA ARABULUCULUK KANUNU m.20,0.0821917808219178,0.0821917808219178,0.0,1.0,0.0,0.0,retrieval_miss
Q049,İş Hukuku,medium,"İşverenin ""eşit davranma borcu""na aykırılık halinde işçinin talep edebileceği tazminat miktarı nedir?","Eşit davranma borcuna aykırılık halinde işçi, yoksun bırakıldığı haklarını ve ayrıca dört aya kadar ücreti tutarında uygun bir tazminatı talep edebilir.","1. İşverenin ""eşit davranma borcu""na aykırılık halinde işçinin talep edebileceği tazminat miktarı, aylık ücretin dörtte birine eşit bir tazminat isteme hakkına sahiptir. İşverenin, ayrıca ek zararlarının giderilmesini isteme hakkı da vardır. İşveren zarara uğramamışsa veya uğradığı zarar işçinin aylık ücretinin dörtte birinden az ise, hâkim tazminatı indirebilir. Tazminat isteme hakkı takas yoluyla sona ermemişse işveren, işçinin işe başlamamasından veya işi bırakmasından başlayarak otuz gün içinde, dava veya takip yoluyla bu hakkını kullanmak zorundadır. Aksi takdirde, tazminat isteme hakkı düşer. V. İşçinin veya işverenin ölümü 1. İşçinin ölümü

Bu kaynak, kesin ve kesin olmayan kaynaklar olarak değerlendirilir. Bu kaynak, kesin olmayan kaynaklar olarak değerlendirildiğinde, kesin olmayan kaynakların kesin olmayan kaynakların kesin olmayan kaynakları olarak değerlendirilmesi durumunda geçerlidir. Bu kaynak, kesin olmayan kaynaklar olarak değerlendirildiğinde, kesin olmayan kaynakların kesin olmayan kaynakları olarak değerlendirilmesi durumunda geçerli değildir. Bu kaynak, kesin olmayan kaynaklar olarak değerlendirildiğinde, kesin olmayan kaynakların kesin olmayan kaynakları olarak değerlendirilmesi durumunda geçerlidir. Bu kaynak, kesin olmayan kaynaklar olarak değerlendirildiğinde, kesin olmayan kaynakların kesin olmayan kaynakları olarak değerlendirilmesi durumunda geçerli değildir. Bu kaynak, kesin olmayan kaynaklar olarak değerlendirildiğinde, kesin olmayan kaynakların kesin olmayan kaynakları olarak değerlendirilmesi durumunda geçerlidir. Bu kaynak, kesin olmayan",1_5_4857_MADDE_5,1_5_6098_MADDE_439; 1_5_6098_MADDE_446; 1_5_6331_MADDE_26; 1_5_4857_MADDE_99; 1_5_6098_MADDE_438; 1_5_6098_MADDE_417; 1_5_4857_MADDE_98; 1_5_4632_MADDE_22; 1_5_1475_MADDE_14; 1_5_4857_MADDE_102,TÜRK BORÇLAR KANUNU m.439 | TÜRK BORÇLAR KANUNU m.446 | İŞ SAĞLIĞI VE GÜVENLİĞİ KANUNU m.26 | İŞ KANUNU m.99 | TÜRK BORÇLAR KANUNU m.438 | TÜRK BORÇLAR KANUNU m.417 | İŞ KANUNU m.98 | BİREYSEL EMEKLİLİK TASARRUF VE YATIRIM SİSTEMİ KANUNU m.22 | İŞ KANUNU m.14 | İŞ KANUNU m.102,0.0825688073394495,0.055045871559633,0.0,0.0,0.0,0.0,retrieval_miss
Q064,Borçlar Hukuku,medium,Temerrüt için ihtar hangi durumda aranmaz?,"İfa günü taraflarca birlikte belirlenmişse veya sözleşmede saklı tutulan bir hakka dayanılarak taraflardan biri usulüne uygun bildirimle ifa gününü belirlemişse, bu günün geçmesiyle borçlu ihtara gerek olmaksızın temerrüde düşer.","1. Temerrüt için ihtar aranmaz. Bu tür bir ihtar, temerrüt hükümlerine aykırıdır.

2. Bu açıklama, verilen mevzuat bağlamına dayanmaktadır.

3. Bağlantılı madde: MADDE 23.

4. Not / sınırlılık: Bu cevap, sadece verilen mevzuat bağlamına dayanmaktadır. Uydurma kanun, madde, karar veya kaynak üretme.",1_5_6098_MADDE_117,0_1_9_MADDE_23; 1_5_5543_MADDE_36; 1_3_1262_MADDE_2; 1_3_1593_MADDE_87; 1_5_3628_MADDE_18; 1_3_2004_MADDE_72; 1_5_6098_MADDE_119; 1_3_6245_MADDE_52; 1_3_7201_MADDE_4; 1_3_1593_MADDE_66,"AMELİYATI İSKAİYE İŞLETME KANUNU MUVAKKATI m.23 | İSKÂN KANUNU m.36 | İSPENÇİYARİ VE TIBBİ MÜSTAHZARLAR KANUNU m.2 | UMUMİ HIFZISSIHHA KANUNU m.87 | MAL BİLDİRİMİNDE BULUNULMASI, RÜŞVET VE YOLSUZLUKLARLA MÜCADELE KANUNU m.18 | İCRA VE İFLAS KANUNU m.72 | TÜRK BORÇLAR KANUNU m.119 | HARCIRAH KANUNU m.52 | TEBLİGAT KANUNU m.4 | UMUMİ HIFZISSIHHA KANUNU m.66",0.0845070422535211,0.056338028169014,0.0,1.0,0.0,0.0,retrieval_miss
Q005,Anayasa Hukuku,medium,"Kanun Hükmünde Kararnamelerin (KHK) yerini alan ""Cumhurbaşkanlığı Kararnameleri"" hangi konularda düzenlenemez?","Cumhurbaşkanlığı kararnameleri; temel haklar, kişi hakları ve ödevleri ile siyasi haklar ve ödevler alanında düzenleme yapamaz. Kanunda açıkça düzenlenen konularda da kararname çıkarılamaz; kanun ile kararname çatışırsa kanun uygulanır.","1. Kanun Hükmünde Kararnamelerin (KHK) yerini alan ""Cumhurbaşkanlığı Kararnameleri"" sadece Cumhurbaşkanının ve Cumhurbaşkanlığı kararnamelerinin uygulanmasında kullanılabileceği belirtilmiştir. Bu tür kararnameler, kamu idarelerinin mali yönetimi, kamu hizmetlerinin yürütülmesi ve kamu kaynaklarının kullanımı gibi konularda düzenlenebilir.

2. Bağlamda verilen madde, KHK'ların uygulanmasında belirtilen hükümlerin dışında başka hükümler uygulanmasını engellemektedir. bu hüküm, KHK'ların sadece belirtilen konularda kullanılabileceğini belirtir.

3. Dayanak maddeler: KHK'ların yerini alan ""Cumhurbaşkanlığı Kararnameleri"" sadece Cumhurbaşkanının ve Cumhurbaşkanlığı kararnamelerinin uygulanmasında kullanılabileceği belirtilmiştir. Bu tür kararnameler, kamu idarelerinin mali yönetimi, kamu hizmetlerinin yürütülmesi ve kamu kaynaklarının kullanımı gibi konularda düzenlenebilir.

4. Not / sınırlılık: Bu cevap, sadece verilen mevzuat bağlamına dayanmaktadır. Bağlamda verilen kaynak, bu konuda yeterli bilgi sağlayamayabilir.",1_5_2709_MADDE_104,1_5_3686_MADDE_10; 1_5_3067_MADDE_8; 1_5_2522_MADDE_3; 1_5_3298_MADDE_7; 1_5_5523_MADDE_14; 1_5_3346_MADDE_16; 1_5_6328_MADDE_37; 1_5_3011_MADDE_5; 1_5_7088_MADDE_7; 1_5_2983_GEÇİCİ_MADDE_1,İNSAN HAKLARINI İNCELEME KOMİSYONU KANUNU m.10 | KALKINMA PLANLARININ YÜRÜRLÜĞE KONMASI VE BÜTÜNLÜĞÜNÜN KORUNMASI HAKKINDA KANUN m.8 | KAMU KURULUŞLARININ YURT DIŞINDAKİ İHALELERE KATILMASI HAKKINDA KANUN m.3 | UYUŞTURUCU MADDELERLE İLGİLİ KANUN m.7 | CUMHURBAŞKANLIĞINA BAĞLI OFİSLERE İLİŞKİN BAZI DÜZENLEMELER YAPILMASI HAKKINDA KANUN m.14 | KAMU İKTİSADİ TEŞEBBÜSLERİ İLE FONLARIN TÜRKİYE BÜYÜK MİLLET MECLİSİNCE DENETLENMESİNİN DÜZENLENMESİ HAKKINDA KANUN m.16 | KAMU DENETÇİLİĞİ KURUMU KANUNU m.37 | RESMİ GAZETE'DE YAYIMLANACAK OLAN YÖNETMELİKLER HAKKINDA KANUN m.5 | OLAĞANÜSTÜ HAL KAPSAMINDA BAZI TEDBİRLER ALINMASI HAKKINDA KANUN HÜKMÜNDE KARARNAMENİN KABUL EDİLMESİNE DAİR KANUN m.7 | TASARRUFLARIN TEŞVİKİ VE KAMU YATIRIMLARININ HIZLANDIRILMASI HAKKINDA KANUN geçici m.1,0.0869565217391304,0.072463768115942,0.0,0.0,0.0,0.0,retrieval_miss
Q099,Medeni Hukuk,medium,Aile yurdu kurulunca malik üzerindeki temel sınırlama nedir?,"Aile yurdu olarak özgülenen taşınmaz ve eklentileri üzerinde malik, kanunda öngörülen sınırlar dışında serbestçe tasarruf edemez; aileyi korumaya yönelik kayıtlar doğar.","1. Kısa cevap: Aile yurdu hâline getirilecek taşınmazların büyüklüğü, üzerindeki rehin haklarına ve malikin diğer mallarına bakılmaksızın, bir ailenin normal geçimine ve barınmasına yetecek ölçüden fazla olamaz. Mahkemece haklı sebeplere dayanılarak geçici bir istisna kabul edilmiş olmadıkça malikin, taşınmazı veya üzerindeki tesisi kendisinin işletmesi ya da konutta oturması zorunludur. 2. Usul ve şekil a. İlân

2. Şartlar / açıklama: Bu açıklama, verilen mevzuat bağlamına dayanmaktadır. Bu kaynak, kesin ve yeterli bilgiler sağlar.

3. Dayanak maddeler: TÜRK MEDENİ KANUNU m.387, m.389, m.394, m.372, m.391.

4. Not / sınırlılık: Bu açıklama, kesin ve yeterli bilgiler sağlar. Bu kaynak, kesin ve yeterli bilgiler sağlar. Bu kaynak, kesin ve yeterli bilgiler sağlar. Bu kaynak, kesin ve yeterli bilgiler sağlar. Bu kaynak, kesin ve yeterli bilgiler sağlar. Bu kaynak, kesin ve yeterli bilgiler sağlar. Bu kaynak, kesin ve yeterli bilgiler sağlar. Bu kaynak, kesin ve yeterli bilgiler sağlar. Bu kaynak, kesin ve yeterli bilgiler sağlar. Bu kaynak, kesin ve yeterli bilgiler sağlar. Bu kaynak, kesin ve yeterli bilgiler sağlar. Bu kaynak, kesin ve yeterli bilgiler sağlar. Bu kaynak, kesin ve yeterli bilgiler sağlar. Bu kaynak, kesin ve yeterli bilgiler sağlar. Bu kaynak, kesin ve yeterli bilgiler sağlar. Bu kaynak, kesin ve yeterli bilgiler sağlar. Bu kaynak, kesin ve yeterli bilgiler sağlar. Bu kaynak, kesin ve yeterli bilgiler sağlar. Bu kaynak, kesin ve yeterli bilgiler sağlar",1_5_4721_MADDE_386,1_5_4721_MADDE_387; 1_5_4721_MADDE_389; 1_5_4721_MADDE_394; 1_5_4721_MADDE_386; 1_5_4721_MADDE_390; 1_5_4721_MADDE_393; 1_5_4342_MADDE_22; 1_5_4721_MADDE_372; 1_5_634_MADDE_42; 1_5_4721_MADDE_391,TÜRK MEDENİ KANUNU m.387 | TÜRK MEDENİ KANUNU m.389 | TÜRK MEDENİ KANUNU m.394 | TÜRK MEDENİ KANUNU m.386 | TÜRK MEDENİ KANUNU m.390 | TÜRK MEDENİ KANUNU m.393 | MERA KANUNU m.22 | TÜRK MEDENİ KANUNU m.372 | KAT MÜLKİYETİ KANUNU m.42 | TÜRK MEDENİ KANUNU m.391,0.0242914979757085,0.0242914979757085,1.0,1.0,0.0,0.0,wrong_or_unsupported_citation
Q160,Ceza Muhakemesi Hukuku,medium,Uzlaştırma kapsamındaki bir suçta soruşturma aşamasında kural olarak ne yapılır?,"Soruşturma konusu suç uzlaştırma kapsamında ise, yeterli şüphe oluştuğunda kamu davası açılmadan önce uzlaştırma usulü uygulanır.","1. Uzlaştırma kapsamındaki bir suçta soruşturma aşamasında kural olarak, şüpheli ile mağdur veya suçtan zarar gören gerçek veya özel hukuk tüzel kişisinin uzlaştırılması girişiminde bulunulur. bu girişim, şikâyete bağlı suçlar, şikâyete bağlı olup olmadığına bakılmaksızın, Türk Ceza Kanununda yer alan; [93] 1. Kasten yaralama (üçüncü fıkra hariç, madde 86; madde 88), 2. Taksirle yaralama (madde 89), 3. (Ek: 24/11/2016-6763/34 md.) Tehdit (madde 106, birinci fıkra), 4. Konut dokunulmazlığının ihlali (madde 116), 5. (Ek:17/10/2019-7188/26 md.) İş ve çalışma hürriyetinin ihlali (madde 117, birinci fıkra; madde 119, birinci fıkra (c) bendi), 6. (Ek: 24/11/2016-6763/34 md.) Hırsızlık (madde 141), 7. (Ek:17/10/2019-7188/26 md.) Güveni kötüye kullanma (madde 155), 8. (Ek: 24/11/2016-6763/34 md.) Dolandırıcılık (madde 1",1_5_5271_MADDE_253,1_5_5271_MADDE_253; 1_5_5271_MADDE_254; 1_5_4054_MADDE_43; 1_5_4458_MADDE_244; 1_5_5271_MADDE_250; 1_5_6706_MADDE_24; 1_5_2942_MADDE_10; 1_5_6706_MADDE_23; 1_4_213_MADDE_1; 1_5_5271_MADDE_135,CEZA MUHAKEMESİ KANUNU m.253 | CEZA MUHAKEMESİ KANUNU m.254 | REKABETİN KORUNMASI HAKKINDA KANUN m.43 | GÜMRÜK KANUNU m.244 | CEZA MUHAKEMESİ KANUNU m.250 | CEZAÎ KONULARDA ULUSLARARASI ADLÎ İŞ BİRLİĞİ KANUNU m.24 | KAMULAŞTIRMA KANUNU m.10 | CEZAÎ KONULARDA ULUSLARARASI ADLÎ İŞ BİRLİĞİ KANUNU m.23 | VERGİ USUL KANUNU m.1 | CEZA MUHAKEMESİ KANUNU m.135,0.0263157894736842,0.0131578947368421,1.0,1.0,0.0,0.0,wrong_or_unsupported_citation
Q084,Ceza Muhakemesi Hukuku,medium,Müdafiin dosyaya erişiminin kısıtlanamayacağı belgeler hangileridir?,"Şüphelinin ifadesini içeren tutanaklar, bilirkişi raporları ve hazır bulunmaya yetkili olduğu diğer adli işlemlere ilişkin tutanaklar yönünden kısıtlama kararı uygulanamaz.","1. Bu maddeye göre, müdafi, soruşturma evresinde dosya içeriğini inceleyebilir ve istediği belgelerin bir örneğini harçsız olarak alabilir. (2) Bu karar ancak aşağıda sayılan suçlara ilişkin yürütülen soruşturmalarda verilebilir: a) 26/9/2004 tarihli ve 5237 sayılı Türk Ceza Kanununda yer alan; 1. Kasten öldürme (madde 81, 82, 83), 2. Cinsel saldırı (birinci fıkra hariç, madde 102), 3. Çocukların cinsel istismarı (madde 103), 4. Uyuşturucu veya uyarıcı madde imal ve ticareti (madde 188), 5. Suç işlemek amacıyla örgüt kurma (madde 220), 6. Devlet Güvenliğine Karşı Suçlar (madde 302, 303, 304, 307, 308), 7. Anayasal Düzene ve Bu Düzenin İşleyişine Karşı Suçlar (madde 309, 310, 311, 312, 313, 314, 315, 316), 8. Devlet Sırlarına Karşı Suçlar ve Casusluk (madde 326, 327, 328, 329, 330, 331, 333, 334, 335",1_5_5271_MADDE_153,1_5_5271_MADDE_153; 1_5_6458_MADDE_94; 1_5_5549_MADDE_7; 1_3_3894_MADDE_121; 1_5_5202_MADDE_6; 1_5_5271_MADDE_125; 1_5_5352_MADDE_10; 1_5_5271_MADDE_154; 1_5_5271_MADDE_209; 1_5_5275_MADDE_68,CEZA MUHAKEMESİ KANUNU m.153 | YABANCILAR VE ULUSLARARASI KORUMA KANUNU m.94 | SUÇ GELİRLERİNİN AKLANMASININ ÖNLENMESİ HAKKINDA KANUN m.7 | DENİZDE ZABT VE MÜSADERE KANUNU m.121 | SAVUNMA SANAYİİ GÜVENLİĞİ KANUNU m.6 | CEZA MUHAKEMESİ KANUNU m.125 | ADLÎ SİCİL KANUNU m.10 | CEZA MUHAKEMESİ KANUNU m.154 | CEZA MUHAKEMESİ KANUNU m.209 | CEZA VE GÜVENLİK TEDBİRLERİNİN İNFAZI HAKKINDA KANUN m.68,0.027027027027027,0.027027027027027,1.0,1.0,0.0,0.0,wrong_or_unsupported_citation
Q144,Ceza Hukuku,medium,Akıl hastalığı ceza sorumluluğunu hangi durumda kaldırır?,İşlediği fiilin hukuki anlam ve sonuçlarını algılayamayan veya davranışlarını yönlendirme yeteneği önemli derecede azalmış olan akıl hastasına ceza verilmez.,"1. Akıl hastalığına tutulan hükümlünün cezasının infazı geriye bırakılır ve hükümlü, iyileşinceye kadar Türk Ceza Kanununun 57 nci maddesinde belirtilen sağlık kurumunda koruma ve tedavi altına alınır. Sağlık kurumunda geçen süreler cezaevinde geçmiş sayılır. (2) Diğer hastalıklarda cezanın infazına, resmî sağlık kuruluşlarının mahkûmlara ayrılan bölümlerinde devam olunur. Ancak bu durumda bile hapis cezasının infazı, mahkûmun hayatı için kesin bir tehlike teşkil ediyorsa mahkûmun cezasının infazı iyileşinceye kadar geri bırakılır. (3) Yukarıdaki fıkralarda belirtilen geri bırakma kararı, Adlî Tıp Kurumunca düzenlenen ya da Adalet Bakanlığınca belirlenen tam teşekküllü hastanelerin sağlık kurullarınca düzenlenip Adlî Tıp Kurumunca onaylanan rapor üzerine, infazın yapıldığı yer Cumhuriyet Başsavcılığınca verilir. Geri bırakma kararı, mahkûmun tâbi olacağı yükümlülükler belirtilmek suretiyle kendisine ve yasal temsilcisine tebliğ edilir. Mahkûmun geri bırakma süresi içinde bulunacağı yer, kendisi veya yasal temsilcisi tarafından ilgili Cumhuriyet Başsavcılığına bildirilir. Mahkûmun sağlık durumu, geri bırakma kararını veren Cumhuriyet Başsavcılığınca veya onun istemi üzerine, bulunduğu veya tedavisinin yapıldığı yer Cumhuriyet Başsavcılığınca, sağlık raporunda belirtilen sürelere, bir süre bulunmadığı tak",1_5_5237_MADDE_32,1_5_5275_MADDE_16; 1_5_5237_MADDE_32; 1_5_5237_MADDE_31; 1_5_5237_MADDE_57; 1_5_5326_MADDE_11; 1_5_5237_MADDE_175; 1_5_5395_MADDE_11; 1_5_4721_MADDE_474; 1_5_5271_MADDE_109; 1_5_5271_MADDE_74,CEZA VE GÜVENLİK TEDBİRLERİNİN İNFAZI HAKKINDA KANUN m.16 | TÜRK CEZA KANUNU m.32 | TÜRK CEZA KANUNU m.31 | TÜRK CEZA KANUNU m.57 | KABAHATLER KANUNU m.11 | TÜRK CEZA KANUNU m.175 | ÇOCUK KORUMA KANUNU m.11 | TÜRK MEDENİ KANUNU m.474 | CEZA MUHAKEMESİ KANUNU m.109 | CEZA MUHAKEMESİ KANUNU m.74,0.0423280423280423,0.0211640211640211,1.0,1.0,0.0,0.0,wrong_or_unsupported_citation
Q167,Medeni Hukuk,easy,Aile konutu şerhinin temel amacı nedir?,Aile konutu üzerindeki tasarrufların diğer eşin rızası olmaksızın yapılmasını önleyerek aileyi korumaktır.,"1. Aile konutu şerhinin temel amacı, şiddete uğrayan veya şiddete uğrama tehlikesi bulunan kadınların, çocukların, aile bireylerinin ve tek taraflı ısrarlı takip mağduru olan kişilerin korunması ve bu kişilere yönelik şiddetin önlenmesi amacıyla alınacak tedbirlere ilişkin usul ve esasları düzenlemektir. (madde: 1)

2. Bu açıklama, verilen mevzuat bağlamına dayanmaktadır. Bağlamda cevap yoktur.

3. Bağlamda bulunan madde: MADDE 1.

4. Not: Bu kaynak, kesin ve kesin olmayan bilgiler içerebilir. Bu kaynak, sadece verilen mevzuat bağlamına dayanarak cevap vermelidir.",1_5_4721_MADDE_194,1_5_6284_MADDE_1; 1_5_2982_MADDE_1; 1_5_5258_MADDE_1; 1_5_2946_MADDE_1; 1_5_4721_MADDE_194; 1_5_4787_MADDE_1; 1_5_2709_MADDE_41; 1_5_7474_MADDE_1; 1_5_6551_MADDE_1; 1_5_5543_GEÇİCİ_MADDE_1,"AİLENİN KORUNMASI VE KADINA KARŞI ŞİDDETİN ÖNLENMESİNE DAİR KANUN m.1 | KONUT İNŞAATINDA VE KALKINMADA ÖNCELİKLİ YÖRELERDE YAPILACAK YATIRIMLARDA VERGİ, RESİM VE HARÇ İSTİSNA VE MUAFLIKLARI TANINMASI HAKKINDA KANUN m.1 | AİLE HEKİMLİĞİ KANUNU m.1 | KAMU KONUTLARI KANUNU m.1 | TÜRK MEDENİ KANUNU m.194 | AİLE MAHKEMELERİNİN KURULUŞ, GÖREV VE YARGILAMA USULLERİNE DAİR KANUN m.1 | TÜRKİYE CUMHURİYETİ ANAYASASI m.41 | AİLE VE GENÇLİK FONU KURULMASI HAKKINDA KANUN m.1 | TERÖRÜN SONA ERDİRİLMESİ VE TOPLUMSAL BÜTÜNLEŞMENİN GÜÇLENDİRİLMESİNE DAİR KANUN m.1 | İSKÂN KANUNU geçici m.1",0.0449438202247191,0.0449438202247191,1.0,1.0,0.0,0.0,wrong_or_unsupported_citation
Q138,Borçlar Hukuku,medium,Takas hangi şartlarda ileri sürülebilir?,"İki kişi karşılıklı olarak aynı cinsten muaccel alacaklara sahip ise, takas yasağı bulunmadıkça taraflardan her biri borcunu alacağıyla takas edebilir.","1. Takas, ancak borçlunun takas iradesini alacaklıya bildirmesiyle gerçekleşir. Bu durumda her iki borç, takas edilebilecekleri anda daha az olan borç tutarınca sona erer. Cari hesapla ilgili ticarete ilişkin özel teamüller saklıdır. III. Alacaklının rızasıyla takas edilebilir alacaklar

2. Şartlar / açıklama: Bu madde, takas şartlarını belirler. Takas, ancak borçlunun takas iradesini alacaklıya bildirmesiyle gerçekleşir. Bu durumda her iki borç, takas edilebilecekleri anda daha az olan borç tutarınca sona erer. Cari hesapla ilgili ticarete ilişkin özel teamüller saklıdır. III. Alacaklının rızasıyla takas edilebilir alacaklar

3. Dayanak maddeler: MADDE 143, MADDE 139, MADDE 144, MADDE 200, MADDE 327",1_5_6098_MADDE_139,1_5_6098_MADDE_143; 1_5_6098_MADDE_139; 1_5_6098_MADDE_144; 1_3_2004_MADDE_200; 1_5_6102_MADDE_327; 1_5_6362_MADDE_78; 1_5_6098_MADDE_138; 1_5_6102_MADDE_242; 1_5_6098_MADDE_257; 1_5_6102_MADDE_1464,TÜRK BORÇLAR KANUNU m.143 | TÜRK BORÇLAR KANUNU m.139 | TÜRK BORÇLAR KANUNU m.144 | İCRA VE İFLAS KANUNU m.200 | TÜRK TİCARET KANUNU m.327 | SERMAYE PİYASASI KANUNU m.78 | TÜRK BORÇLAR KANUNU m.138 | TÜRK TİCARET KANUNU m.242 | TÜRK BORÇLAR KANUNU m.257 | TÜRK TİCARET KANUNU m.1464,0.0512820512820512,0.0512820512820512,1.0,1.0,0.0,0.0,wrong_or_unsupported_citation
Q029,Ceza Muhakemesi Hukuku,easy,"Mahkemenin ""keşif"" kararı vermesi için gereken şartlar ve keşfin icrası nasıl olur?","Keşif, hâkim veya mahkemenin maddi olayı doğrudan gözlemlemek amacıyla yapılır. Olayın aydınlatılması bakımından gerekli görüldüğünde kararlaştırılır ve işlem tutanağa bağlanır.","1. Mahkeme, keşfin yeri, kapsamı ve zamanı tespit eder. Keşif, davaya bakan mahkemece icra edilir. Keşif konusu, mahkemenin yargı çevresi dışında ise inceleme istinabe suretiyle yapılır. Keşfin yapılması

2. Bu madde, keşfin yeri, kapsamı ve zamanı mahkeme tarafından tespit edilir. Keşif, davaya bakan mahkemece icra edilir. Keşif konusu, mahkemenin yargı çevresi dışında ise inceleme istinabe suretiyle yapılır. Keşfin yapılması

3. Bağlam: HUKUK MUHAKEMELERİ KANUNU m.290, m.289, m.291, m.400. Bu kaynaklar, keşfin yeri, kapsamı ve zamanı mahkeme tarafından tespit eder. Keşif, davaya bakan mahkemece icra edilir. Keşif konusu, mahkemenin yargı çevresi dışında ise inceleme istinabe suretiyle yapılır. Keşfin yapılması

4. Bu kaynak, keşfin yeri, kapsamı ve zamanı mahkeme tarafından tespit eder. Keşif, davaya bakan mahkemece icra edilir. Keşif konusu, mahkemenin yargı çevresi dışında ise inceleme istinabe suretiyle yapılır. Keşfin yapılması",1_5_5271_MADDE_83,1_5_6100_MADDE_290; 1_5_6100_MADDE_289; 1_5_5271_MADDE_83; 1_5_6100_MADDE_291; 1_5_6100_MADDE_288; 1_5_5271_MADDE_84; 1_3_4473_MADDE_14; 1_5_6100_MADDE_400; 1_3_4473_MADDE_21; 1_5_6100_MADDE_402,"HUKUK MUHAKEMELERİ KANUNU m.290 | HUKUK MUHAKEMELERİ KANUNU m.289 | CEZA MUHAKEMESİ KANUNU m.83 | HUKUK MUHAKEMELERİ KANUNU m.291 | HUKUK MUHAKEMELERİ KANUNU m.288 | CEZA MUHAKEMESİ KANUNU m.84 | YANGIN, YERSARSINTISI, SEYLAP VEYA HEYELAN SEBEBİYLE MAHKEME VE ADLİYE DAİRELERİNDE ZİYAA UĞRAYAN DOSYALAR HAKKINDA YAPILACAK MUAMELELERE DAİR KANUN m.14 | HUKUK MUHAKEMELERİ KANUNU m.400 | YANGIN, YERSARSINTISI, SEYLAP VEYA HEYELAN SEBEBİYLE MAHKEME VE ADLİYE DAİRELERİNDE ZİYAA UĞRAYAN DOSYALAR HAKKINDA YAPILACAK MUAMELELERE DAİR KANUN m.21 | HUKUK MUHAKEMELERİ KANUNU m.402",0.0519480519480519,0.0519480519480519,1.0,1.0,0.0,0.0,wrong_or_unsupported_citation
Q108,Ticaret Hukuku,hard,Çekte bulunması gereken zorunlu unsurlardan biri eksik olursa sonuç ne olur?,Kanunda zorunlu unsur olarak öngörülen kayıtları taşımayan senet çek sayılmaz; ancak kanundaki tamamlayıcı kurallar saklıdır.,"1. Çekte bulunması gereken zorunlu unsurlardan biri eksik olursa, çek sayılmaz. Bu unsurlar, çekin düzenlenmesinde belirli şartları yerine getirmemesi anlamına gelir.

2. Bağlamda: TÜRK TİCARET KANUNU m.781. Bu madde, çekin düzenlenmesinde zorunlu unsurlardan biri eksik olması durumunda çek sayılmasını engellediği için bu tür bir durum söz konusu değildir.

3. Bağlamda: TÜRK TİCARET KANUNU m.781. Bu madde, çekin düzenlenmesinde zorunlu unsurlardan biri eksik olması durumunda çek sayılmasını engellediği için bu tür bir durum söz konusu değildir.

4. Not / sınırlılık: Bu tür bir durum söz konusu değildir. Bu kaynak, bu tür bir bilgiyi içermez.",1_5_6102_MADDE_780,1_5_6102_MADDE_781; 1_5_5941_MADDE_3; 1_5_5941_MADDE_5; 1_5_5941_MADDE_2; 1_5_6102_MADDE_783; 1_5_6102_MADDE_780; 1_5_6102_MADDE_822; 1_5_2918_MADDE_25; 1_5_6102_MADDE_785; 1_5_6102_MADDE_803,TÜRK TİCARET KANUNU m.781 | ÇEK KANUNU m.3 | ÇEK KANUNU m.5 | ÇEK KANUNU m.2 | TÜRK TİCARET KANUNU m.783 | TÜRK TİCARET KANUNU m.780 | TÜRK TİCARET KANUNU m.822 | KARAYOLLARI TRAFİK KANUNU m.25 | TÜRK TİCARET KANUNU m.785 | TÜRK TİCARET KANUNU m.803,0.054054054054054,0.054054054054054,1.0,1.0,0.0,0.0,wrong_or_unsupported_citation
Q117,İş Hukuku,medium,İş güvencesi için işyerinde en az kaç işçi çalışması gerekir?,İş güvencesi hükümlerinin uygulanabilmesi için işverenin aynı işkolunda otuz veya daha fazla işçi çalıştırması gerekir.,"1. İşyerinde en az iki çalışanı bulunan işyerlerinde bir çalışan temsilcisi görevlendirir. (madde 20)
2. Bağlamda verilen madde, çalışan sayısının en az iki ile elli arasında olması durumunda çalışan temsilcisinin görevlendirilmesi gerektiğini belirtir. (madde 20)
3. Dayanak madde: madde 20.
4. Not: Bu cevap, sadece verilen mevzuat bağlamına dayanmaktadır. Uydurma kanun, madde, karar veya kaynak üretme.",1_5_4857_MADDE_18,1_5_6331_MADDE_20; 1_5_4857_MADDE_29; 1_5_6331_MADDE_22; 1_5_4857_MADDE_30; 1_5_4857_MADDE_18; 1_5_6331_MADDE_3; 1_5_4857_MADDE_3; 1_5_6331_MADDE_6; 1_5_6331_MADDE_23; 1_5_4857_MADDE_2,İŞ SAĞLIĞI VE GÜVENLİĞİ KANUNU m.20 | İŞ KANUNU m.29 | İŞ SAĞLIĞI VE GÜVENLİĞİ KANUNU m.22 | İŞ KANUNU m.30 | İŞ KANUNU m.18 | İŞ SAĞLIĞI VE GÜVENLİĞİ KANUNU m.3 | İŞ KANUNU m.3 | İŞ SAĞLIĞI VE GÜVENLİĞİ KANUNU m.6 | İŞ SAĞLIĞI VE GÜVENLİĞİ KANUNU m.23 | İŞ KANUNU m.2,0.0547945205479452,0.0547945205479452,1.0,1.0,0.0,0.0,wrong_or_unsupported_citation
Q031,Ceza Muhakemesi Hukuku,medium,"Soruşturma aşamasında ""gizlilik kararı"" (kısıtlama) hangi belgeleri kapsayamaz?","Soruşturma evresinde kısıtlama kararı verilse bile müdafi; şüphelinin ifadesine, bilirkişi raporlarına ve hazır bulunmaya yetkili olduğu diğer adli işlemlere ilişkin tutanaklara erişebilir. Bu belgeler kısıtlama kararının kapsamı dışında kalır.","1. Bu kaynaklar, gizlilik kararı (kısıtlama) kapsamına dahil değildir. Bu tür belgeler, gizliliğin korunması amacıyla saklanır.

2. Bağlantılı kaynaklar, bu tür belgelerin gizlilik kararı kapsamına dahil olmadığını belirtir.

3. Kaynak metindeki esas içerik şudur: [1] GÜVENLİK SORUŞTURMASI VE ARŞİV ARAŞTIRMASI KANUNU m.9; [2] GÜVENLİK SORUŞTURMASI VE ARŞİV ARAŞTIRMASI KANUNU m.8; [3] BİLGİ EDİNME HAKKI KANUNU m.15; [4] CEZA MUHAKEMESİ KANUNU m.125; [5] GÜVENLİK SORUŞTURMASI VE ARŞİV ARAŞTIRMASI KANUNU m.10; [6] BİLGİ EDİNME HAKKI KANUNU m.20; [7] BİLGİ EDİNME HAKKI KANUNU m.27; [8] BİLGİ EDİNME HAKKI KANUNU m.16; [9] GÜVENLİK SORUŞTURMASI VE ARŞİV ARAŞTIRMASI KANUNU m.11. Bu kaynaklar, gizlilik kararı kapsamına dahil değildir. Bu tür belgeler, gizliliğin korunması amacıyla saklanır.

4. Bu kaynaklar, gizlilik kararı kapsamına dahil değildir. Bu tür belgeler, gizliliğin korunması amacıyla saklanır.",1_5_5271_MADDE_153,1_5_7315_MADDE_9; 1_5_7315_MADDE_8; 1_5_4982_MADDE_15; 1_5_5271_MADDE_125; 1_5_7315_MADDE_10; 1_5_4982_MADDE_20; 1_5_4982_MADDE_27; 1_5_4982_MADDE_16; 1_5_7315_MADDE_11; 1_5_5271_MADDE_153,GÜVENLİK SORUŞTURMASI VE ARŞİV ARAŞTIRMASI KANUNU m.9 | GÜVENLİK SORUŞTURMASI VE ARŞİV ARAŞTIRMASI KANUNU m.8 | BİLGİ EDİNME HAKKI KANUNU m.15 | CEZA MUHAKEMESİ KANUNU m.125 | GÜVENLİK SORUŞTURMASI VE ARŞİV ARAŞTIRMASI KANUNU m.10 | BİLGİ EDİNME HAKKI KANUNU m.20 | BİLGİ EDİNME HAKKI KANUNU m.27 | BİLGİ EDİNME HAKKI KANUNU m.16 | GÜVENLİK SORUŞTURMASI VE ARŞİV ARAŞTIRMASI KANUNU m.11 | CEZA MUHAKEMESİ KANUNU m.153,0.0561797752808988,0.0561797752808988,1.0,1.0,0.0,0.0,wrong_or_unsupported_citation
Q173,Ticaret Hukuku,medium,Ticari defter tutma yükümlülüğü kimler için doğar?,Her tacir ticari defterleri tutmak ve ticari işlemleriyle malvarlığı durumunu bu defterlerden izlenebilir kılmak zorundadır.,"1. Kısa cevap: Ticari defter tutma yükümlülüğü, gerçek ve tüzel kişiler içindir. Bu yükümlülük, ticari defter tutma şartlarını ve esaslarını yerine getirmesini gerektirir.

2. Şartlar / açıklama: Bu cevap, verilen mevzuat bağlamına dayandırılmıştır. Bu kaynak, ticari defter tutma yükümlülüğünün kimler için olduğunu belirler.

3. Dayanak maddeler: VERGİ USUL KANUNU m.172, VERGİ USUL KANUNU m.173, VERGİ USUL KANUNU m.175, TÜRK TİCARET KANUNU m.288.

4. Not / sınırlılık: Bu cevap, verilen kaynak bilgilerine dayandırılmıştır. Bu kaynak, ticari defter tutma yükümlülüğünün kimler için olduğunu belirler. Bu kaynak, ticari defter tutma yükümlülüğünün şartlarını ve esaslarını açıklar. Bu kaynak, ticari defter tutma yükümlülüğünün kimler için olduğunu ve bu yükümlülüğün şartlarını belirler. Bu kaynak, ticari defter tutma yükümlülüğünün nasıl gerçekleştirileceğini ve bu yükümlülüğün nasıl düzenlendiğini açıklar.",1_5_6102_MADDE_64,1_4_213_MADDE_172; 1_5_6102_MADDE_64; 1_4_213_MADDE_173; 1_4_213_MADDE_176; 1_4_213_MADDE_175; 1_5_6102_MADDE_288; 1_5_6102_MADDE_82; 1_4_213_MADDE_232; 1_5_6102_MADDE_286; 1_5_6102_MADDE_63,VERGİ USUL KANUNU m.172 | TÜRK TİCARET KANUNU m.64 | VERGİ USUL KANUNU m.173 | VERGİ USUL KANUNU m.176 | VERGİ USUL KANUNU m.175 | TÜRK TİCARET KANUNU m.288 | TÜRK TİCARET KANUNU m.82 | VERGİ USUL KANUNU m.232 | TÜRK TİCARET KANUNU m.286 | TÜRK TİCARET KANUNU m.63,0.0579710144927536,0.0579710144927536,1.0,1.0,0.0,0.0,wrong_or_unsupported_citation
Q150,Ceza Hukuku,medium,Dava zamanaşımı ceza hukukunda hangi sonucu doğurur?,Dava zamanaşımı süresinin dolması hâlinde artık kamu davası açılamaz veya açılmış dava düşer.,"1. Dava zamanaşımı, suçun işlendiği günden, teşebbüs halinde kalan suçlarda son hareketin yapıldığı günden, kesintisiz suçlarda kesintinin gerçekleştiği ve zincirleme suçlarda son suçun işlendiği günden itibaren işlemeye başlar. (Madde 69)
2. Bu açıklama şu kaynak bilgilerine dayandırılmalıdır: Madde 69.
3. Bağlantı: MADDE 69.
4. Not: Bu kaynak, kesin ve bağlayıcıdır.",1_5_5237_MADDE_66,1_5_5237_MADDE_67; 1_5_5237_MADDE_72; 1_5_5237_MADDE_66; 1_3_2004_MADDE_7; 1_5_5237_MADDE_69; 1_5_6098_MADDE_157; 1_5_477_MADDE_43; 1_5_5312_MADDE_12; 1_5_477_MADDE_44; 1_5_2918_MADDE_109,"TÜRK CEZA KANUNU m.67 | TÜRK CEZA KANUNU m.72 | TÜRK CEZA KANUNU m.66 | İCRA VE İFLAS KANUNU m.7 | TÜRK CEZA KANUNU m.69 | TÜRK BORÇLAR KANUNU m.157 | DİSİPLİN MAHKEMELERİ KURULUŞU, YARGILAMA USULÜ VE DİSİPLİN SUÇ VE CEZALARI HAKKINDA KANUN m.43 | DENİZ ÇEVRESİNİN PETROL VE DİĞER ZARARLI MADDELERLE KİRLENMESİNDE ACİL DURUMLARDA MÜDAHALE VE ZARARLARIN TAZMİNİ ESASLARINA DAİR KANUN m.12 | DİSİPLİN MAHKEMELERİ KURULUŞU, YARGILAMA USULÜ VE DİSİPLİN SUÇ VE CEZALARI HAKKINDA KANUN m.44 | KARAYOLLARI TRAFİK KANUNU m.109",0.0625,0.0625,1.0,1.0,0.0,0.0,wrong_or_unsupported_citation
Q073,Ceza Hukuku,medium,Gönüllü vazgeçme halinde fail hangi durumda cezalandırılır?,Fail suçun icra hareketlerinden gönüllü olarak vazgeçer veya kendi çabasıyla sonucun gerçekleşmesini önlerse teşebbüsten dolayı cezalandırılmaz; ancak tamamlanan kısım ayrı bir suç oluşturuyorsa sadece o suçtan sorumlu olur.,"1. Gönüllü vazgeçme halinde fail, teşebbüs halinde cezalandırılmaz. Diğer hallerde verilecek cezanın dörtte birinden dörtte üçüne kadarı indirilir. Gönüllü vazgeçme

2. Bağlam: TÜRK CEZA KANUNU m.35. Bu madde, teşebbüs halinde failin cezalandırılmasını düzenler.

3. Dayanak maddeler: TÜRK CEZA KANUNU m.35. Bu madde, teşebbüs halinde failin cezalandırılmasını düzenler.

4. Not / sınırlılık: Bu cevap, verilen mevzuat bağlamına dayanmaktadır. Bağlamda yer alan diğer kaynaklar, bu bilgiyi destekler.",1_5_5237_MADDE_36,1_5_5237_MADDE_35; 1_5_5237_MADDE_36; 1_5_5237_MADDE_41; 1_5_5237_MADDE_40; 1_5_7068_MADDE_10; 1_5_6100_MADDE_49; 1_5_5237_MADDE_62; 1_5_5271_MADDE_243; 1_5_1481_MADDE_4; 1_5_5237_MADDE_168,TÜRK CEZA KANUNU m.35 | TÜRK CEZA KANUNU m.36 | TÜRK CEZA KANUNU m.41 | TÜRK CEZA KANUNU m.40 | GENEL KOLLUK DİSİPLİN HÜKÜMLERİ HAKKINDA KANUN HÜKMÜNDE KARARNAMENİN KABUL EDİLMESİNE DAİR KANUN m.10 | HUKUK MUHAKEMELERİ KANUNU m.49 | TÜRK CEZA KANUNU m.62 | CEZA MUHAKEMESİ KANUNU m.243 | ASAYİŞE MÜESSİR BAZI FİİLLERİN ÖNLENMESİ HAKKINDA KANUN m.4 | TÜRK CEZA KANUNU m.168,0.0638297872340425,0.0425531914893617,1.0,1.0,0.0,0.0,wrong_or_unsupported_citation
Q001,Anayasa Hukuku,easy,Anayasa Mahkemesi'ne bireysel başvuru yapılabilmesi için olağan kanun yollarının tüketilme şartı nedir?,"Bireysel başvuru yapılabilmesi için ihlale ilişkin olağan kanun yollarının tüketilmiş olması gerekir. Başvuru, nihai kararın veya başvuru yolunun tüketildiği işlemin öğrenilmesinden sonra kanundaki süre içinde yapılır.","1. Anayasa Mahkemesi'ne bireysel başvurular, bu Kanunda ve İçtüzükte belirtilen şartlara uygun olarak doğrudan ya da mahkemeler veya yurt dışı temsilcilikler vasıtasıyla yapılabilir. Başvurunun diğer yollarla kabulüne ilişkin usul ve esaslar İçtüzükle düzenlenir. (Madde: 47)
2. Bu madde, bireysel başvuruların kabul edilebilir şartlarını belirler. (Madde: 47)
3. Madde: 47
4. Bu madde, bireysel başvuruların kabul edilebilir şartları ve incelenmesi gerektiğini belirtir. (Madde: 47)",1_5_2709_MADDE_148,1_5_6216_MADDE_47; 1_5_6216_MADDE_45; 1_5_6216_MADDE_46; 1_5_6384_GEÇİCİ_MADDE_2; 1_5_2709_GEÇİCİ_MADDE_18; 1_5_2709_MADDE_148; 1_5_6216_MADDE_48; 1_5_6216_MADDE_40; 1_5_4734_MADDE_22; 1_5_6216_MADDE_51,ANAYASA MAHKEMESİNİN KURULUŞU VE YARGILAMA USULLERİ HAKKINDA KANUN m.47 | ANAYASA MAHKEMESİNİN KURULUŞU VE YARGILAMA USULLERİ HAKKINDA KANUN m.45 | ANAYASA MAHKEMESİNİN KURULUŞU VE YARGILAMA USULLERİ HAKKINDA KANUN m.46 | TAZMİNAT KOMİSYONUNUN GÖREVLERİ İLE ÇALIŞMA USUL VE ESASLARI HAKKINDA KANUN geçici m.2 | TÜRKİYE CUMHURİYETİ ANAYASASI geçici m.18 | TÜRKİYE CUMHURİYETİ ANAYASASI m.148 | ANAYASA MAHKEMESİNİN KURULUŞU VE YARGILAMA USULLERİ HAKKINDA KANUN m.48 | ANAYASA MAHKEMESİNİN KURULUŞU VE YARGILAMA USULLERİ HAKKINDA KANUN m.40 | KAMU İHALE KANUNU m.22 | ANAYASA MAHKEMESİNİN KURULUŞU VE YARGILAMA USULLERİ HAKKINDA KANUN m.51,0.0652173913043478,0.0434782608695652,1.0,1.0,0.0,0.0,wrong_or_unsupported_citation
Q186,İş Hukuku,medium,İşverenin ücret ödeme borcunun temel içeriği nedir?,"İşveren, işçiye yaptığı iş karşılığında sözleşme veya kanun hükümlerine uygun ücret ödemekle yükümlüdür.","1. İşverenin ücret ödeme borcu, işçiye işverenin belirlediği ve işçi tarafından kabul ettiği ücretin, işin yapılması şartları ve işçiye bildirildiği şartlar doğrultusunda ödenmesi durumudur. bu borç, işveren tarafından işçiye ödenen ücretin belirlenmesinin gerektirdiği şartları yerine getirilmesi durumudur.
2. Bu açıklama, verilen mevzuat bağlamına dayanmaktadır.
3. Bağlam: TÜRK BORÇLAR KANUNU m.400, m.411, m.401, m.408, m.407, m.462, m.414, m.402 kaynaklardır.
4. Not / sınırlılık: Bu açıklama, verilen mevzuat bağlamına dayandırılmıştır.",1_5_4857_MADDE_32,1_5_6098_MADDE_400; 1_5_6098_MADDE_411; 1_5_6098_MADDE_401; 1_5_6098_MADDE_467; 1_5_6098_MADDE_408; 1_5_6098_MADDE_407; 1_5_6098_MADDE_462; 1_5_6098_MADDE_414; 1_5_6098_MADDE_402; 1_5_4857_MADDE_32,TÜRK BORÇLAR KANUNU m.400 | TÜRK BORÇLAR KANUNU m.411 | TÜRK BORÇLAR KANUNU m.401 | TÜRK BORÇLAR KANUNU m.467 | TÜRK BORÇLAR KANUNU m.408 | TÜRK BORÇLAR KANUNU m.407 | TÜRK BORÇLAR KANUNU m.462 | TÜRK BORÇLAR KANUNU m.414 | TÜRK BORÇLAR KANUNU m.402 | İŞ KANUNU m.32,0.0666666666666666,0.0444444444444444,1.0,1.0,0.0,0.0,wrong_or_unsupported_citation
Q121,Anayasa Hukuku,easy,Anayasa'ya göre egemenlik kime aittir?,Egemenlik kayıtsız şartsız Milletindir.,"1. Egemenlik, kayıtsız şartsız Milletindir. Türk Milleti, egemenliğini, Anayasanın koyduğu esaslara göre, yetkili organları eliyle kullanır. Egemenliğin kullanılması, hiçbir surette hiçbir kişiye, zümreye veya sınıfa bırakılamaz. Hiçbir kimse veya organ kaynağını Anayasadan almayan bir Devlet yetkisi kullanamaz. VII. Yasama yetkisi

2. Bağlam: Anayasa'ya göre egemenlik, kayıtsız şartsız Milletindir. Türk Milleti, egemenliğini, Anayasanın koyduğu esaslara göre, yetkili organları eliyle kullanır. Egemenliğin kullanılması, hiçbir surette hiçbir kişiye, zümreye veya sınıfa bırakılamaz. Hiçbir kimse veya organ kaynağını Anayasadan almayan bir Devlet yetkisi kullanamaz. VII. Yasama yetkisi

3. Dayanak maddeler: Madde 6, 7, 8, 10, 12, 138",1_5_2709_MADDE_6,1_5_2709_MADDE_6; 1_5_2709_MADDE_104; 1_5_2709_MADDE_7; 1_5_2709_MADDE_8; 1_5_2709_MADDE_138; 1_5_2709_MADDE_12; 1_5_2709_MADDE_10; 1_5_2709_MADDE_177; 1_5_2709_MADDE_103; 1_5_2709_MADDE_123,TÜRKİYE CUMHURİYETİ ANAYASASI m.6 | TÜRKİYE CUMHURİYETİ ANAYASASI m.104 | TÜRKİYE CUMHURİYETİ ANAYASASI m.7 | TÜRKİYE CUMHURİYETİ ANAYASASI m.8 | TÜRKİYE CUMHURİYETİ ANAYASASI m.138 | TÜRKİYE CUMHURİYETİ ANAYASASI m.12 | TÜRKİYE CUMHURİYETİ ANAYASASI m.10 | TÜRKİYE CUMHURİYETİ ANAYASASI m.177 | TÜRKİYE CUMHURİYETİ ANAYASASI m.103 | TÜRKİYE CUMHURİYETİ ANAYASASI m.123,0.0816326530612244,0.0816326530612244,1.0,1.0,0.0,0.0,wrong_or_unsupported_citation
Q097,Medeni Hukuk,hard,Mirasçılıktan çıkarma sebeplerinden aile hukukundan doğan yükümlülüklerin ağır ihlali neyi ifade eder?,"Mirasçının, mirasbırakana veya mirasbırakanın ailesi üyelerine karşı aile hukukundan doğan yükümlülüklerini önemli ölçüde yerine getirmemesi çıkarma sebebi olabilir.","1. Mirasçılıktan çıkarma sebeplerinden aile hukukundan doğan yükümlülüklerin ağır ihlali, mirasbırakanın mirasçılıktan çıkarılanın doğmuş ve doğacak çocuklarına özgülemesi şartının hukuka aykırı olmasıdır. Bu hüküm, mirasçılıktan çıkarılanın çocuklarına özgülemesi şartının mirasçılıktan çıkarma sebeplerinden biri olmadığını belirtir.

2. Şartlar / açıklama: Bu açıklama, verilen kaynak bilgilerine göre en uygunudur. Bu kaynak, kesin ve bağlayıcıdır.

3. Dayanak maddeler: Madde 513, mirasçılıktan çıkarma sebeplerinden aile hukukundan doğan yükümlülüklerin ağır ihlali durumunu belirtir. Madde 512, mirasçılıktan çıkarılanın itiraz etmesi durumunda mirasçıya veya vasiyet alacaklısına düşmesi şartını belirtir. Madde 510, mirasbırakanın ölüme bağlı bir tasarrufla saklı paylı mirasçısını mirasçılıktan çıkarabilir. Madde 641, mirasçılar, tereke borçlarından müteselsilen sorumludurlar. Bu kaynaklar, verilen cevap için yeterlidir.

4. Not / sınırlılık: Bu cevap, verilen kaynak bilgilerine dayandırılmıştır. Bu kaynak, kesin ve bağlayıcıdır. Bu kaynak dışında başka kaynaklara başvurmak zorunludur.",1_5_4721_MADDE_510,1_5_4721_MADDE_513; 1_5_4721_MADDE_512; 1_5_4721_MADDE_510; 1_5_4721_MADDE_509; 1_5_4721_MADDE_641; 1_5_6100_MADDE_382; 1_5_6098_MADDE_77; 1_5_4721_MADDE_511; 1_5_4721_MADDE_497; 1_5_4721_MADDE_628,TÜRK MEDENİ KANUNU m.513 | TÜRK MEDENİ KANUNU m.512 | TÜRK MEDENİ KANUNU m.510 | TÜRK MEDENİ KANUNU m.509 | TÜRK MEDENİ KANUNU m.641 | HUKUK MUHAKEMELERİ KANUNU m.382 | TÜRK BORÇLAR KANUNU m.77 | TÜRK MEDENİ KANUNU m.511 | TÜRK MEDENİ KANUNU m.497 | TÜRK MEDENİ KANUNU m.628,0.0827586206896551,0.0551724137931034,1.0,1.0,0.0,0.0,wrong_or_unsupported_citation
Q166,Medeni Hukuk,medium,Nişanın bozulması hâlinde manevi tazminat hangi durumda istenebilir?,"Nişanın bozulması yüzünden kişilik hakkı saldırıya uğrayan taraf, kusurlu olan diğer taraftan uygun miktarda manevi tazminat isteyebilir.","1. Kişilik hakkının zedelenmesinden zarar gören, uğradığı manevi zarara karşılık manevi tazminat adı altında bir miktar para ödenmesini isteyebilir. Hâkim, bu tazminatın ödenmesi yerine, diğer bir giderim biçimi kararlaştırabilir veya bu tazminata ekleyebilir; özellikle saldırıyı kınayan bir karar verebilir ve bu kararın yayımlanmasına hükmedebilir. 4. Ayırt etme gücünün geçici kaybı

2. Şartlar / açıklama: Bu açıklama, verilen mevzuat bağlamına dayanmaktadır. Bu kaynak, kesin ve yeterli değildir.

3. Dayanak maddeler: MADDE 121, MADDE 58, MADDE 38.

4. Not / sınırlılık: Bu cevap, verilen mevzuat bağlamına dayanmaktadır. Bu kaynak, kesin ve yeterli değildir. Bu kaynak dışında başka kaynaklara veya bilgiye başvurmak istenirse, bu kaynaklar da değerlendirilebilir.",1_5_4721_MADDE_121,1_5_4721_MADDE_121; 1_5_4721_MADDE_120; 1_5_4721_MADDE_174; 1_5_4721_MADDE_119; 1_3_5846_MADDE_70; 1_5_6098_MADDE_58; 1_5_6098_MADDE_56; 1_3_3894_MADDE_81; 1_5_4721_MADDE_38; 0_1_2_MADDE_30,TÜRK MEDENİ KANUNU m.121 | TÜRK MEDENİ KANUNU m.120 | TÜRK MEDENİ KANUNU m.174 | TÜRK MEDENİ KANUNU m.119 | FİKİR VE SANAT ESERLERİ KANUNU m.70 | TÜRK BORÇLAR KANUNU m.58 | TÜRK BORÇLAR KANUNU m.56 | DENİZDE ZABT VE MÜSADERE KANUNU m.81 | TÜRK MEDENİ KANUNU m.38 | RUMELİ DEMİRYOLLARININ UMUMİ NAKLİYESİ HAKKINDA NİZAMNAME m.30,0.0833333333333333,0.0666666666666666,1.0,1.0,0.0,0.0,wrong_or_unsupported_citation
Q054,Anayasa Hukuku,medium,Usulüne göre yürürlüğe konulmuş temel hak ve özgürlüklere ilişkin milletlerarası antlaşmalar ile kanunlar çatışırsa hangisi uygulanır?,Temel hak ve özgürlüklere ilişkin milletlerarası antlaşma hükümleri ile kanunların aynı konuda farklı hükümler içermesi hâlinde milletlerarası antlaşma hükümleri esas alınır.,"1. Kısa cevap: Kanunlar, milletlerarası anlaşmalar ile kanunlar arasında çatışma durumunda milletlerarası anlaşmaların uygulanması gerektiğini belirtir. bu hüküm, kanunların uygulanmasını ve milletlerarası anlaşmaların uygulanmasını sağlar.

2. Şartlar / açıklama: Bu açıklama, kanunların uygulanmasını ve milletlerarası anlaşmaların uygulanmasını sağlar.

3. Dayanak maddeler: madde 1, milletlerarası anlaşmalar ile kanunlar arasında çatışma durumunda milletlerarası anlaşmaların uygulanması gerektiğini belirtir. madde 8, zamanaşımı, hukukî işlem ve ilişkinin esasına uygulanan hukuka tâbidir. bu hüküm, kanunların uygulanmasını ve milletlerarası anlaşmaların uygulanmasını sağlar.

4. Not / sınırlılık: Bu açıklama, kanunların uygulanmasını ve milletlerarası anlaşmaların uygulanmasını sağlar. bu hüküm, kanunların uygulanmasını ve milletlerarası anlaşmaların uygulanmasını sağlar.",1_5_2709_MADDE_90,1_5_2709_MADDE_90; 1_5_4501_MADDE_6; 1_5_5718_MADDE_4; 1_5_5718_MADDE_32; 1_5_5718_MADDE_31; 1_5_5718_MADDE_7; 1_5_6325_MADDE_1; 1_5_5718_MADDE_8; 1_5_5718_MADDE_35; 1_5_2709_MADDE_13,TÜRKİYE CUMHURİYETİ ANAYASASI m.90 | KAMU HİZMETLERİ İLE İLGİLİ İMTİYAZ ŞARTLAŞMA VE SÖZLEŞMELERİNDEN DOĞAN UYUŞMAZLIKLARDA TAHKİM YOLUNA BAŞVURULMASI HALİNDE UYULMASI GEREKEN İLKELERE DAİR KANUN m.6 | MİLLETLERARASI ÖZEL HUKUK VE USUL HUKUKU HAKKINDA KANUN m.4 | MİLLETLERARASI ÖZEL HUKUK VE USUL HUKUKU HAKKINDA KANUN m.32 | MİLLETLERARASI ÖZEL HUKUK VE USUL HUKUKU HAKKINDA KANUN m.31 | MİLLETLERARASI ÖZEL HUKUK VE USUL HUKUKU HAKKINDA KANUN m.7 | HUKUK UYUŞMAZLIKLARINDA ARABULUCULUK KANUNU m.1 | MİLLETLERARASI ÖZEL HUKUK VE USUL HUKUKU HAKKINDA KANUN m.8 | MİLLETLERARASI ÖZEL HUKUK VE USUL HUKUKU HAKKINDA KANUN m.35 | TÜRKİYE CUMHURİYETİ ANAYASASI m.13,0.0847457627118644,0.0847457627118644,1.0,1.0,0.0,0.0,wrong_or_unsupported_citation
Q018,Ceza Hukuku,medium,"Suça teşebbüste ""gönüllü vazgeçme""nin ceza sorumluluğuna etkisi nedir?","Fail, suçun icrasından gönüllü olarak vazgeçer veya kendi çabasıyla sonucun gerçekleşmesini önlerse teşebbüsten dolayı cezalandırılmaz. Ancak o ana kadar gerçekleşen kısım ayrı bir suç oluşturuyorsa yalnız ondan sorumlu olur.","1. Suça teşebbüs halinde fail, meydana gelen zarar veya tehlikenin ağırlığına göre, ağırlaştırılmış müebbet hapis cezası yerine onüç yıldan yirmi yıla kadar, müebbet hapis cezası yerine dokuz yıldan onbeş yıla kadar hapis cezası ile cezalandırılır. Diğer hallerde verilecek cezanın dörtte birinden dörtte üçüne kadarı indirilir. Gönüllü vazgeçme

Bu açıklama şu kaynak bilgilerine dayandırılmalıdır: Kategori: Ceza Hukuku; Madde: MADDE 35. Kaynak metindeki esas içerik şudur: (1) Kişi, işlemeyi kastettiği bir suçu elverişli hareketlerle doğrudan doğruya icraya başlayıp da elinde olmayan nedenlerle tamamlayamaz ise teşebbüsten dolayı sorumlu tutulur. (2) Suça teşebbüs halinde fail, meydana gelen zarar veya tehlikenin ağırlığına göre, ağırlaştırılmış müebbet hapis cezası yerine onüç yıldan yirmi yıla kadar, müebbet hapis cezası yerine dokuz yıldan onbeş yıla kadar hapis cezası ile cezalandırılır. Diğer hallerde verilecek cezanın dörtte birinden dörtte üçüne kadarı indirilir. Gönüllü vazgeçme

Bu kaynak, kesin ve bağlamı açık olan bir kaynak olarak değerlendirilmelidir. Bu kaynak, verilen mevzuat bağlamına dayanarak cevap vermelidir. Bağlamda cevap yoksa bunu açıkça söyleyin. Uydurma kanun, madde, karar veya kaynak üretme.",1_5_5237_MADDE_36,1_5_5237_MADDE_35; 1_5_5237_MADDE_41; 1_5_5237_MADDE_36; 1_5_5237_MADDE_34; 1_5_5237_MADDE_83; 1_5_5237_MADDE_40; 1_5_5326_MADDE_13; 1_5_5237_MADDE_293; 1_5_5237_MADDE_269; 1_5_5237_MADDE_30,TÜRK CEZA KANUNU m.35 | TÜRK CEZA KANUNU m.41 | TÜRK CEZA KANUNU m.36 | TÜRK CEZA KANUNU m.34 | TÜRK CEZA KANUNU m.83 | TÜRK CEZA KANUNU m.40 | KABAHATLER KANUNU m.13 | TÜRK CEZA KANUNU m.293 | TÜRK CEZA KANUNU m.269 | TÜRK CEZA KANUNU m.30,0.0927835051546391,0.0618556701030927,1.0,1.0,0.0,0.0,wrong_or_unsupported_citation
Q093,Medeni Hukuk,medium,Altsoy bulunmayan durumda sağ kalan eşin miras payı ne kadardır?,"Mirasbırakanın altsoyu yoksa ve ana-baba zümresi mirasçı oluyorsa, sağ kalan eş mirasın yarısını alır.","1. Sağ kalan eş varsa, büyük ana ve büyük babalardan birinin mirasbırakandan önce ölmüş olması hâlinde, payı kendi çocuğuna; çocuğu yoksa o taraftaki büyük ana ve büyük babaya; bir taraftaki büyük ana ve büyük babanın her ikisinin de ölmüş olmaları hâlinde onların payları diğer tarafa geçer. IV. Evlilik dışı hısımlar

2. Bağlamda verilen madde: MADDE 497. Bu madde, miras payı ve mirasçıların miras paylaşımına ilişkin esasları düzenler.

3. Dayanak maddeler: MADDE 497. Bu madde, miras payı ve mirasçıların miras paylaşımına ilişkin esasları düzenler.

4. Not / sınırlılık: Bu açıklama, sadece verilen mevzuat bağlamına dayanmaktadır. Bağlamda verilen madde dışında başka kaynaklara veya diğer bilgiler ışığında cevap verilmemeli.",1_5_4721_MADDE_499,1_5_4721_MADDE_497; 1_5_4721_MADDE_499; 1_5_4721_MADDE_613; 1_5_4721_MADDE_496; 1_5_4721_MADDE_276; 1_5_4721_MADDE_579; 1_5_4721_MADDE_506; 1_5_4721_MADDE_236; 1_5_4721_MADDE_505; 1_5_4721_MADDE_255,TÜRK MEDENİ KANUNU m.497 | TÜRK MEDENİ KANUNU m.499 | TÜRK MEDENİ KANUNU m.613 | TÜRK MEDENİ KANUNU m.496 | TÜRK MEDENİ KANUNU m.276 | TÜRK MEDENİ KANUNU m.579 | TÜRK MEDENİ KANUNU m.506 | TÜRK MEDENİ KANUNU m.236 | TÜRK MEDENİ KANUNU m.505 | TÜRK MEDENİ KANUNU m.255,0.0983606557377049,0.0491803278688524,1.0,1.0,0.0,0.0,wrong_or_unsupported_citation
Q042,Ticaret Hukuku,medium,"Sigorta hukukunda ""halefiyet"" ilkesi neyi ifade eder?","Sigortacı, sigorta tazminatını ödedikten sonra hukuken sigortalının yerine geçer ve zarar sorumlusuna karşı sigortalının sahip olduğu hakları ödediği miktar ölçüsünde kullanabilir. Halefiyetin doğumu için tazminatın fiilen ödenmiş olması gerekir.","1. Sigorta hukukunda ""halefiyet"" ilkesi, sigortacı, alacağı ödediği nispette ipotekli alacaklının haklarına kanunen halef olur. bu halefiyet, alacaklının zararına olarak ileri sürülemeyeceği gibi, sigortacı'nın kendilerine karşı sorumluluğu devam eden ve derecesi aynı olan veya sonra gelen ipotekli alacaklıların zararına olarak da dermeyan edilemez. Malikin defi hakkı

Bu kaynak, kesin ve yeterli bilgiler sağlar.

Şartlar / açıklama: Bu kaynak, kesin ve yeterli bilgiler sağlar.

Dayanak maddeler: Kategori: Sigorta Hukuku; Madde: MADDE 79.

Not / sınırlılık: Bu kaynak, kesin ve yeterli bilgiler sağlar. Bu kaynak dışında başka kaynaklara veya diğer bilgiler bulunmamalıdır.",1_5_6102_MADDE_1472,1_5_2920_MADDE_79; 1_5_6102_MADDE_1472; 1_5_5684_MADDE_1; 1_5_5684_MADDE_23; 1_5_6102_MADDE_1481; 1_5_5363_MADDE_4; 1_5_2920_MADDE_78; 1_5_5684_MADDE_32; 1_5_6102_MADDE_1471; 1_5_5684_MADDE_9,TÜRK SİVİL HAVACILIK KANUNU m.79 | TÜRK TİCARET KANUNU m.1472 | SİGORTACILIK KANUNU m.1 | SİGORTACILIK KANUNU m.23 | TÜRK TİCARET KANUNU m.1481 | TARIM SİGORTALARI KANUNU m.4 | TÜRK SİVİL HAVACILIK KANUNU m.78 | SİGORTACILIK KANUNU m.32 | TÜRK TİCARET KANUNU m.1471 | SİGORTACILIK KANUNU m.9,0.1016949152542372,0.0508474576271186,1.0,1.0,0.0,0.0,wrong_or_unsupported_citation
Q157,Ceza Muhakemesi Hukuku,medium,Kanun yoluna başvuru hakkının bildirilmemesi eski hâle getirme bakımından nasıl değerlendirilir?,"Kanun yoluna başvuru hakkının kendisine bildirilmemesi hâlinde kişi, sürenin kaçırılmasında kusursuz sayılır.","1. Kanun yoluna başvuru hakkının bildirilmemesi eski hâle getirme bakımından, kanun yoluna başvuru hakkının bildirilmemesi durumunda, eski hâle getirme talebinde bulunma şartı yerine getirilmemesi durumunda da değerlendirilir. bu durumda, kanun yoluna başvuru hakkının bildirilmemesi, eski hâle getirme talebinde bulunma şartını ihlal eder.

2. Şartlar / açıklama: Bu açıklama, kanun yoluna başvuru hakkının bildirilmemesi durumunda eski hâle getirme bakımından değerlendirilmesini sağlar.

3. Dayanak maddeler: Madde 98, eski hâle getirme hakkının bildirilmemesi durumunda eski hâle getirme talebinde bulunma şartını ihlal eder. Madde 97, kanun yoluna başvuru hakkının bildirilmemesi durumunda kişi kusursuz sayılır. Madde 100, eski hâle getirme talebinde bulunmak mümkündür. Madde 32, yenileme için vakı olan müracaat üzerine son muamele tarihinden itibaren alakalısı tarafından iş altı ay takip edilmezse yenileme hakkı sakıt olur ve umumi hükümler dairesinde muamele yapılır.

4. Not / sınırlılık: Bu açıklama, kanun yoluna başvuru hakkının bildirilmemesi durumunda eski hâle getirme bakımından değerlendirilmesini sağlar. bu açıklama, kesin ve kesinlikle geçerlidir.",1_5_5271_MADDE_40,1_5_6100_MADDE_98; 1_5_6100_MADDE_97; 1_5_5271_MADDE_40; 1_5_6100_MADDE_95; 1_5_6100_MADDE_100; 1_5_5271_MADDE_41; 1_5_6100_MADDE_96; 1_5_5271_MADDE_42; 1_3_4473_MADDE_32; 1_5_6100_MADDE_99,"HUKUK MUHAKEMELERİ KANUNU m.98 | HUKUK MUHAKEMELERİ KANUNU m.97 | CEZA MUHAKEMESİ KANUNU m.40 | HUKUK MUHAKEMELERİ KANUNU m.95 | HUKUK MUHAKEMELERİ KANUNU m.100 | CEZA MUHAKEMESİ KANUNU m.41 | HUKUK MUHAKEMELERİ KANUNU m.96 | CEZA MUHAKEMESİ KANUNU m.42 | YANGIN, YERSARSINTISI, SEYLAP VEYA HEYELAN SEBEBİYLE MAHKEME VE ADLİYE DAİRELERİNDE ZİYAA UĞRAYAN DOSYALAR HAKKINDA YAPILACAK MUAMELELERE DAİR KANUN m.32 | HUKUK MUHAKEMELERİ KANUNU m.99",0.1058823529411764,0.1058823529411764,1.0,1.0,0.0,0.0,wrong_or_unsupported_citation
Q106,Ticaret Hukuku,medium,Sigorta hukukunda halefiyet ilkesi neyi ifade eder?,"Sigortacı, sigorta tazminatını ödediği ölçüde sigortalının sorumlulara karşı sahip olduğu haklara halef olur.","1. Sigorta hukukunda halefiyet ilkesi, sigortacı, alacağı ödediği nispette ipotekli alacaklının haklarına kanunen halef olur. Bu halefiyet, alacaklının zararına olarak ileri sürülemeyeceği gibi, sigortacının kendilerine karşı sorumluluğu devam eden ve derecesi aynı olan veya sonra gelen ipotekli alacaklıların zararına olarak da dermeyan edilemez. Malikin defi hakkı

2. Bu açıklama, verilen mevzuat bağlamına dayanmaktadır.

3. Bağlantılı madde: MADDE 79, MADDE 1472, MADDE 1471, MADDE 1481, MADDE 82, MADDE 1344, MADDE 78, MADDE 81.

4. Not / sınırlılık: Bu açıklama, verilen mevzuat bağlamına dayanmaktadır. Bu kaynak, kesin ve bağlamı tam olarak kapsayacak şekilde hazırlanmış değildir. Bu kaynak, sadece verilen mevzuat bağlamına dayandırılmalıdır.",1_5_6102_MADDE_1472,1_5_2920_MADDE_79; 1_5_6102_MADDE_1472; 1_5_6102_MADDE_1471; 1_5_6102_MADDE_1481; 1_5_6098_MADDE_127; 1_5_2920_MADDE_82; 1_5_6102_MADDE_1344; 1_5_6102_MADDE_1480; 1_5_2920_MADDE_78; 1_5_2920_MADDE_81,TÜRK SİVİL HAVACILIK KANUNU m.79 | TÜRK TİCARET KANUNU m.1472 | TÜRK TİCARET KANUNU m.1471 | TÜRK TİCARET KANUNU m.1481 | TÜRK BORÇLAR KANUNU m.127 | TÜRK SİVİL HAVACILIK KANUNU m.82 | TÜRK TİCARET KANUNU m.1344 | TÜRK TİCARET KANUNU m.1480 | TÜRK SİVİL HAVACILIK KANUNU m.78 | TÜRK SİVİL HAVACILIK KANUNU m.81,0.1071428571428571,0.0714285714285714,1.0,1.0,0.0,0.0,wrong_or_unsupported_citation
Q169,Medeni Hukuk,medium,Mirasçılıktan yoksunluk hangi hâllerde doğar?,Mirasbırakana veya yakınlarına karşı ağır suç işleyen ya da mirasbırakanın son arzularını engelleyen kişiler kanunda sayılan hâllerde mirasçılıktan yoksun olur.,"1. Mirasçılıktan yoksunluk, yalnız yoksun olanı etkiler. Mirastan yoksun olanın altsoyu, mirasbırakandan önce ölen kimsenin altsoyu gibi mirasçı olur. II. Sağ olmak 1. Mirasçı olarak

2. Kaynak: TÜRK MEDENİ KANUNU m.579",1_5_4721_MADDE_578,1_5_4721_MADDE_579; 1_5_4721_MADDE_577; 1_5_4721_MADDE_513; 1_5_4721_MADDE_578; 1_5_4721_MADDE_511; 1_5_4721_MADDE_512; 1_5_4721_MADDE_586; 1_5_4721_MADDE_501; 1_5_4721_MADDE_670; 1_5_4721_MADDE_572,TÜRK MEDENİ KANUNU m.579 | TÜRK MEDENİ KANUNU m.577 | TÜRK MEDENİ KANUNU m.513 | TÜRK MEDENİ KANUNU m.578 | TÜRK MEDENİ KANUNU m.511 | TÜRK MEDENİ KANUNU m.512 | TÜRK MEDENİ KANUNU m.586 | TÜRK MEDENİ KANUNU m.501 | TÜRK MEDENİ KANUNU m.670 | TÜRK MEDENİ KANUNU m.572,0.1132075471698113,0.1132075471698113,1.0,1.0,0.0,0.0,wrong_or_unsupported_citation
Q154,Ceza Muhakemesi Hukuku,medium,Elkoyma hangi makam kararıyla yapılır?,"Elkoyma kural olarak hakim kararıyla, gecikmesinde sakınca bulunan hâllerde Cumhuriyet savcısının, savcıya ulaşılamayan hâllerde kolluk amirinin yazılı emriyle yapılabilir.","1. Elkoyma, suçun delillerini oluşturduğundan şüphe edilen ve gerçeğin ortaya çıkarılması için soruşturma ve kovuşturmada adliyenin eli altında olması zorunlu sayılıp, posta hizmeti veren her türlü resmî veya özel kuruluşta bulunan gönderilere, hâkimin veya gecikmesinde sakınca bulunan hâllerde Cumhuriyet savcısının kararı ile elkonulabilir. (2) Hâkim kararının veya Cumhuriyet savcısının emrinin kendilerine bildirilmesi üzerine elkoyma işlemini yerine getiren kolluk memurları, birinci fıkrada belirtilen gönderilerin içinde bulunduğu zarfları veya paketleri açamazlar. Elkonulan gönderiler, ilgili posta görevlilerinin huzuru ile mühür altına alınıp derhâl elkoyma kararını veya emrini veren hâkim veya Cumhuriyet savcısına teslim edilir. (3) [27] Elkoyma kararı veya emrinin aşağıda sayılan suçlarla ilgili olarak verilmesi halinde gönderilerin bulunduğu zarf veya paketler Cumhuriyet savcısının talimatıyla kolluk memurları tarafından açılabilir. a) 10/7/1953 tarihli ve 6136 sayılı Ateşli Silahlar ve Bıçaklar ile Diğer Aletler Hakkında Kanunun 12 nci ve 13 üncü maddelerinde tanımlanan suçlar. b) 21/7/1983 tarihli ve 2863 sayılı Kültür ve Tabiat Varlıklarını Koruma Kanununun 67 nci ve 68 inci maddelerinde tanımlanan suçlar. (4) Soruş",1_5_5271_MADDE_127,1_5_5271_MADDE_127; 1_5_5271_MADDE_128; 1_5_5271_MADDE_129; 1_5_5549_MADDE_17; 1_3_6831_MADDE_79; 1_5_5271_MADDE_248; 1_5_5607_MADDE_9; 1_5_5607_MADDE_23; 1_5_5271_MADDE_132; 1_5_5271_MADDE_126,CEZA MUHAKEMESİ KANUNU m.127 | CEZA MUHAKEMESİ KANUNU m.128 | CEZA MUHAKEMESİ KANUNU m.129 | SUÇ GELİRLERİNİN AKLANMASININ ÖNLENMESİ HAKKINDA KANUN m.17 | ORMAN KANUNU m.79 | CEZA MUHAKEMESİ KANUNU m.248 | KAÇAKÇILIKLA MÜCADELE KANUNU m.9 | KAÇAKÇILIKLA MÜCADELE KANUNU m.23 | CEZA MUHAKEMESİ KANUNU m.132 | CEZA MUHAKEMESİ KANUNU m.126,0.1151832460732984,0.1047120418848167,1.0,1.0,0.0,0.0,wrong_or_unsupported_citation
Q119,İş Hukuku,hard,İşverenin eşit davranma borcuna aykırılık hâlinde işçi hangi talepte bulunabilir?,"İşçi, dört aya kadar ücreti tutarında uygun bir tazminat ile yoksun bırakıldığı haklarını talep edebilir.","1. İşverenin eşit davranma borcuna aykırılık hâlinde işçi, işveren tarafından verilen sözleşme şartlarına aykırı davranışa uğradığı iddiasıyla tazminat talep edebilir. Bu talep, işverenin eşit davranma borcuna aykırılığını kanıtlaması ve işçiye zararın giderilmesini talep etmekle oluşur.

2. Bu açıklama, verilen mevzuat bağlamına dayanmaktadır.

3. Bağlantılı madde: TÜRK BORÇLAR KANUNU m.446",1_5_4857_MADDE_5,1_5_6098_MADDE_446; 1_5_6098_MADDE_439; 1_5_6098_MADDE_417; 1_5_4857_MADDE_5; 1_5_4857_MADDE_22; 1_5_6098_MADDE_404; 1_5_6098_MADDE_407; 1_5_6098_MADDE_402; 1_5_6098_MADDE_408; 1_5_4857_MADDE_2,TÜRK BORÇLAR KANUNU m.446 | TÜRK BORÇLAR KANUNU m.439 | TÜRK BORÇLAR KANUNU m.417 | İŞ KANUNU m.5 | İŞ KANUNU m.22 | TÜRK BORÇLAR KANUNU m.404 | TÜRK BORÇLAR KANUNU m.407 | TÜRK BORÇLAR KANUNU m.402 | TÜRK BORÇLAR KANUNU m.408 | İŞ KANUNU m.2,0.1176470588235294,0.1176470588235294,1.0,1.0,0.0,0.0,wrong_or_unsupported_citation
Q051,Anayasa Hukuku,easy,Anayasa Mahkemesi'ne bireysel başvuru yapılabilmesi için hangi temel şartlar aranır?,"Bireysel başvuru yapılabilmesi için güncel ve kişisel bir hakkın kamu gücü tarafından ihlal edilmiş olması, başvurucunun bu ihlalden doğrudan etkilenmesi ve olağan kanun yollarının tüketilmiş olması gerekir.","1. Bireysel başvurular, bu Kanunda ve İçtüzükte belirtilen şartlara uygun olarak doğrudan ya da mahkemeler veya yurt dışı temsilcilikler vasıtasıyla yapılabilir. Başvurunun diğer yollarla kabulüne ilişkin usul ve esaslar İçtüzükle düzenlenir. (madde 47)
2. Bu madde, bireysel başvuruların kabul edilebilirlik şartlarını ve incelenmesini belirler. (madde 47)
3. Madde 45, bireysel başvuru hakkına sahip olanların şartlarını belirler. (madde 45)
4. Bu açıklama, kaynak bilgilerine dayandırılmıştır. Kaynak metindeki esas içerik şudur: (madde 47)",1_5_2709_MADDE_148,1_5_6216_MADDE_47; 1_5_6216_MADDE_45; 1_5_6216_MADDE_48; 1_5_6216_MADDE_46; 1_5_2709_GEÇİCİ_MADDE_18; 1_5_2709_MADDE_148; 1_5_2709_MADDE_146; 1_5_6216_MADDE_2; 1_5_6216_MADDE_40; 1_5_6216_MADDE_9,ANAYASA MAHKEMESİNİN KURULUŞU VE YARGILAMA USULLERİ HAKKINDA KANUN m.47 | ANAYASA MAHKEMESİNİN KURULUŞU VE YARGILAMA USULLERİ HAKKINDA KANUN m.45 | ANAYASA MAHKEMESİNİN KURULUŞU VE YARGILAMA USULLERİ HAKKINDA KANUN m.48 | ANAYASA MAHKEMESİNİN KURULUŞU VE YARGILAMA USULLERİ HAKKINDA KANUN m.46 | TÜRKİYE CUMHURİYETİ ANAYASASI geçici m.18 | TÜRKİYE CUMHURİYETİ ANAYASASI m.148 | TÜRKİYE CUMHURİYETİ ANAYASASI m.146 | ANAYASA MAHKEMESİNİN KURULUŞU VE YARGILAMA USULLERİ HAKKINDA KANUN m.2 | ANAYASA MAHKEMESİNİN KURULUŞU VE YARGILAMA USULLERİ HAKKINDA KANUN m.40 | ANAYASA MAHKEMESİNİN KURULUŞU VE YARGILAMA USULLERİ HAKKINDA KANUN m.9,0.12,0.08,1.0,1.0,0.0,0.0,wrong_or_unsupported_citation
Q092,Medeni Hukuk,medium,Uzun zamandan beri haber alınamayan kişi hakkında gaiplik için ne kadar süre gerekir?,"Kendisinden uzun zamandan beri haber alınamayan kişi hakkında, son haber tarihinden başlayarak en az beş yıl geçmişse gaiplik istenebilir.","1. Kısa cevap: 1 yıl veya son haber tarihinin üzerinden en az beş yıl geçmiş olması gerekir. Mahkeme, gaipliğine karar verilecek kişi hakkında bilgisi bulunan kimseleri, belirli bir sürede bilgi vermeleri için usulüne göre yapılan ilânla çağırır. Bu süre, ilk ilânın yapıldığı günden başlayarak en az altı aydır. 3. İstemin düşmesi

2. Şartlar / açıklama: Bu açıklama, verilen mevzuat bağlamına dayandırılmalıdır. Bağlamda cevap yok ise bu açıklama yapılmalıdır.

3. Dayanak maddeler: Madde: MADDE 33. Bu madde, gaiplik kararının istenebilmesi için, ölüm tehlikesinin üzerinden en az bir yıl veya son haber tarihinin üzerinden en az beş yıl geçmiş olması gerektiğini belirtir. Mahkeme, gaipliğine karar verilecek kişi hakkında bilgisi bulunan kimseleri, belirli bir sürede bilgi vermeleri için usulüne göre yapılan ilânla çağırır. Bu süre, ilk ilânın yapıldığı günden başlayarak en az altı aydır. 3. İstemin düşmesi

4. Not / sınırlılık: Bu açıklama, verilen mevzuat bağlamına dayandırılmalıdır. Bağlamda cevap yok ise bu açıklama yapılmalıdır.",1_5_4721_MADDE_32,1_5_4721_MADDE_33; 1_5_4721_MADDE_584; 1_5_4721_MADDE_34; 1_5_4721_MADDE_131; 1_5_5271_MADDE_244; 1_5_3628_MADDE_20; 1_5_5271_MADDE_91; 1_5_4721_MADDE_32; 1_5_5275_MADDE_19; 1_3_1593_MADDE_58,"TÜRK MEDENİ KANUNU m.33 | TÜRK MEDENİ KANUNU m.584 | TÜRK MEDENİ KANUNU m.34 | TÜRK MEDENİ KANUNU m.131 | CEZA MUHAKEMESİ KANUNU m.244 | MAL BİLDİRİMİNDE BULUNULMASI, RÜŞVET VE YOLSUZLUKLARLA MÜCADELE KANUNU m.20 | CEZA MUHAKEMESİ KANUNU m.91 | TÜRK MEDENİ KANUNU m.32 | CEZA VE GÜVENLİK TEDBİRLERİNİN İNFAZI HAKKINDA KANUN m.19 | UMUMİ HIFZISSIHHA KANUNU m.58",0.1264367816091954,0.1034482758620689,1.0,1.0,0.0,0.0,wrong_or_unsupported_citation
Q085,Ceza Muhakemesi Hukuku,medium,İfade alma sırasında şüpheliye hangi haklar bildirilmelidir?,"Şüpheliye yüklenen suç anlatılmalı; müdafi seçme hakkı, susma hakkı, lehine delil toplanmasını isteme hakkı ve kişisel-ekonomik durumuna göre baro tarafından müdafi görevlendirilmesini isteyebileceği bildirilmelidir.","1. Şüphelinin veya sanığın ifadesinin alınmasında veya sorguya çekilmesinde aşağıdaki hususlara uyulur: a) Şüpheli veya sanığın kimliği saptanır. Şüpheli veya sanık, kimliğine ilişkin soruları doğru olarak cevaplandırmakla yükümlüdür. b) Kendisine yüklenen suç anlatılır. c) Müdafi seçme hakkının bulunduğu ve onun hukukî yardımından yararlanabileceği, müdafiin ifade veya sorgusunda hazır bulunabileceği, kendisine bildirilir. Müdafi seçecek durumda olmadığı ve bir müdafi yardımından faydalanmak istediği takdirde, kendisine baro tarafından bir müdafi görevlendirilir. d) 95 inci madde hükmü saklı kalmak üzere, yakalanan kişinin yakınlarından istediğine yakalandığı derhâl bildirilir. e) Yüklenen suç hakkında açıklamada bulunmamasının kanunî hakkı olduğu söylenir. f) Şüpheden kurtulması için somut delillerin toplanmasını isteyebileceği hatırlatılır ve kendisi aleyhine var olan şüphe nedenlerini ortadan kaldırmak ve lehine olan hususları ileri sürmek olanağı tanınır. g) İfade verenin veya sorguya çekilenin kişisel ve ekonomik durumu hakkında bilgi alınır. h) İfade ve sorgu işlemlerinin kaydında, teknik imkânlardan yararlanılır. i) İfade veya sorgu bir tutanağa bağlanır. Bu tutanakta aşağıda belirtilen hususlar yer alır: 1. İfade alma veya sorguya çekme işleminin yapıldığı yer ve tarih. 2. İfade alma veya sor",1_5_5271_MADDE_147,1_5_5271_MADDE_147; 1_5_5271_MADDE_148; 1_5_4054_MADDE_44; 1_5_5271_MADDE_58; 1_5_5271_MADDE_216; 1_5_5549_MADDE_4; 1_5_5271_MADDE_84; 1_5_3091_MADDE_6; 1_5_5271_MADDE_149; 1_5_5271_MADDE_113,CEZA MUHAKEMESİ KANUNU m.147 | CEZA MUHAKEMESİ KANUNU m.148 | REKABETİN KORUNMASI HAKKINDA KANUN m.44 | CEZA MUHAKEMESİ KANUNU m.58 | CEZA MUHAKEMESİ KANUNU m.216 | SUÇ GELİRLERİNİN AKLANMASININ ÖNLENMESİ HAKKINDA KANUN m.4 | CEZA MUHAKEMESİ KANUNU m.84 | TAŞINMAZ MAL ZİLYEDLİĞİNE YAPILAN TECAVÜZLERİN ÖNLENMESİ HAKKINDA KANUN m.6 | CEZA MUHAKEMESİ KANUNU m.149 | CEZA MUHAKEMESİ KANUNU m.113,0.1379310344827586,0.0886699507389162,1.0,1.0,0.0,0.0,wrong_or_unsupported_citation
Q060,Anayasa Hukuku,easy,Anayasa'ya göre devletin şekli nedir?,Türkiye Devleti bir Cumhuriyettir.,"1. Devlet, sosyal ve ekonomik alanlarda Anayasa ile belirlenen görevlerini, bu görevlerin amaçlarına uygun öncelikleri gözeterek malî kaynaklarının yeterliliği ölçüsünde yerine getirir. DÖRDÜNCÜ BÖLÜM Siyasi Haklar ve Ödevler I. Türk vatandaşlığı

2. Bağlamda verilen madde, devletin sosyal ve ekonomik alanlarda Anayasa ile belirlenen görevlerini, bu görevlerin amaçlarına uygun öncelikleri gözeterek malî kaynaklarının yeterliliği ölçüsünde yerine getirmesini öngörür. bu hüküm, devletin sosyal ve ekonomik alanlarda Anayasa ile belirlenen görevlerini yerine getirme yükümlülüğünü ifade eder.

3. Anayasa'ya göre, devlet, sosyal ve ekonomik alanlarda Anayasa ile belirlenen görevlerini, bu görevlerin amaçlarına uygun öncelikleri gözeterek malî kaynaklarının yeterliliği ölçüsünde yerine getirir. DÖRDÜNCÜ BÖLÜM Siyasi Haklar ve Ödevler I. Türk vatandaşlığı

4. Not / sınırlılık: Bu açıklama, sadece verilen mevzuat bağlamına dayandırılmıştır. Bu kaynak, diğer kaynaklara ve diğer yasalara dayandırılmamalıdır.",1_5_2709_MADDE_1,1_5_2709_MADDE_2; 1_5_2709_MADDE_1; 1_5_2709_MADDE_123; 1_5_2709_MADDE_126; 1_5_2709_MADDE_104; 1_5_2709_MADDE_10; 1_5_2820_MADDE_78; 1_5_2709_MADDE_3; 1_5_2709_MADDE_65; 1_5_2709_MADDE_148,TÜRKİYE CUMHURİYETİ ANAYASASI m.2 | TÜRKİYE CUMHURİYETİ ANAYASASI m.1 | TÜRKİYE CUMHURİYETİ ANAYASASI m.123 | TÜRKİYE CUMHURİYETİ ANAYASASI m.126 | TÜRKİYE CUMHURİYETİ ANAYASASI m.104 | TÜRKİYE CUMHURİYETİ ANAYASASI m.10 | SİYASİ PARTİLER KANUNU m.78 | TÜRKİYE CUMHURİYETİ ANAYASASI m.3 | TÜRKİYE CUMHURİYETİ ANAYASASI m.65 | TÜRKİYE CUMHURİYETİ ANAYASASI m.148,0.0,0.0,1.0,0.0,0.0,0.0,missing_citation
Q176,Ticaret Hukuku,medium,Cari hesap sözleşmesi neyi ifade eder?,İki kişinin ayrı ayrı alacaklarını kalem kalem istemekten vazgeçip bunları hesaba geçirerek dönemin sonunda çıkacak bakiyeyi talep etmeyi kabul ettikleri sözleşmedir.,"1. Cari hesap sözleşmesi, alacak veya borç kaydedilmesi, tarafların alacağı veya borcu doğuran sözleşme veya işleme ilişkin dava ve savunma haklarını düşürmez. Bu sözleşme, cari hesaba alacak veya borç kaydedilmesi, tarafların alacağı veya borcu doğuran sözleşme veya işleme ilişkin dava ve savunma haklarını düşürmez. Bu sözleşme, cari hesaba alacak veya borç kaydedilmesi, tarafların alacağı veya borcu doğuran sözleşme veya işleme ilişkin dava ve savunma haklarını düşürmez. Bu sözleşme, cari hesaba alacak veya borç kaydedilmesi, tarafların alacağı veya borcu doğuran sözleşme veya işleme ilişkin dava ve savunma haklarını düşürmez. Bu sözleşme, cari hesaba alacak veya borç kaydedilmesi, tarafların alacağı veya borcu doğuran sözleşme veya işleme ilişkin dava ve savunma haklarını düşürmez. Bu sözleşme, cari hesaba alacak veya borç kaydedilmesi, tarafların alacağı veya borcu doğuran sözleşme veya işleme ilişkin dava ve savunma haklarını düşürmez. Bu sözleşme, cari hesaba alacak veya borç kaydedilmesi, tarafların alacağı veya borcu doğuran sözleşme veya işleme ilişkin dava ve savunma haklarını düşürmez. Bu sözleşme, cari hesaba alacak veya borç kaydedilmesi, tarafların alacağı veya borcu doğuran sözleşme veya işleme ilişkin dava ve savunma haklarını düşürmez. Bu sözleşme, cari hesaba",1_5_6102_MADDE_89,1_5_6102_MADDE_90; 1_5_6102_MADDE_89; 1_5_6102_MADDE_98; 1_5_6102_MADDE_97; 1_5_6102_MADDE_92; 1_5_6102_MADDE_780; 1_5_6102_MADDE_101; 1_5_6102_MADDE_99; 1_5_6502_MADDE_22; 1_5_5684_MADDE_14,TÜRK TİCARET KANUNU m.90 | TÜRK TİCARET KANUNU m.89 | TÜRK TİCARET KANUNU m.98 | TÜRK TİCARET KANUNU m.97 | TÜRK TİCARET KANUNU m.92 | TÜRK TİCARET KANUNU m.780 | TÜRK TİCARET KANUNU m.101 | TÜRK TİCARET KANUNU m.99 | TÜKETİCİNİN KORUNMASI HAKKINDA KANUN m.22 | SİGORTACILIK KANUNU m.14,0.0099009900990099,0.0099009900990099,1.0,0.0,0.0,0.0,missing_citation
Q095,Medeni Hukuk,medium,İyiniyetli zilyedin taşınırı kazanması hangi şartla korunur?,"Taşınırı iyiniyetle devralan kişi, devredenin tasarruf yetkisi bulunmasa bile kanunda öngörülen şartlar altında mülkiyeti kazanır.","1. Taşınırı çalınan, kaybolan ya da iradesi dışında başka herhangi bir şekilde elinden çıkan zilyet, o şeyi elinde bulunduran herkese karşı beş yıl içinde taşınır davası açabilir. Bu taşınır, açık artırmadan veya pazardan ya da benzeri eşya satanlardan iyiniyetle edinilmiş ise; iyiniyetli birinci ve sonraki edinenlere karşı taşınır davası, ancak ödenen bedelin geri verilmesi koşuluyla açılabilir. Diğer konularda iyiniyetli zilyedin haklarına ilişkin hükümler uygulanır. c. Para ve hamile yazılı senetlerde

Bu kaynaklar, kesin ve kesin olmayan bilgiler içerebilir. Bu kaynaklar, sadece verilen mevzuat bağlamına dayanarak cevap verilir. Bağlamda cevap yoksa bunu açıkça söyleyin. Uydurma kanun, madde, karar veya kaynak üretme.",1_5_4721_MADDE_988,1_5_4721_MADDE_989; 1_5_4721_MADDE_763; 1_5_4721_MADDE_990; 1_5_4721_MADDE_939; 1_5_4721_MADDE_988; 1_5_4721_MADDE_777; 1_5_4721_MADDE_991; 1_5_6750_MADDE_12; 1_5_4721_MADDE_986; 1_5_4721_MADDE_995,TÜRK MEDENİ KANUNU m.989 | TÜRK MEDENİ KANUNU m.763 | TÜRK MEDENİ KANUNU m.990 | TÜRK MEDENİ KANUNU m.939 | TÜRK MEDENİ KANUNU m.988 | TÜRK MEDENİ KANUNU m.777 | TÜRK MEDENİ KANUNU m.991 | TİCARİ İŞLEMLERDE TAŞINIR REHNİ KANUNU m.12 | TÜRK MEDENİ KANUNU m.986 | TÜRK MEDENİ KANUNU m.995,0.0347826086956521,0.0347826086956521,1.0,0.0,0.0,0.0,missing_citation
Q164,Medeni Hukuk,medium,Yerleşim yeri neye göre belirlenir?,Bir kimsenin sürekli kalma niyetiyle oturduğu yer onun yerleşim yeridir.,"1. Yerleşim yeri, kişinin oturduğu yerdir. yerleşim yeri, kişinin oturduğu yerdir. yerleşim yeri, kişinin oturduğu yerdir. yerleşim yeri, kişinin oturduğu yerdir. yerleşim yeri, kişinin oturduğu yerdir. yerleşim yeri, kişinin oturduğu yerdir. yerleşim yeri, kişinin oturduğu yerdir. yerleşim yeri, kişinin oturduğu yerdir. yerleşim yeri, kişinin oturduğu yerdir. yerleşim yeri, kişinin oturduğu yerdir. yerleşim yeri, kişinin oturduğu yerdir. yerleşim yeri, kişinin oturduğu yerdir. yerleşim yeri, kişinin oturduğu yerdir. yerleşim yeri, kişinin oturduğu yerdir. yerleşim yeri, kişinin oturduğu yerdir. yerleşim yeri, kişinin oturduğu yerdir. yerleşim yeri, kişinin oturduğu yerdir. yerleşim yeri, kişinin oturduğu yerdir. yerleşim yeri, kişinin oturduğu yerdir. yerleşim yeri, kişinin oturduğu yerdir. yerleşim yeri, kişinin oturduğu yerdir. yerleşim yeri, kişinin oturduğu yerdir. yerleşim yeri, kişinin oturduğu yerdir. yerleşim yeri, kişinin oturduğu yerdir. yerleşim yeri, kişinin oturduğu yerdir. yerleşim yeri, kişinin oturduğu yerdir. yerleşim yeri, kişinin oturduğu yerdir. yerleşim yeri, kişinin oturduğu yerdir. yerleşim yeri, kişinin oturduğu yerdir. yerleşim yeri, kişinin oturduğu yerdir. yerleşim yeri, kişinin oturduğu yerdir. yerleşim yeri, kişinin oturduğu yer",1_5_4721_MADDE_19,1_5_4721_MADDE_20; 1_5_4721_MADDE_19; 1_5_5490_MADDE_48; 1_5_4721_MADDE_21; 1_5_4721_MADDE_433; 1_4_298_MADDE_34; 1_5_5490_MADDE_49; 1_5_4721_MADDE_412; 1_5_3083_MADDE_14; 1_3_442_MADDE_10,TÜRK MEDENİ KANUNU m.20 | TÜRK MEDENİ KANUNU m.19 | NÜFUS HİZMETLERİ KANUNU m.48 | TÜRK MEDENİ KANUNU m.21 | TÜRK MEDENİ KANUNU m.433 | SEÇİMLERİN TEMEL HÜKÜMLERİ VE SEÇMEN KÜTÜKLERİ HAKKINDA KANUN m.34 | NÜFUS HİZMETLERİ KANUNU m.49 | TÜRK MEDENİ KANUNU m.412 | SULAMA ALANLARINDA ARAZİ DÜZENLENMESİNE DAİR TARIM REFORMU KANUNU m.14 | KÖY KANUNU m.10,0.0350877192982456,0.023391812865497,1.0,0.0,0.0,0.0,missing_citation
Q028,Ceza Muhakemesi Hukuku,medium,Telekomünikasyon yoluyla yapılan iletişimin denetlenmesi (dinleme) kararını kim verir? Acil durum yetkisi nedir?,Telekomünikasyon yoluyla iletişimin denetlenmesine kural olarak hâkim karar verir. Gecikmesinde sakınca bulunan hâllerde Cumhuriyet savcısı karar verebilir; bu karar kanundaki süre içinde hâkim onayına sunulur.,"1. Telekomünikasyon yoluyla yapılan iletişimin denetlenmesi (dinleme) kararını, telekomünikasyon kanallarından geçen dış istihbarat, millî savunma, terörizm ve uluslararası suçlar ile siber güvenlikle ilgili verileri toplayabilir. bu iletişimin dinlenmesi, telekomünikasyon kanallarından geçen dış istihbarat, millî savunma, terörizm ve uluslararası suçlar ile siber güvenlikle ilgili verileri toplayabilir. bu iletişimin dinlenmesi, telekomünikasyon kanallarından geçen dış istihbarat, millî savunma, terörizm ve uluslararası suçlar ile siber güvenlikle ilgili verileri toplayabilir. bu iletişimin dinlenmesi, telekomünikasyon kanallarından geçen dış istihbarat, millî savunma, terörizm ve uluslararası suçlar ile siber güvenlikle ilgili verileri toplayabilir. bu iletişimin dinlenmesi, telekomünikasyon kanallarından geçen dış istihbarat, millî savunma, terörizm ve uluslararası suçlar ile siber güvenlikle ilgili verileri toplayabilir. bu iletişimin dinlenmesi, telekomünikasyon kanallarından geçen dış istihbarat, millî savunma, terörizm ve uluslararası suçlar ile siber güvenlikle ilgili verileri toplayabilir. bu iletişimin dinlenmesi, telekomünikasyon kanallarından geçen dış istihbarat, millî savunma, terörizm ve uluslararası suçlar ile siber güvenlikle ilgili verileri toplayabilir. bu iletişimin dinlenmesi, telekomünikasyon",1_5_5271_MADDE_135,1_5_697_MADDE_4; 1_5_697_MADDE_6; 1_5_2937_MADDE_6; 1_3_2559_MADDE_7; 1_5_5271_MADDE_135; 1_5_6112_MADDE_37; 1_5_5809_MADDE_2; 1_5_5271_MADDE_137; 1_5_2803_MADDE_5; 1_5_5809_MADDE_6,"ULAŞTIRMA VE HABERLEŞME HİZMETLERİNİN OLAĞANÜSTÜ HALLERDE VE SAVAŞTA NE SURETLE YÜRÜTÜLECEĞİNE DAİR KANUN m.4 | ULAŞTIRMA VE HABERLEŞME HİZMETLERİNİN OLAĞANÜSTÜ HALLERDE VE SAVAŞTA NE SURETLE YÜRÜTÜLECEĞİNE DAİR KANUN m.6 | DEVLET İSTİHBARAT HİZMETLERİ VE MİLLİ İSTİHBARAT TEŞKİLATI KANUNU m.6 | POLİS VAZİFE VE SALȂHİYET KANUNU m.7 | CEZA MUHAKEMESİ KANUNU m.135 | RADYO VE TELEVİZYONLARIN KURULUŞ VE YAYIN HİZMETLERİ HAKKINDA KANUN m.37 | ELEKTRONİK HABERLEŞME KANUNU m.2 | CEZA MUHAKEMESİ KANUNU m.137 | JANDARMA TEŞKİLAT, GÖREV VE YETKİLERİ KANUNU m.5 | ELEKTRONİK HABERLEŞME KANUNU m.6",0.0451977401129943,0.0451977401129943,1.0,0.0,0.0,0.0,missing_citation
Q151,Ceza Muhakemesi Hukuku,medium,Yakalanan kişinin yakınlarına haber verilmesi nasıl sağlanır?,Yakalanan kişinin istediği bir yakınına veya belirlediği kişiye gecikmeksizin haber verilir.,"1. Yakalanan kişi, Cumhuriyet Savcılığınca bırakılmazsa, soruşturmanın tamamlanması için gözaltına alınmasına karar verilebilir. Gözaltı süresi, yakalama yerine en yakın hâkim veya mahkemeye gönderilmesi için zorunlu süre hariç, yakalama anından itibaren yirmidört saati geçemez. (Ek cümle: 25/5/2005 – 5353/8 md.) Yakalama yerine en yakın hâkim veya mahkemeye gönderilme için zorunlu süre oniki saatten fazla olamaz. (2) Gözaltına alma, bu tedbirin soruşturma yönünden zorunlu olmasına ve kişinin bir suçu işlediği şüphesini gösteren somut delillerin varlığına bağlıdır. [9] (3) Toplu olarak işlenen suçlarda, delillerin toplanmasındaki güçlük veya şüpheli sayısının çokluğu nedeniyle; Cumhuriyet savcısı gözaltı süresinin, her defasında bir günü geçmemek üzere, üç gün süreyle uzatılmasına yazılı olarak emir verebilir. Gözaltı süresinin uzatılması emri gözaltına alınana derhâl tebliğ edilir. (4) (Ek: 27/3/2015-6638/13 md.) [10] Suçüstü hâlleriyle sınırlı olmak kaydıyla; kişi hakkında aşağıdaki bentlerde belirtilen suçlarda mülki amirlerce belirlenecek kolluk amirleri tarafından yirmi dört saate kadar, şiddet olaylarının yaygınlaşarak kamu düzeninin ciddi şekilde bozulmasına yol açabilecek toplumsal olaylar sırasında ve toplu",1_5_5271_MADDE_95,1_5_5271_MADDE_95; 1_5_5271_MADDE_107; 1_4_211_MADDE_82; 1_5_5271_MADDE_96; 1_5_6284_MADDE_7; 1_5_5271_MADDE_91; 1_5_4536_MADDE_5; 1_5_5271_MADDE_94; 1_5_7179_MADDE_26; 1_5_5607_MADDE_5,CEZA MUHAKEMESİ KANUNU m.95 | CEZA MUHAKEMESİ KANUNU m.107 | TÜRK SİLAHLI KUVVETLERİ İÇ HİZMET KANUNU m.82 | CEZA MUHAKEMESİ KANUNU m.96 | AİLENİN KORUNMASI VE KADINA KARŞI ŞİDDETİN ÖNLENMESİNE DAİR KANUN m.7 | CEZA MUHAKEMESİ KANUNU m.91 | DENİZLERDE VE YURT YÜZEYİNDE GÖRÜLEN PATLAYICI MADDE VE ŞÜPHELİ CİSİMLERE UYGULANACAK ESASLARA İLİŞKİN KANUN m.5 | CEZA MUHAKEMESİ KANUNU m.94 | ASKERALMA KANUNU m.26 | KAÇAKÇILIKLA MÜCADELE KANUNU m.5,0.0451977401129943,0.0451977401129943,1.0,0.0,0.0,0.0,missing_citation
Q053,Anayasa Hukuku,medium,Milletlerarası antlaşmaların Anayasa'ya aykırılığı iddiasıyla iptal davası açılabilir mi?,Usulüne göre yürürlüğe konulmuş milletlerarası antlaşmalar hakkında Anayasa Mahkemesinde iptal davası açılamaz.,"1. Milletlerarası antlaşmaların Anayasa'ya aykırılığı iddiasıyla iptal davası açılabilir mi? Bu iddiayı Anayasa'ya aykırılık iddiasıyla doğrudan doğruya iptal davası açma hakkı ile bağlayarak cevap verebiliriz. Bu hakkın Anayasa'ya aykırılık iddiası ile doğrudan doğruya iptal davası açma hakkı ile bağlanması, bu iddiayı Anayasa'ya aykırılık iddiasıyla doğrudan doğruya iptal davası açma hakkı ile bağlayarak cevap verebiliriz. Bu hakkın Anayasa'ya aykırılık iddiası ile doğrudan doğruya iptal davası açma hakkı ile bağlanması, bu iddiayı Anayasa'ya aykırılık iddiasıyla doğrudan doğruya iptal davası açma hakkı ile bağlayarak cevap verebiliriz. Bu hakkın Anayasa'ya aykırılık iddiası ile doğrudan doğruya iptal davası açma hakkı ile bağlanması, bu iddiayı Anayasa'ya aykırılık iddiasıyla doğrudan doğruya iptal davası açma hakkı ile bağlayarak cevap verebiliriz. Bu hakkın Anayasa'ya aykırılık iddiası ile doğrudan doğruya iptal davası açma hakkı ile bağlanması, bu iddiayı Anayasa'ya aykırılık iddiasıyla doğrudan doğruya iptal davası açma hakkı ile bağlayarak cevap verebiliriz. Bu hakkın Anayasa'ya aykırılık iddiası ile",1_5_2709_MADDE_90,1_5_6216_MADDE_35; 1_5_6216_MADDE_38; 1_5_6216_MADDE_42; 1_5_2709_MADDE_150; 1_5_6216_MADDE_37; 1_5_2709_MADDE_90; 1_5_6216_MADDE_43; 1_5_4686_MADDE_15; 1_5_2709_MADDE_151; 1_5_6216_MADDE_36,ANAYASA MAHKEMESİNİN KURULUŞU VE YARGILAMA USULLERİ HAKKINDA KANUN m.35 | ANAYASA MAHKEMESİNİN KURULUŞU VE YARGILAMA USULLERİ HAKKINDA KANUN m.38 | ANAYASA MAHKEMESİNİN KURULUŞU VE YARGILAMA USULLERİ HAKKINDA KANUN m.42 | TÜRKİYE CUMHURİYETİ ANAYASASI m.150 | ANAYASA MAHKEMESİNİN KURULUŞU VE YARGILAMA USULLERİ HAKKINDA KANUN m.37 | TÜRKİYE CUMHURİYETİ ANAYASASI m.90 | ANAYASA MAHKEMESİNİN KURULUŞU VE YARGILAMA USULLERİ HAKKINDA KANUN m.43 | MİLLETLERARASI TAHKİM KANUNU m.15 | TÜRKİYE CUMHURİYETİ ANAYASASI m.151 | ANAYASA MAHKEMESİNİN KURULUŞU VE YARGILAMA USULLERİ HAKKINDA KANUN m.36,0.0470588235294117,0.0470588235294117,1.0,0.0,0.0,0.0,missing_citation
Q107,Ticaret Hukuku,medium,Ticaret unvanı kullanılırken hangi ilke gözetilmelidir?,"Ticaret unvanı taciri ve işletmeyi tanıtmalı, kanuna ve dürüstlük kuralına aykırı şekilde yanıltıcı olmamalıdır.","1. Ticaret unvanı, işletmenin genişliği, önemi ve finansal durumu hakkında, üçüncü kişilerde yanlış bir görüşün oluşmasına sebep olacak nitelikte bulunmamak, gerçeğe ve kamu düzenine aykırı olmamak şartıyla; her ticaret unvanına, işletmenin özelliklerini belirten veya unvanda yer alan kişilerin kimliklerini gösteren ya da hayalî adlardan ibaret olan ekler yapılabilir. (2) Tek başlarına ticaret yapan gerçek kişiler ticaret unvanlarına bir şirketin var olduğu izlenimini uyandıracak ekler yapamazlar. (3) “Türk”, “Türkiye”, “Cumhuriyet” ve “Millî” kelimeleri bir ticaret unvanına ancak Cumhurbaşkanı kararıyla konabilir. [16] 4. Ticaret unvanının devamı

Bu kaynaklar, kesin ve kesin olmayan bilgiler içerebilir. Bu kaynaklara dayandırılmış cümleler kesin değildir. Bu kaynaklara dayandırılmış cümleler, kesin olmayan bilgiler içerebilir. Bu kaynaklara dayandırılmış cümleler, kesin olmayan bilgiler içerebilir. Bu kaynaklara dayandırılmış cümleler, kesin olmayan bilgiler içerebilir. Bu kaynaklara dayandırılmış cümleler, kesin olmayan bilgiler içerebilir. Bu kaynaklara dayandırılmış cümleler, kesin olmayan bilgiler içerebilir. Bu kaynaklara dayandırılmış cümleler, kesin olmayan bilgiler içerebilir. Bu kaynaklara dayandırılmış cümleler, kesin olmayan bilgiler içerebilir. Bu kaynaklara dayandırılmış cümleler, kesin olmayan bilgiler içerebilir. Bu kaynaklara dayandırılmış cümleler, kesin olmayan bilgiler içerebilir. Bu kaynaklara dayandırılmış cüm",1_5_6102_MADDE_39,1_5_6102_MADDE_46; 1_5_6102_MADDE_49; 1_5_6102_MADDE_44; 1_5_6102_MADDE_39; 1_5_6102_MADDE_48; 1_5_6102_MADDE_43; 1_5_6102_MADDE_52; 1_5_6102_MADDE_45; 1_5_6102_MADDE_42; 1_5_6102_MADDE_50,TÜRK TİCARET KANUNU m.46 | TÜRK TİCARET KANUNU m.49 | TÜRK TİCARET KANUNU m.44 | TÜRK TİCARET KANUNU m.39 | TÜRK TİCARET KANUNU m.48 | TÜRK TİCARET KANUNU m.43 | TÜRK TİCARET KANUNU m.52 | TÜRK TİCARET KANUNU m.45 | TÜRK TİCARET KANUNU m.42 | TÜRK TİCARET KANUNU m.50,0.0531914893617021,0.0531914893617021,1.0,0.0,0.0,0.0,missing_citation
Q159,Ceza Muhakemesi Hukuku,medium,Duruşmada tutanak tutulmasının amacı nedir?,Duruşmada yapılan işlemlerin ve açıklamaların usulüne uygun biçimde kayda geçirilmesi ve denetlenebilmesi için tutanak tutulur.,"1. Duruşma tutanağı, mahkeme başkanının görevlendirdiği bir üye tarafından tutulur. Duruşma dışında dinlenilen kimselere ait tutanakların duruşmada okunması zorunludur. İstinabe talimatının yerine getirilmesi:

2. Bu açıklama, verilen mevzuat bağlamına dayandırılmalıdır.

3. Bağlantılı madde: MADDE 148, MADDE 219, MADDE 136, MADDE 85, MADDE 1512, MADDE 222, MADDE 153, MADDE 154.

4. Not / sınırlılık: Bu açıklama, sadece verilen mevzuat bağlamına dayandırılmalıdır.",1_5_5271_MADDE_219,1_5_5271_MADDE_219; 1_5_1136_MADDE_148; 1_5_1512_MADDE_136; 1_5_1512_MADDE_85; 1_5_5271_MADDE_169; 1_5_5271_MADDE_222; 1_5_2577_MADDE_23; 1_5_6100_MADDE_153; 1_5_6100_MADDE_154; 1_5_1136_MADDE_147,CEZA MUHAKEMESİ KANUNU m.219 | AVUKATLIK KANUNU m.148 | NOTERLİK KANUNU m.136 | NOTERLİK KANUNU m.85 | CEZA MUHAKEMESİ KANUNU m.169 | CEZA MUHAKEMESİ KANUNU m.222 | İDARİ YARGILAMA USULÜ KANUNU m.23 | HUKUK MUHAKEMELERİ KANUNU m.153 | HUKUK MUHAKEMELERİ KANUNU m.154 | AVUKATLIK KANUNU m.147,0.0533333333333333,0.0266666666666666,1.0,0.0,0.0,0.0,missing_citation
Q021,Ceza Hukuku,medium,"Ceza hukukunda ""teşebbüs"" halinde ceza indirimi hangi kriterlere göre yapılır?","Teşebbüs halinde ceza indirimi, meydana gelen zarar veya tehlikenin ağırlığına göre belirlenir. Ağırlaştırılmış müebbet ve müebbet için özel aralıklar, diğer hapis cezalarında ise cezada dörtte birden dörtte üçe kadar indirim uygulanır.","1. Ceza, soruşturma evresinde ileri sürülen kanuni ağırlaştırıcı nedenlerin aşağı sınırı ve kanuni hafifletici nedenlerin yukarı sınırı göz önünde bulundurularak hesaplanır. Cezadan mahsup.

2. Bu açıklama, verilen mevzuat bağlamına göredir. Bağlamda bulunan kaynak, kesin ve yeterli bilgiler içermez.

3. Bağlamda bulunan kaynak, kesin ve yeterli bilgiler içermez. Bu kaynak, verilen mevzuat bağlamına uygun değildir.

4. Not: Bu tür cevaplar, sadece verilen mevzuat bağlamına dayandırılmalıdır. Uydurma yapılması veya başka kaynaklara dayandırılması durumunda, cevap doğruluğu ve geçerliliği tartışmalıdır.",1_5_5237_MADDE_35,1_5_5237_MADDE_35; 1_5_5237_MADDE_62; 1_5_5237_MADDE_110; 1_5_5237_MADDE_168; 1_5_5237_MADDE_88; 1_5_5237_MADDE_36; 1_5_5237_MADDE_269; 1_5_5237_MADDE_61; 1_5_5237_MADDE_15; 1_5_5237_MADDE_248,TÜRK CEZA KANUNU m.35 | TÜRK CEZA KANUNU m.62 | TÜRK CEZA KANUNU m.110 | TÜRK CEZA KANUNU m.168 | TÜRK CEZA KANUNU m.88 | TÜRK CEZA KANUNU m.36 | TÜRK CEZA KANUNU m.269 | TÜRK CEZA KANUNU m.61 | TÜRK CEZA KANUNU m.15 | TÜRK CEZA KANUNU m.248,0.0560747663551401,0.0560747663551401,1.0,0.0,0.0,0.0,missing_citation
Q113,İş Hukuku,medium,Haftalık çalışma süresi kural olarak ne kadardır?,Genel bakımdan çalışma süresi haftada en çok kırk beş saattir.,"1. Haftalık çalışma süresi, genel olarak 40 saattir. Bu süre Cumartesi ve Pazar günleri tatil olmak üzere düzenlenir. Ancak, bu kanuna, özel kanunlara, Cumhurbaşkanlığı kararnamelerine veya bunlara dayanılarak çıkarılacak yönetmeliklerle, kurumların ve hizmetlerin özellikleri dikkate alınmak suretiyle farklı çalışma süreleri tespit olunabilir. Cumhurbaşkanı, yurt dışı kuruluşlarda hizmetin gerektirdiği hallerde, hafta tatilini Cumartesi ve Pazardan başka günler olarak tespit edebilir. Günlük çalışma saatlerinin tesbiti: [161]

2. Şartlar / açıklama: Bu açıklama, verilen mevzuat bağlamına dayanmaktadır. Cevap, sadece verilen mevzuat bağlamına dayanarak verilen sorunun cevabını verir. Bağlamda cevap yoksa bunu açıkça söyleyiniz.

3. Dayanak maddeler: [1], [2], [3], [4].

4. Not / sınırlılık: Bu açıklama, verilen mevzuat bağlamına dayandırılmalıdır. Bu kaynak, kesin ve kesin olmayan bilgiler içerebilir. Bu kaynak dışında başka kaynaklara veya bilgiye başvurmak istenirse, bu kaynaklara veya bilgiye başvurarak daha fazla bilgi edinebilirsiniz.",1_5_4857_MADDE_63,1_5_4857_MADDE_63; 1_5_657_MADDE_99; 1_5_926_MADDE_2; 1_5_4857_MADDE_76; 1_5_4857_MADDE_41; 1_5_854_MADDE_26; 1_5_4857_MADDE_14; 1_5_4566_MADDE_30; 1_5_4857_MADDE_64; 1_5_4857_MADDE_68,İŞ KANUNU m.63 | DEVLET MEMURLARI KANUNU m.99 | TÜRK SİLÂHLI KUVVETLERİ PERSONEL KANUNU m.2 | İŞ KANUNU m.76 | İŞ KANUNU m.41 | DENİZ İŞ KANUNU m.26 | İŞ KANUNU m.14 | HARP OKULLARI KANUNU m.30 | İŞ KANUNU m.64 | İŞ KANUNU m.68,0.0567375886524822,0.0425531914893617,1.0,0.0,0.0,0.0,missing_citation
Q047,İş Hukuku,easy,"İş güvencesinden yararlanmak için gerekli olan ""işçi sayısı"" ve ""kıdem"" şartı nedir?","İş güvencesi hükümlerinden yararlanmak için işçinin belirsiz süreli iş sözleşmesiyle çalışması, işyerinde otuz veya daha fazla işçi bulunması ve işçinin en az altı aylık kıdeminin olması gerekir.","1. İşçi sayısı ve kıdem şartı, işverenler tarafından çalıştırılacak işçi sayısının belirlenmesi ve işçi sayısının tespitinde belirli ve belirsiz süreli iş sözleşmesine göre çalıştırılan işçiler esas alınması şartıdır. bu şartlar, işverenlerin işçi sayısının belirlenmesi ve işçi sayısının tespitinde belirli ve belirsiz süreli iş sözleşmesine göre çalıştırılan işçiler esas alınması şartıdır. bu şartlar, işverenlerin işçi sayısının belirlenmesi ve işçi sayısının tespitinde belirli ve belirsiz süreli iş sözleşmesine göre çalıştırılan işçiler esas alınması şartıdır. bu şartlar, işverenlerin işçi sayısının belirlenmesi ve işçi sayısının tespitinde belirli ve belirsiz süreli iş sözleşmesine göre çalıştırılan işçiler esas alınması şartıdır. bu şartlar, işverenlerin işçi sayısının belirlenmesi ve işçi sayısının tespitinde belirli ve belirsiz süreli iş sözleşmesine göre çalıştırılan işçiler esas alınması şartıdır. bu şartlar, işverenlerin işçi sayısının belirlenmesi ve işçi sayısının tespitinde belirli ve belirsiz süreli iş sözleşmesine göre çalıştırılan işçiler esas alınması şartıdır. bu şartlar, işverenlerin işçi sayısının belirlenmesi ve işçi sayısının tespitinde belirli ve belirsiz süreli iş sözleşmesine göre çalıştırılan işçiler esas alınması şartıdır. bu şartlar, işverenlerin işçi sayısının belirlenmesi ve işçi sayısının tespitinde belirli ve belirsiz süreli iş sözleşmesine göre",1_5_4857_MADDE_18,1_5_4857_MADDE_30; 1_5_6331_MADDE_7; 1_5_4857_MADDE_18; 1_5_6331_MADDE_20; 1_5_4857_MADDE_29; 1_5_6331_MADDE_3; 1_5_1475_MADDE_14; 1_5_5502_MADDE_28; 1_5_6331_MADDE_6; 1_5_6331_MADDE_15,İŞ KANUNU m.30 | İŞ SAĞLIĞI VE GÜVENLİĞİ KANUNU m.7 | İŞ KANUNU m.18 | İŞ SAĞLIĞI VE GÜVENLİĞİ KANUNU m.20 | İŞ KANUNU m.29 | İŞ SAĞLIĞI VE GÜVENLİĞİ KANUNU m.3 | İŞ KANUNU m.14 | SOSYAL GÜVENLİK KURUMUNA İLİŞKİN BAZI DÜZENLEMELER HAKKINDA KANUN m.28 | İŞ SAĞLIĞI VE GÜVENLİĞİ KANUNU m.6 | İŞ SAĞLIĞI VE GÜVENLİĞİ KANUNU m.15,0.058252427184466,0.058252427184466,1.0,0.0,0.0,0.0,missing_citation
Q139,Borçlar Hukuku,medium,Takas hangi alacaklar bakımından mümkün değildir?,İfa edilmesi devlet eliyle zorunlu olmayan alacaklar ile nafaka gibi özel olarak korunmuş bazı alacaklarda takas mümkün değildir.,"1. Takas, alacaklı alacağını müflisin kendinde olan alacağı ile takas edebilir. Aşağıdaki hallerde takas yapılamaz. 1 – Müflisin borçlusu iflas açıldıktan sonra müflisin alacaklısı olursa; 2 – Müflisin alacaklısı iflas açıldıktan sonra müflisin veya masanın borçlusu olursa; 3 – Alacaklının alacağı hamile muharer bir senede müstenit ise. (Değişik: 29/6/1956-6763/42 md.) Anonim, limited ve kooperatif şirketlerin iflasları halinde esas mukavele gereğince verilmesi lazımgelen hisse senedi bedellerinin henüz ödenmemiş olan kısımları veya konması taahhüt edilen ve fakat konmamış olan sermayeler bu şirketlerin borçlariyle takas edilemez. Takasa itiraz:

Bu kaynaklar, verilen mevzuat bağlamına göre cevap veriyor. Bu kaynaklar dışında başka kaynaklara veya belgelerde bulunmamak önemlidir. Bu kaynaklar, kesin ve kesin olmayan bilgiler içerebilir. Bu kaynaklar, hukuk hizmeti değildir.",1_5_6098_MADDE_144,1_3_2004_MADDE_200; 1_5_6102_MADDE_93; 1_5_6102_MADDE_242; 1_5_6098_MADDE_144; 1_5_6098_MADDE_257; 1_5_6098_MADDE_143; 1_5_6102_MADDE_1480; 1_5_6098_MADDE_141; 1_5_6098_MADDE_139; 1_5_6102_MADDE_327,İCRA VE İFLAS KANUNU m.200 | TÜRK TİCARET KANUNU m.93 | TÜRK TİCARET KANUNU m.242 | TÜRK BORÇLAR KANUNU m.144 | TÜRK BORÇLAR KANUNU m.257 | TÜRK BORÇLAR KANUNU m.143 | TÜRK TİCARET KANUNU m.1480 | TÜRK BORÇLAR KANUNU m.141 | TÜRK BORÇLAR KANUNU m.139 | TÜRK TİCARET KANUNU m.327,0.0592592592592592,0.0444444444444444,1.0,0.0,0.0,0.0,missing_citation
Q112,İş Hukuku,medium,Ev hizmetlerinde çalışanlar İş Kanunu kapsamında mıdır?,"Ev hizmetlerinde yapılan işler, kural olarak İş Kanunu kapsamı dışındadır.","1. Ev hizmetlerinde çalışanlar, işçi, işçi çalıştıran gerçek veya tüzel kişiye veya kurum ve kuruluşlara işveren olarak iş ilişkisi denir. Bu tür iş, işveren tarafından mal veya hizmet üretmek amacıyla kurulan ilişkiye iş ilişkisi denir. (Ek fıkra: 1/7/2006-5538/18 md.) Kanuna veya Cumhurbaşkanlığı kararnamesine dayanılarak kurulan kamu kurum ve kuruluşları ile bunların doğrudan veya dolaylı olarak sermayesinin en az yüzde ellisine sahip oldukları ortaklıklarda, 4734 sayılı Kamu İhale Kanunu veya diğer kanun hükümleri çerçevesinde, hizmet alımı amacıyla yapılan sözleşmeler gereğince, yüklenici aracılığıyla çalıştırılanlar, bu şekilde çalışmış olmalarına dayanarak; [1] a) Bu kurum, kuruluş ve ortaklıklara ait kadro veya pozisyonlara atanmaya, b) Bu kurum, kuruluş ve ortaklıklara ait işyerlerinin kadro veya pozisyonlarında çalışanlar için toplu iş sözleşmesi, personel kanunları veya ilgili diğer mevzuat hükümlerine göre belirlenen her türlü malî haklar ile sosyal yardımlardan yararlanmaya, hak kazanamazlar. (Ek fıkra: 1/7/2006-5538/18 md.) Sekizinci fıkrada belirtilen işyerlerinde yükleniciler dışında kalan işverenler tarafından çalıştırılanlar ile bu işyerlerinin tâbi oldukları ihale mevzuatı çerçevesinde kendi nam ve hesabına sözleşme yaparak üstlendiği ihale konusu işte doğrudan kendileri çalışanlar da aynı hüküml",1_5_4857_MADDE_4,1_5_4857_MADDE_2; 1_5_4857_MADDE_4; 1_5_6098_MADDE_461; 1_5_6331_MADDE_3; 1_5_5510_MADDE_12; 1_5_2828_MADDE_3; 1_5_4857_MADDE_30; 1_5_6331_MADDE_2; 1_5_4857_MADDE_110; 1_5_5510_MADDE_6,İŞ KANUNU m.2 | İŞ KANUNU m.4 | TÜRK BORÇLAR KANUNU m.461 | İŞ SAĞLIĞI VE GÜVENLİĞİ KANUNU m.3 | SOSYAL SİGORTALAR VE GENEL SAĞLIK SİGORTASI KANUNU m.12 | SOSYAL HİZMETLER KANUNU m.3 | İŞ KANUNU m.30 | İŞ SAĞLIĞI VE GÜVENLİĞİ KANUNU m.2 | İŞ KANUNU m.110 | SOSYAL SİGORTALAR VE GENEL SAĞLIK SİGORTASI KANUNU m.6,0.0621761658031088,0.0518134715025906,1.0,0.0,1.0,0.0,missing_citation
Q189,İş Hukuku,medium,Fazla çalışma yaptırılamayacak işçiler veya işler bakımından nasıl bir sınırlama vardır?,Kanun ve ilgili düzenlemeler uyarınca bazı işçiler ile bazı işlerde fazla çalışma yaptırılamaz; gece çalışmalarında ve sağlık nedeniyle sınırlı durumlarda özel kurallar uygulanır.,"1. Fazla çalışma yaptırılamayacak işçiler veya işler bakımından, zorunlu sebeplerle yapılan fazla çalışmalar için 41 inci maddenin birinci, ikinci ve üçüncü fıkraları hükümleri uygulanır. Olağanüstü hallerde fazla çalışma yapılması durumunda, işçilerin hepsi veya bir kısmına fazla çalışma yaptırılamaz. Bu durumda fazla çalışma yapan işçilere uygun bir dinlenme süresi verilmesi zorunludur. Şu kadar ki, zorunlu sebeplerle yapılan fazla çalışmalar için 41 inci maddenin birinci, ikinci ve üçüncü fıkraları hükümleri uygulanır. Olağanüstü hallerde fazla çalışma yapılması durumunda, işçilerin hepsi veya bir kısmına fazla çalışma yaptırılamaz. Bu durumda fazla çalışma yapan işçilere uygun bir dinlenme süresi verilmesi zorunludur. Şu kadar ki, zorunlu sebeplerle yapılan fazla çalışmalar için 41 inci maddenin birinci, ikinci ve üçüncü fıkraları hükümleri uygulanır. Olağanüstü hallerde fazla çalışma yapılması durumunda, işçilerin hepsi veya bir kısmına fazla çalışma yaptırılamaz. Bu durumda fazla çalışma yapan işçilere uygun bir dinlenme süresi verilmesi zorunludur. Şu kadar ki, zorunlu sebeplerle yapılan fazla çalışmalar için 41 inci maddenin birinci, ikinci ve üçüncü fıkraları hükümleri uygulanır. Olağanüstü hallerde fazla çalışma yapılması durumunda, işçilerin hepsi veya bir kısmına fazla çalışma yaptırılamaz. Bu durumda fazla çalışma yapan işçilere uygun bir dinlenme süresi verilmesi zorunludur. Şu kadar ki, zorunlu sebeplerle",1_5_4857_MADDE_41,1_5_4857_MADDE_42; 1_5_4857_MADDE_41; 1_5_4857_MADDE_4; 1_5_6098_MADDE_398; 1_5_4857_MADDE_64; 1_5_4857_MADDE_71; 1_5_4857_MADDE_76; 1_5_657_MADDE_178; 1_5_4857_MADDE_29; 1_5_4857_MADDE_43,İŞ KANUNU m.42 | İŞ KANUNU m.41 | İŞ KANUNU m.4 | TÜRK BORÇLAR KANUNU m.398 | İŞ KANUNU m.64 | İŞ KANUNU m.71 | İŞ KANUNU m.76 | DEVLET MEMURLARI KANUNU m.178 | İŞ KANUNU m.29 | İŞ KANUNU m.43,0.0657276995305164,0.056338028169014,1.0,0.0,0.0,0.0,missing_citation
Q094,Medeni Hukuk,medium,Evlilik birliğinin sarsılması sebebiyle boşanmaya karar verilebilmesi için hangi temel ölçüt aranır?,Ortak hayatın sürdürülmesi eşlerden beklenemeyecek derecede evlilik birliği temelinden sarsılmış olmalıdır.,"1. Evlilik birliği, ortak hayatı sürdürmeleri kendilerinden beklenmeyecek derecede temelinden sarsılmış olursa, eşlerden her biri boşanma davası açabilir. Yukarıdaki fıkrada belirtilen hâllerde, davacının kusuru daha ağır ise, davalının açılan davaya itiraz hakkı vardır. Bununla beraber bu itiraz, hakkın kötüye kullanılması niteliğinde ise ve evlilik birliğinin devamında davalı ve çocuklar bakımından korunmaya değer bir yarar kalmamışsa boşanmaya karar verilebilir. Evlilik en az bir yıl sürmüş ise, eşlerin birlikte başvurması ya da bir eşin diğerinin davasını kabul etmesi hâlinde, evlilik birliği temelinden sarsılmış sayılır. Bu hâlde boşanma kararı verilebilmesi için, hâkimin tarafları bizzat dinleyerek iradelerinin serbestçe açıklandığına kanaat getirmesi ve boşanmanın malî sonuçları ile çocukların durumu hususunda taraflarca kabul edilecek düzenlemeyi uygun bulması şarttır. Hâkim, tarafların ve çocukların menfaatlerini göz önünde tutarak bu anlaşmada gerekli gördüğü değişiklikleri yapabilir. Bu değişikliklerin taraflarca da kabulü hâlinde boşanmaya hükmolunur. Bu hâlde tarafların ikrarlarının hâkimi bağlamayacağı hükmü uygulanmaz. Boşanma sebeplerinden herhangi biriyle açılmış bulunan davanın reddine karar verilmesi ve bu kararın kesinleştiği tarihten başlayarak üç yıl geçmesi hâlinde, her ne sebeple olursa olsun ortak hayat yeniden kurulamamışsa evlilik birliği temelden sarsılmış sayılır ve eşlerden birinin istemi üzerine boşan",1_5_4721_MADDE_166,1_5_4721_MADDE_166; 1_5_4721_MADDE_165; 1_5_4721_MADDE_170; 1_5_4721_MADDE_162; 1_5_4721_MADDE_164; 1_5_4721_MADDE_160; 1_5_4721_MADDE_163; 1_5_5718_MADDE_14; 1_5_4721_MADDE_184; 1_5_4721_MADDE_182,TÜRK MEDENİ KANUNU m.166 | TÜRK MEDENİ KANUNU m.165 | TÜRK MEDENİ KANUNU m.170 | TÜRK MEDENİ KANUNU m.162 | TÜRK MEDENİ KANUNU m.164 | TÜRK MEDENİ KANUNU m.160 | TÜRK MEDENİ KANUNU m.163 | MİLLETLERARASI ÖZEL HUKUK VE USUL HUKUKU HAKKINDA KANUN m.14 | TÜRK MEDENİ KANUNU m.184 | TÜRK MEDENİ KANUNU m.182,0.0693069306930693,0.0594059405940593,1.0,0.0,0.0,0.0,missing_citation
Q172,Ticaret Hukuku,medium,Ticari işlerde faiz bakımından genel fark nedir?,Ticari işlerde faiz istenmesi ve faiz oranları bakımından ticari hükümlere ve özel düzenlemelere göre hareket edilir; ticari temerrüt daha sıkı sonuçlar doğurabilir.,"1. Ticari işlerde faiz oranı serbestçe belirlenir. Üç aydan aşağı olmamak üzere, faizin anaparaya eklenerek birlikte tekrar faiz yürütülmesi şartı, yalnız cari hesaplarla her iki taraf bakımından da ticari iş niteliğinde olan ödünç sözleşmelerinde geçerlidir. Şu şartla ki, bu fıkra, sözleşenleri tacir olmayanlara uygulanmaz. (3) Tüketicinin korunmasına ilişkin hükümler saklıdır. (4) Bu maddenin ikinci ve üçüncü fıkralarına aykırı olarak işletilen faiz yok hükmündedir. 2. Uygulanacak hükümler

Bu kaynaklar, kesin ve kesin olmayan bilgiler içerebilir. Bu kaynaklar, kesin olmayan bilgiler içerebilir. Bu kaynaklar, kesin ve kesin olmayan bilgiler içerebilir. Bu kaynaklar, kesin ve kesin olmayan bilgiler içerebilir. Bu kaynaklar, kesin ve kesin olmayan bilgiler içerebilir. Bu kaynaklar, kesin ve kesin olmayan bilgiler içerebilir. Bu kaynaklar, kesin ve kesin olmayan bilgiler içerebilir. Bu kaynaklar, kesin ve kesin olmayan bilgiler içerebilir. Bu kaynaklar, kesin ve kesin olmayan bilgiler içerebilir. Bu kaynaklar, kesin ve kesin olmayan bilgiler içerebilir. Bu kaynaklar, kesin ve kesin olmayan bilgiler içerebilir. Bu kaynaklar, kesin ve kesin olmayan bilgiler içerebilir. Bu kaynaklar, kesin ve kesin olmayan bilgiler içerebilir. Bu kaynaklar, kesin ve kesin olmayan bilgiler içerebilir. Bu kaynaklar, kesin ve kesin olmayan bilgiler içerebilir. Bu kaynaklar, kesin ve kesin olmayan bilgiler içerebilir. Bu kaynaklar, kesin ve kesin olmayan bilgiler içerebilir. Bu kaynaklar, kesin ve kesin olmayan bilgiler iç",1_5_6102_MADDE_8,1_5_6102_MADDE_8; 1_5_6102_MADDE_9; 1_5_6102_MADDE_10; 1_5_6102_MADDE_7; 1_5_6103_MADDE_9; 1_5_6102_MADDE_95; 1_5_6098_MADDE_387; 1_5_6102_MADDE_509; 1_5_6102_MADDE_510; 1_5_3095_MADDE_1,TÜRK TİCARET KANUNU m.8 | TÜRK TİCARET KANUNU m.9 | TÜRK TİCARET KANUNU m.10 | TÜRK TİCARET KANUNU m.7 | TÜRK TİCARET KANUNUNUN YÜRÜRLÜĞÜ VE UYGULAMA ŞEKLİ HAKKINDA KANUN m.9 | TÜRK TİCARET KANUNU m.95 | TÜRK BORÇLAR KANUNU m.387 | TÜRK TİCARET KANUNU m.509 | TÜRK TİCARET KANUNU m.510 | KANUNİ FAİZ VE TEMERRÜT FAİZİNE İLİŞKİN KANUN m.1,0.0695652173913043,0.0608695652173913,1.0,0.0,0.0,0.0,missing_citation
Q177,Ticaret Hukuku,medium,Acentenin ücret hakkı hangi durumda doğar?,"Acente, aracılık ettiği veya yaptığı işlemler nedeniyle kanunda öngörülen şartlarla ücret isteyebilir.","1. Acentenin ücret hakkı, kurulan işlem yerine getirildiği anda ve ölçüde ücrete kazanır. Taraflar bu kuralı acentelik sözleşmesiyle değiştirebilir; ancak müvekkil işlemi yerine getirince, acente, izleyen ayın son günü istenebilecek uygun bir avansa hak kazanır. Her hâlde acente, üçüncü kişi kurulan işlemi yerine getirdiği anda ve ölçüde ücrete hak kazanır. (2) Üçüncü kişinin işlemi yerine getirmeyeceği kesinleşirse, acentenin ücret hakkı düşer; ödenmiş tutarlar geri verilir. (3) Aracılık edilen sözleşmeyi müvekkilin kısmen veya tamamen yahut öngörüldüğü şekliyle yerine getirmeyeceği kesinleşse bile, acente ücret isteyebilir. Müvekkile yüklenemeyen sebeplerle sözleşmenin yerine getirilemediği hâlde ve ölçüde acentenin ücret hakkı düşer. 3. Ücretin miktarı

Bu kaynaklar, verilen mevzuat bağlamına dayanmaktadır. Bağlamda cevap bulunmamaktadır.",1_5_6102_MADDE_113,1_5_6102_MADDE_114; 1_5_6102_MADDE_113; 1_5_6102_MADDE_112; 1_5_6102_MADDE_116; 1_5_6102_MADDE_115; 1_5_6102_MADDE_122; 1_5_6102_MADDE_120; 1_5_1618_MADDE_35; 1_5_6102_MADDE_119; 1_5_5684_MADDE_23,TÜRK TİCARET KANUNU m.114 | TÜRK TİCARET KANUNU m.113 | TÜRK TİCARET KANUNU m.112 | TÜRK TİCARET KANUNU m.116 | TÜRK TİCARET KANUNU m.115 | TÜRK TİCARET KANUNU m.122 | TÜRK TİCARET KANUNU m.120 | SEYAHAT ACENTALARI VE SEYAHAT ACENTALARI BİRLİĞİ KANUNU m.35 | TÜRK TİCARET KANUNU m.119 | SİGORTACILIK KANUNU m.23,0.081967213114754,0.081967213114754,1.0,0.0,0.0,0.0,missing_citation
Q087,Ceza Muhakemesi Hukuku,medium,Mahkeme hangi durumda keşif kararı verir?,"Hakim veya mahkeme, olayın aydınlatılması için suç konusu veya delil üzerinde doğrudan gözlem yapılmasına ihtiyaç duyarsa keşif yapılmasına karar verebilir.","1. Mahkeme keşif kararı verir. Keşfin yeri, kapsamı ve zamanı mahkeme tarafından tespit edilir. Keşif, taraflar hazır iseler huzurlarında, aksi takdirde yokluklarında yapılır. Keşif sırasında, yapılan tüm işlemler ve beyanları içeren bir tutanak düzenlenir. (Ek cümle:22/7/2020-7251/25 md.) Tutanağa, hâkimin keşif konusu ve mahalliyle ilgili gözlemleri de yazılır. Plan, çizim, fotoğraf gibi belgeler de tutanağa eklenir. (3) Mahkeme, bir olayın nasıl geçmiş olabileceğini tespit için temsili uygulama da yaptırabilir. Keşfe katlanma zorunluluğu

Bu kaynaklar, kesin ve yeterli bilgi sunar. Bu kaynaklara dayandırılmış cevap, kesin ve yeterli bilgi sağlar. Bu kaynaklara dayandırılmayan cevap, kesin ve yeterli bilgi değildir.",1_5_5271_MADDE_83,1_5_6100_MADDE_290; 1_5_6100_MADDE_288; 1_5_6100_MADDE_289; 1_5_5271_MADDE_83; 1_5_6100_MADDE_291; 1_5_5271_MADDE_84; 1_3_4473_MADDE_14; 1_5_6100_MADDE_400; 1_5_2886_MADDE_63; 1_5_5271_MADDE_82,"HUKUK MUHAKEMELERİ KANUNU m.290 | HUKUK MUHAKEMELERİ KANUNU m.288 | HUKUK MUHAKEMELERİ KANUNU m.289 | CEZA MUHAKEMESİ KANUNU m.83 | HUKUK MUHAKEMELERİ KANUNU m.291 | CEZA MUHAKEMESİ KANUNU m.84 | YANGIN, YERSARSINTISI, SEYLAP VEYA HEYELAN SEBEBİYLE MAHKEME VE ADLİYE DAİRELERİNDE ZİYAA UĞRAYAN DOSYALAR HAKKINDA YAPILACAK MUAMELELERE DAİR KANUN m.14 | HUKUK MUHAKEMELERİ KANUNU m.400 | DEVLET İHALE KANUNU m.63 | CEZA MUHAKEMESİ KANUNU m.82",0.0819672131147541,0.0491803278688524,1.0,0.0,0.0,0.0,missing_citation
Q055,Anayasa Hukuku,easy,TBMM tarafından kabul edilen bir kanunun Cumhurbaşkanı tarafından geri gönderilmesi usulü nasıldır?,"Cumhurbaşkanı, kanunları onbeş gün içinde yayımlar; yayımlanmasını uygun bulmadığı kanunları bir daha görüşülmek üzere aynı süre içinde gerekçesiyle TBMM'ye geri gönderir.","1. TBMM tarafından kabul edilen kanunları, Türkiye Büyük Millet Meclisine geri gönderilir. Bu geri gönderilen kanun, Türkiye Büyük Millet Meclisine geri gönderildiği tarihten itibaren en geç altı yıllık süre içinde, Türkiye Büyük Millet Meclisine geri gönderilir. (Ek cümle: 3/10/2001-4709/29 md.) Bu süre içinde, Türkiye Büyük Millet Meclisi, geri gönderilen kanunu üye tamsayısının salt çoğunluğuyla aynen kabul ederse, kanun Cumhurbaşkanınca yayımlanır; Meclis, geri gönderilen kanunda yeni bir değişiklik yaparsa, Cumhurbaşkanı değiştirilen kanunu tekrar Meclise geri gönderebilir. (Ek cümle: 43.) Anayasa değişikliklerine ilişkin hükümler saklıdır. D. Milletlerarası andlaşmaları uygun bulma

Bu kaynak, kesin ve kesin olmayan kaynaklar olarak değerlendirilir. Bu kaynak, kesin olmayan kaynaklar olarak değerlendirilir. Bu kaynak, kesin olmayan kaynaklar olarak değerlendirilir. Bu kaynak, kesin olmayan kaynaklar olarak değerlendirilir. Bu kaynak, kesin olmayan kaynaklar olarak değerlendirilir. Bu kaynak, kesin olmayan kaynaklar olarak değerlendirilir. Bu kaynak, kesin olmayan kaynaklar olarak değerlendirilir. Bu kaynak, kesin olmayan kaynaklar olarak değerlendirilir. Bu kaynak, kesin olmayan kaynaklar olarak değerlendirilir. Bu kaynak, kesin olmayan kaynaklar olarak değerlendirilir. Bu kaynak, kesin olmayan kaynaklar olarak değerlendirilir. Bu kaynak, kesin olmayan kaynaklar olarak değerlendirilir. Bu kaynak, kesin olmayan kaynaklar olarak değerlendirilir. Bu kaynak, kesin olmayan kaynaklar olarak değerlendirilir",1_5_2709_MADDE_89,1_5_2709_MADDE_89; 1_5_2709_GEÇİCİ_MADDE_9; 1_5_3067_MADDE_2; 1_5_6706_MADDE_19; 1_5_2709_MADDE_104; 1_5_3067_MADDE_8; 1_5_2709_MADDE_175; 1_5_6271_MADDE_20; 1_3_4654_MADDE_13; 1_5_3346_MADDE_16,TÜRKİYE CUMHURİYETİ ANAYASASI m.89 | TÜRKİYE CUMHURİYETİ ANAYASASI geçici m.9 | KALKINMA PLANLARININ YÜRÜRLÜĞE KONMASI VE BÜTÜNLÜĞÜNÜN KORUNMASI HAKKINDA KANUN m.2 | CEZAÎ KONULARDA ULUSLARARASI ADLÎ İŞ BİRLİĞİ KANUNU m.19 | TÜRKİYE CUMHURİYETİ ANAYASASI m.104 | KALKINMA PLANLARININ YÜRÜRLÜĞE KONMASI VE BÜTÜNLÜĞÜNÜN KORUNMASI HAKKINDA KANUN m.8 | TÜRKİYE CUMHURİYETİ ANAYASASI m.175 | CUMHURBAŞKANI SEÇİMİ KANUNU m.20 | MEMLEKET İÇİ DÜŞMANA KARŞI SİLAHLI MÜDAFAA MÜKELLEFİYETİ KANUNU m.13 | KAMU İKTİSADİ TEŞEBBÜSLERİ İLE FONLARIN TÜRKİYE BÜYÜK MİLLET MECLİSİNCE DENETLENMESİNİN DÜZENLENMESİ HAKKINDA KANUN m.16,0.0841121495327102,0.0467289719626168,1.0,0.0,0.0,0.0,missing_citation
Q041,Ticaret Hukuku,medium,Ticari işletme devri sözleşmesinin geçerlilik şartları nelerdir?,"Ticari işletmenin devri sözleşmesinin geçerliliği için yazılı yapılması ve ticaret siciline tescil ile ilan edilmesi gerekir. Devir, aksi kararlaştırılmadıkça işletmeye dâhil malvarlığı unsurlarını bir bütün olarak geçirir.","1. Ticari işletme devri sözleşmesinin geçerlilik şartları, ticari işletme devri için gerekli olan şartları içerir. bu şartlar, ticari işletme devri sözleşmesinin geçerliliğini sağlar.
2. Ticari işletme devri sözleşmesinin geçerlilik şartları, ticari işletme devri için gerekli olan şartları içerir. bu şartlar, ticari işletme devri sözleşmesinin geçerliliğini sağlar.
3. Bu madde, ticari işletme devri sözleşmesinin geçerlilik şartlarını belirler.
4. Bu kaynak, ticari işletme devri sözleşmesinin geçerlilik şartlarını sağlar.",1_5_6102_MADDE_11,1_5_6102_MADDE_11; 1_5_6102_MADDE_356; 1_5_6103_MADDE_11; 1_5_6102_MADDE_595; 1_5_6103_MADDE_28; 1_5_6102_MADDE_493; 1_5_6102_MADDE_64; 1_5_6100_MADDE_222; 1_5_6102_MADDE_1001; 1_5_6098_MADDE_237,TÜRK TİCARET KANUNU m.11 | TÜRK TİCARET KANUNU m.356 | TÜRK TİCARET KANUNUNUN YÜRÜRLÜĞÜ VE UYGULAMA ŞEKLİ HAKKINDA KANUN m.11 | TÜRK TİCARET KANUNU m.595 | TÜRK TİCARET KANUNUNUN YÜRÜRLÜĞÜ VE UYGULAMA ŞEKLİ HAKKINDA KANUN m.28 | TÜRK TİCARET KANUNU m.493 | TÜRK TİCARET KANUNU m.64 | HUKUK MUHAKEMELERİ KANUNU m.222 | TÜRK TİCARET KANUNU m.1001 | TÜRK BORÇLAR KANUNU m.237,0.0851063829787234,0.0851063829787234,1.0,0.0,0.0,0.0,missing_citation
Q163,Medeni Hukuk,easy,Erginlik hangi hâllerde kazanılır?,Erginlik on sekiz yaşın doldurulmasıyla başlar; evlenme de kişiyi ergin kılar.,"1. Erginlik, onbeş yaşını dolduran küçük, kendi isteği ve velisinin rızasıyla mahkemece ergin kılınabilir. d. Ayırt etme gücü

2. Bu madde, erginlik şartlarını belirler.

3. Bağlam: [1] [2] [3] [4] [5] [6] [7] [8] [9] [10]",1_5_4721_MADDE_11,1_5_4721_MADDE_12; 1_5_4721_MADDE_11; 1_5_4721_MADDE_28; 1_5_4721_MADDE_10; 1_5_4721_MADDE_470; 1_5_6098_MADDE_78; 1_5_4721_MADDE_705; 1_5_4721_MADDE_313; 1_5_2709_MADDE_58; 1_5_4721_MADDE_47,TÜRK MEDENİ KANUNU m.12 | TÜRK MEDENİ KANUNU m.11 | TÜRK MEDENİ KANUNU m.28 | TÜRK MEDENİ KANUNU m.10 | TÜRK MEDENİ KANUNU m.470 | TÜRK BORÇLAR KANUNU m.78 | TÜRK MEDENİ KANUNU m.705 | TÜRK MEDENİ KANUNU m.313 | TÜRKİYE CUMHURİYETİ ANAYASASI m.58 | TÜRK MEDENİ KANUNU m.47,0.0851063829787234,0.0851063829787234,1.0,0.0,0.0,0.0,missing_citation
Q101,Ticaret Hukuku,medium,Tacir olmanın temel sonuçlarından biri olan basiretli iş adamı gibi davranma yükümlülüğü neyi ifade eder?,"Tacir, ticari faaliyetlerinde sıradan bir kişiden daha yüksek özen göstermeli ve öngörülebilir ticari riskleri dikkate almalıdır.","1. Tacir olmanın temel sonuçlarından biri olan basiretli iş adamı gibi davranma yükümlülüğü, tacir, her türlü borcu için iflasa tabidir; ayrıca kanuna uygun bir ticaret unvanı seçmek, ticari işletmesini ticaret siciline tescil ettirmek ve bu Kanun hükümleri uyarınca gerekli ticari defterleri tutmakla da yükümlüdür. (2) Her tacirin, ticaretine ait bütün faaliyetlerinde basiretli bir iş adamı gibi hareket etmesi gerekir. (3) Tacirler arasında, diğer tarafı temerrüde düşürmeye, sözleşmeyi feshe, sözleşmeden dönmeye ilişkin ihbarlar veya ihtarlar noter aracılığıyla, taahhütlü mektupla, telgrafla veya güvenli elektronik imza kullanılarak kayıtlı elektronik posta sistemi ile yapılır. (4) Tacir sıfatına bağlı olan diğer hükümler saklıdır. II - Özel olarak 1. Ticari iş karinesi

Bu kaynaklar, verilen mevzuat bağlamına göre cevap vermenizi sağlar. Bağlamda cevap yoksa bunu açıkça söyleyin.",1_5_6102_MADDE_18,1_5_6102_MADDE_18; 1_5_6102_MADDE_13; 1_5_6102_MADDE_321; 1_5_6102_MADDE_11; 1_5_6102_MADDE_286; 1_5_6098_MADDE_417; 1_5_6102_MADDE_7; 1_5_6102_MADDE_19; 1_5_6102_MADDE_12; 1_5_6102_MADDE_14,TÜRK TİCARET KANUNU m.18 | TÜRK TİCARET KANUNU m.13 | TÜRK TİCARET KANUNU m.321 | TÜRK TİCARET KANUNU m.11 | TÜRK TİCARET KANUNU m.286 | TÜRK BORÇLAR KANUNU m.417 | TÜRK TİCARET KANUNU m.7 | TÜRK TİCARET KANUNU m.19 | TÜRK TİCARET KANUNU m.12 | TÜRK TİCARET KANUNU m.14,0.088235294117647,0.0735294117647058,1.0,0.0,0.0,0.0,missing_citation
Q075,Ceza Hukuku,easy,Kısa süreli hapis cezası hangi yaptırımlara çevrilebilir?,Kısa süreli hapis cezası adli para cezasına veya kanunda sayılan seçenek yaptırımlardan birine çevrilebilir.,"1. Kısa süreli hapis cezası, suçlunun kişiliğine, sosyal ve ekonomik durumuna, yargılama sürecinde duyduğu pişmanlığa ve suçun işlenmesindeki özelliklere göre; a) Adlî para cezasına, b) Mağdurun veya kamunun uğradığı zararın aynen iade, suçtan önceki hale getirme veya tazmin suretiyle, tamamen giderilmesine, c) En az iki yıl süreyle, bir meslek veya sanat edinmeyi sağlamak amacıyla, gerektiğinde barınma imkanı da bulunan bir eğitim kurumuna devam etmeye, d) Mahkûm olunan cezanın yarısından bir katına kadar süreyle, belirli yerlere gitmekten veya belirli etkinlikleri yapmaktan yasaklanmaya, e) Sağladığı hak ve yetkiler kötüye kullanılmak suretiyle veya gerektirdiği dikkat ve özen yükümlülüğüne aykırı davranılarak suç işlenmiş olması durumunda; mahkûm olunan cezanın yarısından bir katına kadar süreyle, ilgili ehliyet ve ruhsat belgelerinin geri alınmasına, belli bir meslek ve sanatı yapmaktan yasaklanmaya, f) Mahkûm olunan cezanın yarısından bir katına kadar süreyle ve gönüllü olmak koşuluyla kamuya yararlı bir işte çalıştırılmaya, çevrilebilir. (2) Suç tanımında hapis cezası ile adlî para cezasının seçenek olarak öngörüldüğü hallerde, hapis cezasına hükmedilmişse; bu ceza artık adlî para cezasına çevrilmez. (3) Daha önce hapis cezasına mahkûm",1_5_5237_MADDE_50,1_3_1632_MADDE_8; 1_5_5237_MADDE_50; 1_5_5237_MADDE_45; 1_5_5252_MADDE_6; 1_5_5237_MADDE_62; 1_5_5252_MADDE_7; 1_5_5275_MADDE_109; 1_5_5237_MADDE_49; 1_3_1632_MADDE_23; 1_5_5015_MADDE_20,ASKERİ CEZA KANUNU m.8 | TÜRK CEZA KANUNU m.50 | TÜRK CEZA KANUNU m.45 | TÜRK CEZA KANUNUNUN YÜRÜRLÜK VE UYGULAMA ŞEKLİ HAKKINDA KANUN m.6 | TÜRK CEZA KANUNU m.62 | TÜRK CEZA KANUNUNUN YÜRÜRLÜK VE UYGULAMA ŞEKLİ HAKKINDA KANUN m.7 | CEZA VE GÜVENLİK TEDBİRLERİNİN İNFAZI HAKKINDA KANUN m.109 | TÜRK CEZA KANUNU m.49 | ASKERİ CEZA KANUNU m.23 | PETROL PİYASASI KANUNU m.20,0.0952380952380952,0.0846560846560846,1.0,0.0,0.0,0.0,missing_citation
Q148,Ceza Hukuku,medium,Müsadere hangi durumda uygulanabilir?,"Kasıtlı bir suçun işlenmesinde kullanılan, suçun işlenmesine tahsis edilen veya suçtan meydana gelen eşya ile kazançlar kanundaki şartlarla müsadere edilebilir.","1. Müsadere kararı verilmesi gereken hâllerde, kamu davası açılmamış veya kamu davası açılmış olup da esasla beraber bir karar verilmemişse; karar verilmesi için, Cumhuriyet savcısı veya katılan, davayı görmeye yetkili mahkemeye başvurabilir. (2) Kamu davası açılmış olup da iade edilmesi gereken eşya veya malvarlığı değerleri ile ilgili olarak esasla birlikte bir karar verilmemiş olması durumunda, mahkemece re'sen veya ilgililerin istemi üzerine bunların iadesine karar verilir. Duruşma ve karar

Bu kaynaklar, verilen mevzuat bağlamına dayanarak cevap vermenizi sağlar. Bağlamda cevap yoksa bunu açıkça söyleyin.",1_5_5237_MADDE_54,1_5_5271_MADDE_256; 1_5_1481_MADDE_2; 1_3_3894_MADDE_39; 1_3_3894_MADDE_35; 1_3_3894_MADDE_53; 1_3_3894_MADDE_36; 1_5_5237_MADDE_54; 1_5_5271_MADDE_255; 1_5_5237_MADDE_55; 1_3_3894_MADDE_15,CEZA MUHAKEMESİ KANUNU m.256 | ASAYİŞE MÜESSİR BAZI FİİLLERİN ÖNLENMESİ HAKKINDA KANUN m.2 | DENİZDE ZABT VE MÜSADERE KANUNU m.39 | DENİZDE ZABT VE MÜSADERE KANUNU m.35 | DENİZDE ZABT VE MÜSADERE KANUNU m.53 | DENİZDE ZABT VE MÜSADERE KANUNU m.36 | TÜRK CEZA KANUNU m.54 | CEZA MUHAKEMESİ KANUNU m.255 | TÜRK CEZA KANUNU m.55 | DENİZDE ZABT VE MÜSADERE KANUNU m.15,0.0952380952380952,0.0761904761904762,1.0,0.0,0.0,0.0,missing_citation
Q145,Ceza Hukuku,medium,Yaş küçüklüğü ceza sorumluluğunu nasıl etkiler?,"Ceza sorumluluğu bakımından yaş küçüklüğü, failin yaş grubuna göre ceza verilmemesi, indirim yapılması veya algılama ve yönlendirme yeteneğinin ayrıca değerlendirilmesi sonucunu doğurur.","1. Yaş küçüklüğü ceza sorumluluğunu etkiler. Bu kişiler hakkında ceza kovuşturması yapılamaz; ancak, çocuklara özgü güvenlik tedbirleri uygulanabilir.
2. Bağlamda verilen mevzuat, yaş küçüklüğü ceza sorumluluğunu etkiler. Bu kişiler hakkında ceza kovuşturması yapılamaz; ancak, çocuklara özgü güvenlik tedbirleri uygulanabilir. İşlediği fiilin hukukî anlam ve sonuçlarını algılama ve bu fiille ilgili olarak davranışlarını yönlendirme yeteneğinin varlığı hâlinde, bu kişiler hakkında suç, ağırlaştırılmış müebbet hapis cezasını gerektirdiği takdirde oniki yıldan onbeş yıla; müebbet hapis cezasını gerektirdiği takdirde dokuz yıldan onbir yıla kadar hapis cezasına hükmolunur. Diğer cezaların yarısı indirilir ve bu hâlde her fiil için verilecek hapis cezası yedi yıldan fazla olamaz. (3) (Değişik: 29/6/2005 – 5377/5 md.) Fiili işlediği sırada onbeş yaşını doldurmuş olup da onsekiz yaşını doldurmamış olan kişiler hakkında suç, ağırlaştırılmış müebbet hapis cezasını gerektirdiği takdirde onsekiz yıldan yirmidört yıla; müebbet hapis cezasını gerektirdiği takdirde oniki yıldan onbeş yıla kadar hapis cezasına hükmolunur. Diğer cezaların üçte biri indirilir ve bu hâlde her fiil için verilecek hapis cezas",1_5_5237_MADDE_31,1_5_5237_MADDE_31; 1_5_5237_MADDE_33; 1_5_5326_MADDE_11; 1_5_5237_MADDE_30; 1_5_5237_MADDE_98; 1_5_5395_MADDE_19; 1_5_5237_MADDE_104; 1_5_5395_MADDE_21; 1_5_5275_MADDE_46; 1_5_5237_MADDE_234,TÜRK CEZA KANUNU m.31 | TÜRK CEZA KANUNU m.33 | KABAHATLER KANUNU m.11 | TÜRK CEZA KANUNU m.30 | TÜRK CEZA KANUNU m.98 | ÇOCUK KORUMA KANUNU m.19 | TÜRK CEZA KANUNU m.104 | ÇOCUK KORUMA KANUNU m.21 | CEZA VE GÜVENLİK TEDBİRLERİNİN İNFAZI HAKKINDA KANUN m.46 | TÜRK CEZA KANUNU m.234,0.0967741935483871,0.086021505376344,1.0,0.0,0.0,0.0,missing_citation
Q134,Borçlar Hukuku,easy,Borcun imkânsızlaşması neyi ifade eder?,Borçlunun sorumlu tutulamayacağı sebeplerle borcun ifasının imkânsız hâle gelmesi durumunda borç sona erer.,"1. Borcun ifası borçlunun sorumlu tutulamayacağı sebeplerle imkânsızlaşırsa, borç sona erer. Karşılıklı borç yükleyen sözleşmelerde imkânsızlık sebebiyle borçtan kurtulan borçlu, karşı taraftan almış olduğu edimi sebepsiz zenginleşme hükümleri uyarınca geri vermekle yükümlü olup, henüz kendisine ifa edilmemiş olan edimi isteme hakkını kaybeder. Kanun veya sözleşmeyle borcun ifasından önce doğan hasarın alacaklıya yükletilmiş olduğu durumlar, bu hükmün dışındadır. Borçlu ifanın imkânsızlaştığını alacaklıya gecikmeksizin bildirmez ve zararın artmaması için gerekli önlemleri almazsa, bundan doğan zararları gidermekle yükümlüdür. II. Kısmi ifa imkânsızlığı

Bu kaynaklar, kesin ve kesin olmayan kaynaklardır. Bu kaynaklar, kesin olmayan kaynaklar olarak değerlendirilmelidir. Bu kaynaklar, kesin olmayan kaynaklar olarak değerlendirildiğinde, kesin olmayan kaynakların değerlendirilmesi gerekir. Bu kaynaklar, kesin olmayan kaynaklar olarak değerlendirildiğinde, kesin olmayan kaynakların değerlendirilmesi gerekir. Bu kaynaklar, kesin olmayan kaynaklar olarak değerlendirildiğinde, kesin olmayan kaynakların değerlendirilmesi gerekir. Bu kaynaklar, kesin olmayan kaynaklar olarak değerlendirildiğinde, kesin olmayan kaynakların değerlendirilmesi gerekir. Bu kaynaklar, kesin olmayan kaynaklar olarak değerlendirildiğinde, kesin olmayan kaynakların değerlendirilmesi gerekir. Bu kaynaklar, kesin olmayan kaynaklar olarak değerlendirildiğinde, kesin olmayan kaynakların değerlendirilmesi",1_5_6098_MADDE_136,1_5_6098_MADDE_136; 1_5_6098_MADDE_137; 1_5_6098_MADDE_135; 1_5_6098_MADDE_485; 1_5_6098_MADDE_165; 1_5_6098_MADDE_115; 1_5_6098_MADDE_98; 1_3_2004_MADDE_82; 1_5_6098_MADDE_82; 1_5_6098_MADDE_442,TÜRK BORÇLAR KANUNU m.136 | TÜRK BORÇLAR KANUNU m.137 | TÜRK BORÇLAR KANUNU m.135 | TÜRK BORÇLAR KANUNU m.485 | TÜRK BORÇLAR KANUNU m.165 | TÜRK BORÇLAR KANUNU m.115 | TÜRK BORÇLAR KANUNU m.98 | İCRA VE İFLAS KANUNU m.82 | TÜRK BORÇLAR KANUNU m.82 | TÜRK BORÇLAR KANUNU m.442,0.0983606557377049,0.087431693989071,1.0,0.0,0.0,0.0,missing_citation
Q098,Medeni Hukuk,hard,Elbirliği mülkiyetinin paylı mülkiyete dönüştürülmesi hangi durumda istenebilir?,"Kanunda veya sözleşmede elbirliği mülkiyetinin devamı zorunlu değilse, ortaklardan her biri paylı mülkiyete çevrilmesini isteyebilir.","1. Elbirliği mülkiyetinin paylı mülkiyete dönüştürülmesi, mirasçıların terekeye dahil malların tamamı veya bir kısmı üzerindeki elbirliği mülkiyetinin paylı mülkiyete dönüştürülmesi isteminde bulunması durumunda sulh hâkimi, diğer mirasçılara çağrıda bulunarak belirleyeceği süre içinde varsa itirazlarını bildirmeye davet eder. Elbirliği mülkiyetinin devamını haklı kılacak bir itiraz ileri sürülmediği veya mirasçılardan biri belirlenen süre içinde paylaşma davası açmadığı takdirde, istem konusu mal üzerindeki elbirliği mülkiyetinin paylı mülkiyete dönüştürülmesine karar verilir. Terekeye dahil diğer hakların ve alacakların paylar oranında bölünmesi hususunda da yukarıdaki hükümler uygulanır. E. Birlikte yaşayanların hakkı

Bu kaynaklar, kesin ve kesin olmayan bilgiler içerebilir. Bu kaynaklara dayandırılmış cevaplar, kesin değildir.",1_5_4721_MADDE_644,1_5_4721_MADDE_644; 1_5_4721_MADDE_703; 1_5_4721_MADDE_701; 1_5_4721_MADDE_700; 1_5_4721_MADDE_698; 1_5_4721_MADDE_643; 1_5_4721_MADDE_857; 1_5_4721_MADDE_688; 1_5_4721_MADDE_776; 1_5_4721_MADDE_376,TÜRK MEDENİ KANUNU m.644 | TÜRK MEDENİ KANUNU m.703 | TÜRK MEDENİ KANUNU m.701 | TÜRK MEDENİ KANUNU m.700 | TÜRK MEDENİ KANUNU m.698 | TÜRK MEDENİ KANUNU m.643 | TÜRK MEDENİ KANUNU m.857 | TÜRK MEDENİ KANUNU m.688 | TÜRK MEDENİ KANUNU m.776 | TÜRK MEDENİ KANUNU m.376,0.1043478260869565,0.1043478260869565,1.0,0.0,0.0,0.0,missing_citation
Q120,İş Hukuku,medium,İşe iade davası sonucunda mahkeme feshin geçersizliğine karar verirse işçi ne yapmalıdır?,"İşçi, kesinleşen mahkeme kararının tebliğinden itibaren on işgünü içinde işe başlamak için işverene başvurmalıdır.","1. İşçi, feshin geçersizliğine karar verildiğinde, işverene bir ay içinde işe iade talebiyle İş Mahkemeleri Kanunu hükümleri uyarınca arabulucuya başvurmak zorundadır. Arabuluculuk faaliyeti sonunda anlaşmaya varılamaması hâlinde, son tutanağın düzenlendiği tarihten itibaren, iki hafta içinde iş mahkemesinde dava açılabilir. Taraflar anlaşırlarsa uyuşmazlık aynı sürede iş mahkemesi yerine özel hakeme de götürülebilir. Arabulucuya başvurmaksızın doğrudan dava açılması sebebiyle davanın usulden reddi hâlinde ret kararı taraflara resen tebliğ edilir. Kesinleşen ret kararının da resen tebliğinden itibaren iki hafta içinde arabulucuya başvurulabilir. Feshin geçerli bir sebebe dayandığını ispat yükümlülüğü işverene aittir. İşçi, feshin başka bir sebebe dayandığını iddia ettiği takdirde, bu iddiasını ispatla yükümlüdür. (Değişik üçüncü fıkra: 12/10/2017-7036/11 md.) Dava ivedilikle sonuçlandırılır. Mahkemece verilen karar hakkında istinaf yoluna başvurulması hâlinde, bölge adliye mahkemesi ivedilikle ve kesin olarak karar verir. (İptal dördüncü fıkra: Anayasa Mahkemesinin 19/10/2005 tarihli ve E.:2003/66, K.:2005/72 sayılı Kararı ile.)",1_5_4857_MADDE_21,1_5_4857_MADDE_20; 1_5_4857_MADDE_21; 1_5_4857_MADDE_25; 1_5_4857_MADDE_19; 1_5_4857_MADDE_18; 1_5_854_MADDE_23; 1_5_4857_MADDE_17; 1_5_4857_MADDE_23; 1_5_4857_MADDE_31; 1_5_4857_GEÇİCİ_MADDE_10,İŞ KANUNU m.20 | İŞ KANUNU m.21 | İŞ KANUNU m.25 | İŞ KANUNU m.19 | İŞ KANUNU m.18 | DENİZ İŞ KANUNU m.23 | İŞ KANUNU m.17 | İŞ KANUNU m.23 | İŞ KANUNU m.31 | İŞ KANUNU geçici m.10,0.1052631578947368,0.0935672514619883,1.0,0.0,0.0,0.0,missing_citation
Q022,Ceza Hukuku,medium,"Suçun ""manevi unsuru"" bakımından ""doğrudan kast"" ile ""olası kast"" ayrımını yapınız.","Doğrudan kastta fail, suçun kanuni unsurlarını bilerek ve isteyerek gerçekleştirir. Olası kastta ise fail, fiilin suç sonucunu doğurabileceğini öngörür ve buna rağmen fiili işlemeyi göze alır.","1. Suçun ""manevi unsuru"" bakımından ""doğrudan kast"" ile ""olası kast"" ayrımını yaparsak, doğrudan kast, suçun kanuni tanımındaki unsurların bilerek ve istenerek gerçekleştirilmesidir. olası kast ise, suçun kanuni tanımındaki unsurların gerçekleşebileceğini öngörmesine rağmen, fiili işlemesi halinde olur. Bu halde, ağırlaştırılmış müebbet hapis cezasını gerektiren suçlarda müebbet hapis cezasına, müebbet hapis cezasını gerektiren suçlarda yirmi yıldan yirmibeş yıla kadar hapis cezasına hükmolunur; diğer suçlarda ise temel ceza üçte birden yarısına kadar indirilir. Bu durum, suçun kanuni tanımındaki unsurların bilerek ve istenerek gerçekleştirilmesi durumunda doğrudan kast olduğu anlamına gelir. bu halde, ağırlaştırılmış müebbet hapis cezasını gerektiren suçlarda müebbet hapis cezasına, müebbet hapis cezasını gerektiren suçlarda yirmi yıldan yirmibeş yıla kadar hapis cezasına hükmolunur; diğer suçlarda ise temel ceza üçte birden yarısına kadar indirilir. Bu durum, suçun kanuni tanımındaki unsurların bilerek ve istenerek gerçekleştirilmesi durumunda doğrudan kast olduğu anlamına gelir. bu halde, ağırlaştırılmış müebbet hapis cezasını gerektiren suçlarda müebbet hapis cezasına, müebbet hapis cezasını gerektiren suçlarda yirmi yıldan yirmibeş yıla kadar hapis cezasına hükmolunur; diğer",1_5_5237_MADDE_21,1_5_5237_MADDE_21; 1_5_5237_MADDE_44; 1_5_5237_MADDE_40; 1_5_5237_MADDE_46; 1_5_5271_MADDE_8; 1_5_5237_MADDE_77; 1_5_5237_MADDE_45; 1_5_5237_MADDE_108; 1_5_5237_MADDE_43; 1_5_5237_MADDE_81,TÜRK CEZA KANUNU m.21 | TÜRK CEZA KANUNU m.44 | TÜRK CEZA KANUNU m.40 | TÜRK CEZA KANUNU m.46 | CEZA MUHAKEMESİ KANUNU m.8 | TÜRK CEZA KANUNU m.77 | TÜRK CEZA KANUNU m.45 | TÜRK CEZA KANUNU m.108 | TÜRK CEZA KANUNU m.43 | TÜRK CEZA KANUNU m.81,0.106951871657754,0.0962566844919786,1.0,0.0,0.0,0.0,missing_citation
Q142,Ceza Hukuku,medium,Taksir ile bilinçli taksir arasındaki fark nedir?,Taksirde fail neticeyi öngörmez; bilinçli taksirde ise neticeyi öngördüğü hâlde istemez ve yine de fiili işler.,"1. Taksirle bilinçli taksir, dikkat ve özen yükümlülüğüne aykırılık dolayısıyla, bir davranışın suçun kanuni tanımında belirtilen neticesi öngörülerek gerçekleştirilmesidir. Bu halde taksirli suça ilişkin ceza üçte birden yarısına kadar artırılır.
2. Bu açıklama şu kaynak bilgilerine dayandırılmalıdır: TÜRK CEZA KANUNU m.22.
3. Bağlantı: TÜRK CEZA KANUNU m.22.
4. Not / sınırlılık: Bu açıklama, sadece verilen mevzuat bağlamına dayanmaktadır. Uydurma kanun, madde, karar veya kaynak üretmekle yükümlüdür.",1_5_5237_MADDE_22,1_5_5237_MADDE_22; 1_5_5237_MADDE_89; 1_5_6502_MADDE_19; 1_5_5737_MADDE_19; 1_5_6502_MADDE_17; 1_5_6098_MADDE_253; 1_5_6098_MADDE_263; 1_4_213_MADDE_69; 1_5_6098_MADDE_255; 1_3_5846_MADDE_64,TÜRK CEZA KANUNU m.22 | TÜRK CEZA KANUNU m.89 | TÜKETİCİNİN KORUNMASI HAKKINDA KANUN m.19 | VAKIFLAR KANUNU m.19 | TÜKETİCİNİN KORUNMASI HAKKINDA KANUN m.17 | TÜRK BORÇLAR KANUNU m.253 | TÜRK BORÇLAR KANUNU m.263 | VERGİ USUL KANUNU m.69 | TÜRK BORÇLAR KANUNU m.255 | FİKİR VE SANAT ESERLERİ KANUNU m.64,0.0476190476190476,0.0476190476190476,1.0,1.0,1.0,1.0,low_answer_overlap
Q158,Ceza Muhakemesi Hukuku,medium,Sanığın hazır bulunmadığı durumda duruşmaya devam edilebilmesi hangi koşullara bağlıdır?,Sanığın sorgusu yapılmışsa ve mahkemece hazır bulunması zorunlu görülmüyorsa belirli koşullarda yokluğunda duruşmaya devam edilebilir.,"1. Sanığın hazır bulunmaması durumunda duruşma, mahkeme tebliği tarihinden itibaren bir hafta içinde, sürenin geçmesinden doğan sonuçları gidermek için sanık, kanunî nedenlere dayanarak, mahkemenin o karar ve işlemleri hakkında eski hâle getirme isteminde bulunabilir. (2) Ancak, sanık kendi istemi üzerine duruşmadan bağışık tutulmuş veya müdafii aracılığıyla temsil edilmek yetkisini kullanmış olursa artık eski hâle getirme isteminde bulunamaz. Sanığın zorla getirilebilmesi

2. Bu açıklama, mevzuat bağlamına dayanmaktadır.

3. Bağlam: CEZA MUHAKEMESİ KANUNU m.197, m.194, m.188, m.204, m.195, m.193, m.191, m.198, m.430 kaynaklardır.

4. Not / sınırlılık: Bu açıklama, sadece verilen mevzuat bağlamına dayanmaktadır. Bu kaynaklar, kesin ve kesin olmayan bilgiler içerebilir.",1_5_5271_MADDE_193,1_5_5271_MADDE_197; 1_5_5271_MADDE_194; 1_5_5271_MADDE_188; 1_5_5271_MADDE_204; 1_5_5271_MADDE_195; 1_5_5271_MADDE_193; 1_5_5271_MADDE_191; 1_5_5271_MADDE_198; 1_5_6100_MADDE_147; 1_5_6100_MADDE_430,CEZA MUHAKEMESİ KANUNU m.197 | CEZA MUHAKEMESİ KANUNU m.194 | CEZA MUHAKEMESİ KANUNU m.188 | CEZA MUHAKEMESİ KANUNU m.204 | CEZA MUHAKEMESİ KANUNU m.195 | CEZA MUHAKEMESİ KANUNU m.193 | CEZA MUHAKEMESİ KANUNU m.191 | CEZA MUHAKEMESİ KANUNU m.198 | HUKUK MUHAKEMELERİ KANUNU m.147 | HUKUK MUHAKEMELERİ KANUNU m.430,0.048,0.032,1.0,1.0,1.0,1.0,low_answer_overlap
Q146,Ceza Hukuku,easy,İştirak hâlinde azmettirme neyi ifade eder?,"Azmettirme, belli bir suçu işleme kararı bulunmayan kişide suç işleme kararını oluşturmaktır.","1. İştirak hâlinde azmettirme, bir kişi, işlenen suçun cezası ile cezalandırılır. bu, suça azmettirme halinde, azmettirenin cezası üçte birden yarısına kadar artırılır. (madde 38)
2. Bu madde, azmettirenin cezası ile cezalandırılmasını ve azmettirenin cezasının üçte birden yarısına kadar artırılmasını belirler. (madde 38)
3. Bağlam: TÜRK CEZA KANUNU m.38
4. Not: Bu açıklama şu kaynak bilgilerine dayandırılmıştır. kaynak, kesin ve bağlamı tam olarak kapsar.",1_5_5237_MADDE_38,1_5_5237_MADDE_38; 1_5_6701_MADDE_2; 1_4_213_MADDE_328; 1_5_4046_MADDE_2; 1_5_4721_MADDE_995; 1_4_213_MADDE_329; 1_5_5237_MADDE_84; 1_5_4721_MADDE_977; 1_4_213_MADDE_288; 1_5_5237_MADDE_37,TÜRK CEZA KANUNU m.38 | TÜRKİYE İNSAN HAKLARI VE EŞİTLİK KURUMU KANUNU m.2 | VERGİ USUL KANUNU m.328 | ÖZELLEŞTİRME UYGULAMALARI HAKKINDA KANUN m.2 | TÜRK MEDENİ KANUNU m.995 | VERGİ USUL KANUNU m.329 | TÜRK CEZA KANUNU m.84 | TÜRK MEDENİ KANUNU m.977 | VERGİ USUL KANUNU m.288 | TÜRK CEZA KANUNU m.37,0.0512820512820512,0.0512820512820512,1.0,1.0,1.0,1.0,low_answer_overlap
Q040,Ticaret Hukuku,medium,Tacir olmanın temel sonuçları (hükümleri) nelerdir?,"Tacir; her türlü borcu için iflasa tabi olur, ticaret unvanı seçip kullanmak, ticari işletmesini tescil ettirmek ve gerekli ticari defterleri tutmakla yükümlüdür. Ayrıca tüm ticari faaliyetlerinde basiretli bir iş adamı gibi davranmak zorundadır.","1. Tacir olmanın temel sonuçları (hükümleri) arasında, iflasa sebebiyet veren kişi, iflasa karar verilmiş olması halinde, iki aydan bir yıla kadar hapis cezası ile cezalandırılması yer alır. Karşılıksız yararlanma da bu sonuçlar arasında yer alır.
2. Bu kaynak, kesin ve tekil kaynak değildir. Bu kaynak, ilgili mevzuat bağlamına dayandırılmalıdır.
3. Bağlantılı kaynak: TÜRK CEZA KANUNU m.162, TÜRK TİCARET KANUNU m.18, TÜRK TİCARET KANUNU m.17, TÜRK TİCARET KANUNU m.22, TÜRK CEZA KANUNU m.80, TESEÜLÜN MENİNE DAİR NİZAMNAME m.9, TÜRK TİCARET KANUNU m.11.
4. Bu kaynak, kesin ve tekil kaynak değildir. Bu kaynak, ilgili mevzuat bağlamına dayandırılmalıdır.",1_5_6102_MADDE_18,1_5_5237_MADDE_162; 1_5_6102_MADDE_18; 1_5_6102_MADDE_17; 1_5_6102_MADDE_68; 1_5_6102_MADDE_11; 1_5_5237_MADDE_80; 1_5_6102_MADDE_22; 1_5_5237_MADDE_22; 0_1_21_MADDE_9; 1_5_6102_MADDE_13,TÜRK CEZA KANUNU m.162 | TÜRK TİCARET KANUNU m.18 | TÜRK TİCARET KANUNU m.17 | TÜRK TİCARET KANUNU m.68 | TÜRK TİCARET KANUNU m.11 | TÜRK CEZA KANUNU m.80 | TÜRK TİCARET KANUNU m.22 | TÜRK CEZA KANUNU m.22 | TESEÜLÜN MENİNE DAİR NİZAMNAME m.9 | TÜRK TİCARET KANUNU m.13,0.056338028169014,0.0422535211267605,1.0,1.0,1.0,1.0,low_answer_overlap
Q063,Borçlar Hukuku,medium,Borçlunun temerrüde düşmesi için ihtar hangi durumda aranır?,"Borcun muaccel olması gerekir; ifa zamanı taraflarca belirlenmemişse veya belirlenebilir değilse, borçlu alacaklının ihtarıyla temerrüde düşer.","1. Borçlunun temerrüde düşmesi için ihtar, alacaklıların ihtarıyla temerrüde düşmesi şartı ile birlikte belirlenmiş veya sözleşmede saklı tutulan bir hakka dayanarak taraflardan biri usulüne uygun bir bildirimde bulunmak suretiyle belirlemişse, bu günün geçmesiyle; haksız fiilde fiilin işlendiği, sebepsiz zenginleşmede ise zenginleşmenin gerçekleştiği tarihte borçlu temerrüde düşmüş olur. Ancak sebepsiz zenginleşenin iyiniyetli olduğu hâllerde temerrüt için bildirim şarttır. II. Hükümleri 1. Genel olarak a. Gecikme tazminatı

Bu kaynaklar, kesin ve yeterli bilgiler sunar. Bu kaynaklara dayandırılmış cevap, kesin ve yeterli bilgiler içermelidir.

Kaynak: TÜRK BORÇLAR KANUNU m.117",1_5_6098_MADDE_117,1_5_6098_MADDE_117; 1_5_6098_MADDE_125; 1_3_2004_MADDE_177; 1_5_6098_MADDE_123; 1_3_2004_MADDE_318; 1_5_6502_MADDE_19; 1_3_2004_MADDE_36; 1_3_2004_MADDE_68; 1_3_2004_MADDE_72; 1_3_2004_MADDE_89,TÜRK BORÇLAR KANUNU m.117 | TÜRK BORÇLAR KANUNU m.125 | İCRA VE İFLAS KANUNU m.177 | TÜRK BORÇLAR KANUNU m.123 | İCRA VE İFLAS KANUNU m.318 | TÜKETİCİNİN KORUNMASI HAKKINDA KANUN m.19 | İCRA VE İFLAS KANUNU m.36 | İCRA VE İFLAS KANUNU m.68 | İCRA VE İFLAS KANUNU m.72 | İCRA VE İFLAS KANUNU m.89,0.0769230769230769,0.0576923076923076,1.0,1.0,1.0,1.0,low_answer_overlap
Q024,Ceza Hukuku,easy,Soruşturulması şikayete bağlı suçlarda şikayet süresi ne zamandan itibaren başlar?,"Soruşturulması ve kovuşturulması şikâyete bağlı suçlarda şikâyet süresi, mağdurun veya suçtan zarar görenin fiili ve faili öğrendiği günden itibaren altı aydır.","1. Soruşturulması şikayete bağlı suçlarda şikayet süresi, şikayette bulunmaması durumunda altı ay içinde başlar. bu süre, şikayete konu olan işlem veya tedbirlerin düzeltilmesi ve kanuna aykırı hareketlerin önlenmesi amacıyla yapılır. şikayet süresi geçilmesi durumunda, şikayete konu olan işlem veya tedbirler düzeltilmez ve kanuna aykırı hareketler önlenmez.

2. Bu açıklama, verilen kaynak bilgilerine dayandırılmalıdır. kaynak metindeki esas içerik şudur: [1] TÜRK CEZA KANUNU m.73, [2] KAMU İHALE KANUNU m.55, [3] İNFAZ HÂKİMLİĞİ KANUNU m.5, [4] HAKİMLER VE SAVCILAR KANUNU m.76, [5] SEÇİMLERİN TEMEL HÜKÜMLERİ VE SEÇMEN KÜTÜKLERİ HAKKINDA KANUN m.117. kaynak metindeki esas içerik şudur: [1] TÜRK CEZA KANUNU m.73, [2] KAMU İHALE KANUNU m.55, [3] İNFAZ HÂKİMLİĞİ KANUNU m.5, [4] HAKİMLER VE SAVCILAR KANUNU m.76, [5] SEÇİMLERİN TEMEL HÜKÜMLERİ VE SEÇMEN KÜTÜKLERİ HAKKINDA KANUN m.117. Bu kaynak, kesin ve bağlayıcıdır.

3. Bağlamda: TÜRK",1_5_5237_MADDE_73,1_5_5237_MADDE_73; 1_5_4734_MADDE_55; 1_5_4675_MADDE_5; 1_5_2802_MADDE_76; 1_4_298_MADDE_117; 1_5_4483_MADDE_9; 1_3_2004_MADDE_347; 1_3_2004_MADDE_16; 1_3_5846_MADDE_75; 1_5_5187_MADDE_26,TÜRK CEZA KANUNU m.73 | KAMU İHALE KANUNU m.55 | İNFAZ HÂKİMLİĞİ KANUNU m.5 | HAKİMLER VE SAVCILAR KANUNU m.76 | SEÇİMLERİN TEMEL HÜKÜMLERİ VE SEÇMEN KÜTÜKLERİ HAKKINDA KANUN m.117 | MEMURLAR VE DİĞER KAMU GÖREVLİLERİNİN YARGILANMASI HAKKINDA KANUN m.9 | İCRA VE İFLAS KANUNU m.347 | İCRA VE İFLAS KANUNU m.16 | FİKİR VE SANAT ESERLERİ KANUNU m.75 | BASIN KANUNU m.26,0.0879120879120879,0.0659340659340659,1.0,1.0,1.0,1.0,low_answer_overlap
Q081,Ceza Muhakemesi Hukuku,hard,Tutuklama kararı verilebilmesi için hangi temel şartlar gerekir?,Kuvvetli suç şüphesini gösteren somut delillerin bulunması ve bir tutuklama nedeninin varlığı gerekir; ayrıca tutuklama ölçülü olmalıdır.,"1. Tutuklama kararı verilebilmesi için, şüpheli veya sanığın kaçması, saklanması veya kaçacağı şüphesini uyandıran somut olgular varsa, davranışları; 1. Delilleri yok etme, gizleme veya değiştirme, 2. Tanık, mağdur veya başkaları üzerinde baskı yapılması girişiminde bulunma, Hususlarında kuvvetli şüphe oluşturuyorsa veya somut delillere dayanan kuvvetli şüphe sebeplerinin varlığı halinde, suçların işlendiği hususunda somut delillere dayanan kuvvetli şüphe sebeplerinin varlığı halinde, tutuklama nedeni var sayılabilir. (3) Tutuklama istenildiğinde, şüpheli veya sanık, kendisinin seçeceği veya baro tarafından görevlendirilecek bir müdafiin yardımından yararlanır. (4) Tutuklama kararı verilmezse, şüpheli veya sanık derhâl serbest bırakılır. (5) Bu madde ile 100 üncü madde gereğince verilen kararlara itiraz edilebilir. Tutuklulukta geçecek süre

2. Şartlar / açıklama: Bu şartlar, tutuklama kararı verilebilmesi için gereklidir.

3. Dayanak maddeler: Kategori: Ceza Muhakemesi Hukuku; Madde: MADDE 100.

4. Not / sınırlılık: Bu açıklama, sadece verilen mevzuat bağlamına dayanmaktadır. Uydurma kanun, madde, karar veya kaynak üretme.",1_5_5271_MADDE_100,1_5_5271_MADDE_100; 1_5_5275_MADDE_112; 1_5_5271_MADDE_101; 1_5_5271_MADDE_91; 1_5_5271_MADDE_109; 1_5_5271_MADDE_112; 1_5_5271_MADDE_99; 1_5_5271_MADDE_146; 1_5_5275_MADDE_115; 1_5_5271_MADDE_90,CEZA MUHAKEMESİ KANUNU m.100 | CEZA VE GÜVENLİK TEDBİRLERİNİN İNFAZI HAKKINDA KANUN m.112 | CEZA MUHAKEMESİ KANUNU m.101 | CEZA MUHAKEMESİ KANUNU m.91 | CEZA MUHAKEMESİ KANUNU m.109 | CEZA MUHAKEMESİ KANUNU m.112 | CEZA MUHAKEMESİ KANUNU m.99 | CEZA MUHAKEMESİ KANUNU m.146 | CEZA VE GÜVENLİK TEDBİRLERİNİN İNFAZI HAKKINDA KANUN m.115 | CEZA MUHAKEMESİ KANUNU m.90,0.0880503144654088,0.0628930817610062,1.0,1.0,1.0,1.0,low_answer_overlap
Q009,Borçlar Hukuku,medium,Sözleşmelerde hata (yanılma) nedeniyle iptal hakkının kullanılma süresi nedir?,"Hata sebebiyle sözleşmeyi iptal hakkı, hatanın öğrenildiği tarihten başlayarak bir yıl içinde kullanılmalıdır. Bu süre hak düşürücü süredir.","1. Kısa cevap: Sözleşmelerde hata (yanılma) nedeniyle iptal hakkının kullanılma süresi, tazminat miktarlarına ilişkin olup da, yetersiz veya fahiş olduğu açıkça belli olan anlaşmalar veya uzlaşmalar yapıldıkları tarihten başlayarak iki yıl içinde iptal edilebilir. DOKUZUNCU KISIM Adli Kovuşturma ve Cezaların Uygulanması BİRİNCİ BÖLÜM Adli Kovuşturma Sürücü belgelerinin geri alınmasında ve iptalinde yetki: [59]

2. Şartlar / açıklama: Bu açıklama, sadece verilen mevzuat bağlamına dayanarak cevap vermiştir. Bağlamda cevap yoksa bunu açıkça söyleyerek cevap verin.

3. Dayanak maddeler: KARAYOLLARI TRAFİK KANUNU m.111, TÜRK BORÇLAR KANUNU m.39, İŞ KANUNU m.26, TÜKETİCİNİN KORUNMASI HAKKINDA KANUN m.18, TÜRK BORÇLAR KANUNU m.430.

4. Not / sınırlılık: Bu kaynak, kesin ve kesin olmayan tüm yorumları içermez. Bu kaynak, sadece verilen mevzuat bağlamına dayanarak cevap vermiştir. Bağlamda cevap yoksa bunu açıkça söyleyerek cevap verin.",1_5_6098_MADDE_39,1_5_2918_MADDE_111; 1_5_6098_MADDE_39; 1_5_4857_MADDE_26; 1_5_6098_MADDE_281; 1_5_6502_MADDE_18; 1_5_6502_MADDE_15; 1_5_4857_GEÇİCİ_MADDE_10; 1_5_6098_MADDE_430; 1_5_4857_MADDE_25; 1_5_6098_MADDE_433,KARAYOLLARI TRAFİK KANUNU m.111 | TÜRK BORÇLAR KANUNU m.39 | İŞ KANUNU m.26 | TÜRK BORÇLAR KANUNU m.281 | TÜKETİCİNİN KORUNMASI HAKKINDA KANUN m.18 | TÜKETİCİNİN KORUNMASI HAKKINDA KANUN m.15 | İŞ KANUNU geçici m.10 | TÜRK BORÇLAR KANUNU m.430 | İŞ KANUNU m.25 | TÜRK BORÇLAR KANUNU m.433,0.0903225806451613,0.0903225806451613,1.0,1.0,1.0,1.0,low_answer_overlap
Q161,Medeni Hukuk,easy,Kişilik ne zaman başlar?,"Kişilik, çocuğun sağ olarak tamamıyla doğduğu anda başlar.","1. Kişilik, çocuğun sağ olarak tamamıyla doğduğu anda başlar ve ölümle sona erer. Çocuk hak ehliyetini, sağ doğmak koşuluyla, ana rahmine düştüğü andan başlayarak elde eder. II. Sağ olmanın ve ölümün ispatı 1. İspat yükü

2. Bağlantı: TÜRK MEDENİ KANUNU m.28, TÜRK MEDENİ KANUNU m.11, ASKERALMA KANUNU m.14, SEÇİMLERİN TEMEL HÜKÜMLERİ VE SEÇMEN KÜTÜKLERİ HAKKINDA KANUN m.34, KİMLİK BİLDİRME KANUNU geçici m.3, FİKİR VE SANAT ESERLERİ KANUNU m.26. Bu kaynaklar, kesin ve yeterli bilgi sağlar.

3. Dayanak maddeler: TÜRK MEDENİ KANUNU m.28, TÜRK MEDENİ KANUNU m.11, ASKERALMA KANUNU m.14, SEÇİMLERİN TEMEL HÜKÜMLERİ VE SEÇMEN KÜTÜKLERİ HAKKINDA KANUN m.34, KİMLİK BİLDİRME KANUNU geçici m.3, FİKİR VE SANAT ESERLERİ KANUNU m.26. Bu kaynaklar, kesin ve yeterli bilgi sağlar.

4. Not / sınırlılık: Bu kaynaklar, kesin ve yeterli bilgi sağlar. Bu kaynaklar dışında başka kaynaklara başvurmak zorundadır.",1_5_4721_MADDE_28,1_5_4721_MADDE_28; 1_5_4721_MADDE_11; 1_5_7179_MADDE_14; 1_4_298_MADDE_34; 1_5_4721_MADDE_289; 1_4_213_MADDE_168; 1_5_1774_GEÇİCİ_MADDE_3; 1_5_6698_GEÇİCİ_MADDE_1; 1_3_5846_MADDE_26; 1_5_6754_MADDE_12,TÜRK MEDENİ KANUNU m.28 | TÜRK MEDENİ KANUNU m.11 | ASKERALMA KANUNU m.14 | SEÇİMLERİN TEMEL HÜKÜMLERİ VE SEÇMEN KÜTÜKLERİ HAKKINDA KANUN m.34 | TÜRK MEDENİ KANUNU m.289 | VERGİ USUL KANUNU m.168 | KİMLİK BİLDİRME KANUNU geçici m.3 | KİŞİSEL VERİLERİN KORUNMASI KANUNU geçici m.1 | FİKİR VE SANAT ESERLERİ KANUNU m.26 | BİLİRKİŞİLİK KANUNU m.12,0.0941176470588235,0.0941176470588235,1.0,1.0,1.0,1.0,low_answer_overlap
Q179,Ticaret Hukuku,medium,Limited şirkette ortak sayısına ilişkin temel sınır nedir?,Limited şirket bir veya daha çok gerçek ya da tüzel kişi tarafından kurulabilir; ortak sayısı elliyi aşamaz.,"1. Limited şirket, bir veya daha çok gerçek veya tüzel kişi tarafından bir ticaret unvanı altında kurulur; esas sermayesi belirli olup, bu sermaye esas sermaye paylarının toplamından oluşur. (madde 573)
2. Bu madde, esas sermaye ellibin Türk Lirasından ve sermayenin artırılmasında yönetim kuruluna tanınmış yetki tavanını gösteren kayıtlı sermaye sistemini kabul etmiş bulunan halka açık olmayan anonim şirketlerde başlangıç sermayesi yüzbin Türk Lirasından aşağı olamaz. Bu en az sermaye tutarı Cumhurbaşkanınca artırılabilir. (madde 573)
3. Bu kaynak, madde 573'e göre: Limited şirket, bir veya daha çok gerçek veya tüzel kişi tarafından bir ticaret unvanı altında kurulur; esas sermayesi belirli olup, bu sermaye esas sermaye paylarının toplamından oluşur. (madde 573)
4. Not / sınırlılık: Bu kaynak, madde 573'e göre: Limited şirket, bir veya daha çok gerçek veya tüzel kişi tarafından bir ticaret unvanı altında kurulur; esas sermayesi belirli olup, bu sermaye esas sermaye paylarının toplamından oluşur. (madde 573) Bu kaynak, madde 573'e göre: Limited şirket, bir veya daha çok gerçek veya tüzel kişi tarafından bir ticaret unvanı altında kurulur; esas sermayesi belirli olup, bu sermaye esas sermaye paylarının toplamından oluşur. (madde 573) Bu kaynak, madde 573'",1_5_6102_MADDE_573,1_5_6102_MADDE_573; 1_5_6102_MADDE_580; 1_5_6362_MADDE_16; 1_5_6102_MADDE_332; 1_5_6102_MADDE_585; 1_5_6102_MADDE_574; 1_5_6102_MADDE_135; 1_3_7462_MADDE_2; 1_5_6103_MADDE_20; 1_5_1163_MADDE_19,TÜRK TİCARET KANUNU m.573 | TÜRK TİCARET KANUNU m.580 | SERMAYE PİYASASI KANUNU m.16 | TÜRK TİCARET KANUNU m.332 | TÜRK TİCARET KANUNU m.585 | TÜRK TİCARET KANUNU m.574 | TÜRK TİCARET KANUNU m.135 | EREĞLİ DEMİR VE ÇELİK FABRİKALARI TÜRK ANONİM ŞİRKETİ KANUNU m.2 | TÜRK TİCARET KANUNUNUN YÜRÜRLÜĞÜ VE UYGULAMA ŞEKLİ HAKKINDA KANUN m.20 | KOOPERATİFLER KANUNU m.19,0.0980392156862745,0.0980392156862745,1.0,1.0,1.0,1.0,low_answer_overlap
Q185,İş Hukuku,medium,Deneme süresi en çok ne kadar olabilir?,Taraflar deneme süresini en çok iki ay olarak kararlaştırabilir; toplu iş sözleşmeleriyle bu süre dört aya kadar uzatılabilir.,"1. Kısa cevap: Deneme süresi en çok bir aydır. Bu süre içinde taraflar hizmet aktini bildirimsiz ve tazminatsız bozabilirler. Ancak gemiadamının çalıştığı günler için ücret hakkı saklıdır. Çalışma ve kimlik karnesi:

2. Şartlar / açıklama: Bu açıklama, verilen mevzuat bağlamına dayanmaktadır. Bağlamda cevap yok ise bunu açıkça söyleyin.

3. Dayanak maddeler: DENİZ İŞ KANUNU m.10, İŞ KANUNU m.15, MESLEKİ EĞİTİM KANUNU m.14, TÜRK BORÇLAR KANUNU m.433, İTHALATTA HAKSIZ REKABETİN ÖNLENMESİ HAKKINDA KANUN m.12 kaynaklarına bakarak cevap verilebilir.

4. Not / sınırlılık: Bu cevap, verilen mevzuat bağlamına dayanmaktadır. Bağlamda cevap yok ise bunu açıkça söyleyin.",1_5_4857_MADDE_15,1_5_854_MADDE_10; 1_5_4857_MADDE_15; 1_5_3308_MADDE_14; 1_5_6098_MADDE_433; 1_5_5237_MADDE_51; 1_5_3577_MADDE_12; 1_5_5271_MADDE_75; 1_5_1512_MADDE_15; 1_5_6458_MADDE_49; 1_5_5237_MADDE_90,DENİZ İŞ KANUNU m.10 | İŞ KANUNU m.15 | MESLEKİ EĞİTİM KANUNU m.14 | TÜRK BORÇLAR KANUNU m.433 | TÜRK CEZA KANUNU m.51 | İTHALATTA HAKSIZ REKABETİN ÖNLENMESİ HAKKINDA KANUN m.12 | CEZA MUHAKEMESİ KANUNU m.75 | NOTERLİK KANUNU m.15 | YABANCILAR VE ULUSLARARASI KORUMA KANUNU m.49 | TÜRK CEZA KANUNU m.90,0.0983606557377049,0.0819672131147541,1.0,1.0,1.0,1.0,low_answer_overlap
Q168,Medeni Hukuk,medium,Paylı mülkiyet ile elbirliği mülkiyeti arasındaki temel fark nedir?,Paylı mülkiyette paydaşların belirli payları vardır; elbirliği mülkiyetinde ise ortakların belirlenmiş payları olmayıp hakları bir bütün olarak malvarlığına yayılmıştır.,"1. Paylı mülkiyet ile elbirliği mülkiyeti arasındaki temel fark, paylı mülkiyetin, malın devri, topluluğun dağılması veya paylı mülkiyete geçilmesiyle sona ermesi, elbirliği mülkiyetinde ortakların belirlenmiş payları olmayıp her birinin hakkı, ortaklığa giren malların tamamına yaygındır. 2. Hükümleri
2. Bağlam: TÜRK MEDENİ KANUNU m.703, m.701, m.644, m.688, m.700, m.776, m.698. Bu kaynaklar, paylı mülkiyetin elbirliği mülkiyetiyle karşılaştırılmasını sağlar.
3. Dayanak maddeler: TÜRK MEDENİ KANUNU m.703, m.701, m.644, m.688, m.700, m.776, m.698. Bu kaynaklar, paylı mülkiyetin elbirliği mülkiyetiyle karşılaştırılmasını sağlar.
4. Not / sınırlılık: Bu cevap, sadece verilen mevzuat bağlamına dayanmaktadır. Bağlamda yer alan kaynaklar dışında başka kaynaklara veya diğer bilgilerle desteklenmek istenirse, bu kaynaklara ve diğer bilgilerle desteklenmek gerekir.",1_5_4721_MADDE_688,1_5_4721_MADDE_703; 1_5_4721_MADDE_701; 1_5_4721_MADDE_644; 1_5_4721_MADDE_688; 1_5_4721_MADDE_376; 1_5_4721_MADDE_700; 1_5_4721_MADDE_857; 1_5_634_MADDE_3; 1_5_4721_MADDE_776; 1_5_4721_MADDE_698,TÜRK MEDENİ KANUNU m.703 | TÜRK MEDENİ KANUNU m.701 | TÜRK MEDENİ KANUNU m.644 | TÜRK MEDENİ KANUNU m.688 | TÜRK MEDENİ KANUNU m.376 | TÜRK MEDENİ KANUNU m.700 | TÜRK MEDENİ KANUNU m.857 | KAT MÜLKİYETİ KANUNU m.3 | TÜRK MEDENİ KANUNU m.776 | TÜRK MEDENİ KANUNU m.698,0.1,0.1,1.0,1.0,1.0,1.0,low_answer_overlap
Q050,İş Hukuku,medium,Ev hizmetlerinde çalışanlar İş Kanunu kapsamında mıdır? İstisnaları nelerdir?,Ev hizmetlerinde çalışanlar kural olarak İş Kanunu kapsamı dışındadır. Bu nedenle genel olarak 4857 sayılı Kanunun iş güvencesi ve çalışma süresi gibi hükümleri uygulanmaz; uygulanacak rejim somut olaya göre diğer özel ve genel hükümlere dayanır.,"1. Ev hizmetlerinde çalışanlar İş Kanunu kapsamında değildir.
2. Bu madde, ev hizmetlerinde çalışanlar için geçerli değildir.
3. Kaynak metindeki esas içerik şudur: Aşağıda belirtilen işlerde ve iş ilişkilerinde bu Kanun hükümleri uygulanmaz; a) Deniz ve hava taşıma işlerinde, b) 50'den az işçi çalıştırılan (50 dahil) tarım ve orman işlerinin yapıldığı işyerlerinde veya işletmelerinde, c) Aile ekonomisi sınırları içinde kalan tarımla ilgili her çeşit yapı işleri, d) Bir ailenin üyeleri ve 3 üncü dereceye kadar (3 üncü derece dahil) hısımları arasında dışardan başka biri katılmayarak evlerde ve el sanatlarının yapıldığı işlerde, e) Ev hizmetlerinde, f) (...) [4] çıraklar hakkında, g) Sporcular hakkında, h) Rehabilite edilenler hakkında, ı) 507 sayılı Esnaf ve Sanatkârlar Kanununun 2 nci maddesinin tarifine uygun üç kişinin çalıştığı işyerlerinde. Şu kadar ki; a) Kıyılarda veya liman ve iskelelerde gemilerden karaya ve karadan gemilere yapılan yükleme ve boşaltma işleri, b) Havacılığın bütün yer tesislerinde yürütülen işler, c) Tarım sanatları ile tarım aletleri, makine ve parçalarının yapıldığı atölye ve fabrikalarda görülen işler, d) Tarım işletmelerinde yapılan yapı işleri, e) Halkın faydalanmasına açık veya işyerinin eklentisi durumunda olan park ve bahçe işleri, f) Deniz",1_5_4857_MADDE_4,1_5_4857_MADDE_4; 1_5_6331_MADDE_2; 1_4_193_MADDE_23; 1_5_6098_MADDE_461; 1_5_4857_MADDE_2; 1_5_4857_MADDE_30; 1_5_6331_MADDE_3; 1_5_2828_MADDE_3; 1_5_5510_MADDE_6; 1_5_6735_MADDE_2,İŞ KANUNU m.4 | İŞ SAĞLIĞI VE GÜVENLİĞİ KANUNU m.2 | GELİR VERGİSİ KANUNU m.23 | TÜRK BORÇLAR KANUNU m.461 | İŞ KANUNU m.2 | İŞ KANUNU m.30 | İŞ SAĞLIĞI VE GÜVENLİĞİ KANUNU m.3 | SOSYAL HİZMETLER KANUNU m.3 | SOSYAL SİGORTALAR VE GENEL SAĞLIK SİGORTASI KANUNU m.6 | ULUSLARARASI İŞGÜCÜ KANUNU m.2,0.1171171171171171,0.0990990990990991,1.0,1.0,1.0,1.0,low_answer_overlap
Q109,Ticaret Hukuku,hard,Limited şirket ile anonim şirket arasında sermaye yapısı bakımından temel fark nedir?,Anonim şirkette sermaye paylara bölünmüştür; limited şirkette esas sermaye paylarının devri ve ortaklık yapısı bakımından daha sıkı kurallar uygulanır.,"1. Anonim şirket, sermayesi belirli ve paylara bölünmüş olan, borçlarından dolayı yalnız malvarlığıyla sorumlu bulunan şirkettir. Pay sahipleri, sadece taahhüt etmiş oldukları sermaye payları ile ve şirkete karşı sorumludur. II - Özel kanunlara bağlı anonim şirketler

Bu kaynak, kesin ve yeterli bilgi sağlar.

Kaynak: TÜRK TİCARET KANUNU m.329",1_5_6102_MADDE_329,1_5_6102_MADDE_329; 1_5_6102_MADDE_332; 1_5_6102_MADDE_585; 1_5_6102_MADDE_338; 1_5_6102_MADDE_573; 1_5_6362_MADDE_51; 1_5_6107_MADDE_1; 1_5_6102_MADDE_124; 1_5_7405_MADDE_16; 1_5_6361_MADDE_5,"TÜRK TİCARET KANUNU m.329 | TÜRK TİCARET KANUNU m.332 | TÜRK TİCARET KANUNU m.585 | TÜRK TİCARET KANUNU m.338 | TÜRK TİCARET KANUNU m.573 | SERMAYE PİYASASI KANUNU m.51 | İLLER BANKASI ANONİM ŞİRKETİ HAKKINDA KANUN m.1 | TÜRK TİCARET KANUNU m.124 | SPOR KULÜPLERİ VE SPOR FEDERASYONLARI KANUNU m.16 | FİNANSAL KİRALAMA, FAKTORİNG, FİNANSMAN VE TASARRUF FİNANSMAN ŞİRKETLERİ KANUNU m.5",0.1176470588235294,0.1176470588235294,1.0,1.0,1.0,1.0,low_answer_overlap
Q039,Medeni Hukuk,medium,Elbirliği mülkiyetinin paylı mülkiyete dönüştürülmesi usulü nasıl işler?,"Elbirliği mülkiyetinin paylı mülkiyete dönüştürülmesi, miras ortaklığında paydaşlardan birinin istemi üzerine ve haklı bir itiraz bulunmaması halinde hâkim kararıyla mümkündür. Hâkim, terekenin tamamı veya belirli mallar üzerinde paylı mülkiyete geçilmesine karar verebilir.","1. Elbirliği mülkiyetinin paylı mülkiyete dönüştürülmesi usulü, paydaşların paylarını belirledikten sonra malın tamamına yaygındır. paydaşlardan biri belirlenen süre içinde paylaşma davası açmazsa, istem konusu mal üzerindeki elbirliği mülkiyetinin paylı mülkiyete dönüştürülmesine karar verilir. Terekeye dahil diğer hakların ve alacakların paylar oranında bölünmesi hususunda da yukarıdaki hükümler uygulanır. Bu hüküm, elbirliği mülkiyetinin paylı mülkiyete dönüştürülmesi usulü ile ilgilidir.

2. Şartlar / açıklama: Bu açıklama, verilen mevzuat bağlamına dayanmaktadır. Bağlamda cevap yok ise bunu açıkça söyleyin.

3. Dayanak maddeler: TÜRK MEDENİ KANUNU m.703, m.644, m.701, m.700, m.376, m.688, m.699, m.857, m.776 ve m.698.

4. Not / sınırlılık: Bu açıklama, verilen mevzuat bağlamına dayanmaktadır. Bağlamda cevap yok ise bunu açıkça söyleyin. Bu kaynaklar, kesin ve kesin olmayan bilgiler içerebilir. Bu kaynaklara dayandırılmış olan cevap, kesin ve kesin olmayan bilgiler içerebilir.",1_5_4721_MADDE_644,1_5_4721_MADDE_703; 1_5_4721_MADDE_644; 1_5_4721_MADDE_701; 1_5_4721_MADDE_700; 1_5_4721_MADDE_376; 1_5_4721_MADDE_688; 1_5_4721_MADDE_699; 1_5_4721_MADDE_857; 1_5_4721_MADDE_776; 1_5_4721_MADDE_698,TÜRK MEDENİ KANUNU m.703 | TÜRK MEDENİ KANUNU m.644 | TÜRK MEDENİ KANUNU m.701 | TÜRK MEDENİ KANUNU m.700 | TÜRK MEDENİ KANUNU m.376 | TÜRK MEDENİ KANUNU m.688 | TÜRK MEDENİ KANUNU m.699 | TÜRK MEDENİ KANUNU m.857 | TÜRK MEDENİ KANUNU m.776 | TÜRK MEDENİ KANUNU m.698,0.1183431952662722,0.1065088757396449,1.0,1.0,1.0,1.0,low_answer_overlap
Q048,İş Hukuku,easy,Fazla çalışma ücreti hesaplanırken saatlik ücretin artış oranı nedir?,"Fazla çalışma ücreti, normal çalışma ücretinin saat başına düşen miktarının yüzde elli yükseltilmesiyle ödenir. Serbest zaman seçeneği kanundaki şartlarla mümkündür.","1. Kanun: İŞ KANUNU m.41
ArticleKey: 1_5_4857_MADDE_41
URL: https://www.mevzuat.gov.tr/mevzuat?MevzuatNo=4857&MevzuatTur=1&MevzuatTertip=5
Kanun: İŞ KANUNU
Madde: MADDE 41
Metin: Ülkenin genel yararları yahut işin niteliği veya üretimin artırılması gibi nedenlerle fazla çalışma yapılabilir. Fazla çalışma, Kanunda yazılı koşullar çerçevesinde, haftalık kırkbeş saati aşan çalışmalardır. 63 üncü madde hükmüne göre denkleştirme esasının uygulandığı hallerde, işçinin haftalık ortalama çalışma süresi, normal haftalık iş süresini aşmamak koşulu ile, bazı haftalarda toplam kırkbeş saati aşsa dahi bu çalışmalar fazla çalışma sayılmaz. Her bir saat fazla çalışma için verilecek ücret normal çalışma ücretinin saat başına düşen miktarının yüzde elli yükseltilmesi suretiyle ödenir. Haftalık çalışma süresinin sözleşmelerle kırkbeş saatin altında belirlendiği durumlarda yukarıda belirtilen esaslar dahilinde uygulanan ortalama haftalık çalışma süresini aşan ve kırkbeş saate kadar yapılan çalışmalar fazla sürelerle çalışmalardır. Fazla sürelerle çalışmalarda, her bir saat fazla çalışma için verilecek ücret normal çalışma ücretinin saat başına düşen miktarının yüzde yirmibeş yükseltilmesiyle ödenir. Fazla çalışma veya fazla sürelerle çalışma yapan işçi",1_5_4857_MADDE_41,1_5_4857_MADDE_41; 1_5_854_MADDE_28; 1_5_3787_GEÇİCİ_MADDE_1; 1_3_5953_MADDE_1; 1_5_657_MADDE_178; 1_4_213_MADDE_13; 1_5_4857_MADDE_50; 1_5_6098_MADDE_402; 1_5_2935_MADDE_28; 1_5_4857_MADDE_40,İŞ KANUNU m.41 | DENİZ İŞ KANUNU m.28 | BAZI KAMU ALACAKLARININ TAHSİLATININ HIZLANDIRILMASI VE MATRAH ARTIRIMI HAKKINDA KANUN geçici m.1 | BASIN MESLEĞİNDE ÇALIŞANLARLA ÇALIŞTIRANLAR ARASINDAKİ MÜNASEBETLERİN TANZİMİ HAKKINDA KANUN m.1 | DEVLET MEMURLARI KANUNU m.178 | VERGİ USUL KANUNU m.13 | İŞ KANUNU m.50 | TÜRK BORÇLAR KANUNU m.402 | OLAĞANÜSTÜ HAL KANUNU m.28 | İŞ KANUNU m.40,0.1368421052631579,0.1368421052631579,1.0,1.0,1.0,1.0,low_answer_overlap
Q069,Borçlar Hukuku,medium,Taraflarca belirlenmemişse para borcunun ifa yeri neresidir?,"Aksine anlaşma veya teamül yoksa para borçları, alacaklının ödeme zamanındaki yerleşim yerinde ifa edilir.","1. Para borçları, alacaklının ödeme zamanındaki yerleşim yerinde, 2. Parça borçları, sözleşmenin kurulduğu sırada borç konusunun bulunduğu yerde, 3. Bunların dışındaki bütün borçlar, doğumları sırasında borçlunun yerleşim yerinde, ifa edilir. Alacaklının yerleşim yerinde ifası gereken bir borcun doğumundan sonra alacaklının yerini değiştirmesi sebebiyle ifa önemli ölçüde güçleşmişse borç, alacaklının önceki yerleşim yerinde ifa edilebilir. C. İfa zamanı I. Süreye bağlanmamış borç

2. Bağlam: TÜRK BORÇLAR KANUNU m.89, m.179, m.97, m.182, m.137. Bu kaynaklar, kesin ve yeterli bilgiler sağlar.

3. Dayanak maddeler: TÜRK BORÇLAR KANUNU m.89: Borcun ifa yeri, tarafların açık veya örtülü iradelerine göre belirlenir. Aksine bir anlaşma yoksa, aşağıdaki hükümler uygulanır; 1. Para borçları, alacaklının ödeme zamanındaki yerleşim yerinde, 2. Parça borçları, sözleşmenin kurulduğu sırada borç konusunun bulunduğu yerde, 3. Bunların dışındaki bütün borçlar, doğumları sırasında borçlunun yerleşim yerinde, ifa edilir. Alacaklının yerleşim yerinde ifası gereken bir borcun doğumundan sonra alacaklının yerini değiştirmesi sebebiyle ifa önemli ölçüde güçleşmişse borç, alacaklının önceki",1_5_6098_MADDE_89,1_5_6098_MADDE_89; 1_5_6098_MADDE_179; 1_5_4721_MADDE_821; 1_5_6098_MADDE_136; 1_5_6098_MADDE_97; 1_3_2004_MADDE_33; 1_5_6098_MADDE_182; 1_5_6098_MADDE_98; 1_5_6098_MADDE_137; 1_3_2004_MADDE_36,TÜRK BORÇLAR KANUNU m.89 | TÜRK BORÇLAR KANUNU m.179 | TÜRK MEDENİ KANUNU m.821 | TÜRK BORÇLAR KANUNU m.136 | TÜRK BORÇLAR KANUNU m.97 | İCRA VE İFLAS KANUNU m.33 | TÜRK BORÇLAR KANUNU m.182 | TÜRK BORÇLAR KANUNU m.98 | TÜRK BORÇLAR KANUNU m.137 | İCRA VE İFLAS KANUNU m.36,0.1502890173410404,0.1387283236994219,1.0,1.0,1.0,1.0,acceptable_automatic
Q079,Ceza Hukuku,medium,Şikâyete bağlı suçlarda şikâyet süresi ne kadardır ve ne zaman başlar?,"Şikâyet hakkı, fiilin ve failin öğrenildiği günden itibaren altı ay içinde kullanılmalıdır.","1. Şikâyete bağlı suçlarda şikâyete bağlı suç hakkında yetkili kimse altı ay içinde şikayette bulunmadığı takdirde soruşturma ve kovuşturma yapılamaz. (madde 73)
2. Bağlam: TÜRK CEZA KANUNU m.73
3. Dayanak madde: MADDE 73
4. Not / sınırlılık: Bu cevap, sadece verilen mevzuat bağlamına dayanmaktadır. Uydurma kanun, madde, karar veya kaynak üretme.",1_5_5237_MADDE_73,1_5_5237_MADDE_73; 1_5_4675_MADDE_5; 1_3_2004_MADDE_347; 1_5_4734_MADDE_55; 1_4_211_MADDE_30; 1_5_5187_MADDE_26; 1_5_5320_MADDE_7; 1_3_2004_MADDE_16; 1_5_6698_MADDE_14; 1_5_5941_GEÇİCİ_MADDE_2,TÜRK CEZA KANUNU m.73 | İNFAZ HÂKİMLİĞİ KANUNU m.5 | İCRA VE İFLAS KANUNU m.347 | KAMU İHALE KANUNU m.55 | TÜRK SİLAHLI KUVVETLERİ İÇ HİZMET KANUNU m.30 | BASIN KANUNU m.26 | CEZA MUHAKEMESİ KANUNUNUN YÜRÜRLÜK VE UYGULAMA ŞEKLİ HAKKINDA KANUN m.7 | İCRA VE İFLAS KANUNU m.16 | KİŞİSEL VERİLERİN KORUNMASI KANUNU m.14 | ÇEK KANUNU geçici m.2,0.1515151515151515,0.1212121212121212,1.0,1.0,1.0,1.0,acceptable_automatic
Q044,Ticaret Hukuku,medium,"""Haksız rekabet""te ""yanıltıcı reklam""ın unsurları nelerdir?","Yanıltıcı reklam, rakipler veya müşteriler bakımından gerçeğe aykırı ya da aldatıcı bilgi verilmesi suretiyle ekonomik kararları etkilemeye elverişli tanıtımdır. Haksız rekabet sayılabilmesi için dürüstlük kuralına aykırı ve aldatıcı nitelik taşıması gerekir.","1. Yanıltıcı reklam, dürüstlük kuralına aykırıdır. bu tür reklamlar, müşterilerin rekabet koşullarını ve fiyatlarını yanıltır. bu tür reklamlar, rekabetin dürüstlüğünü ve adil bir rekabet ortamını tehdit eder.

2. Bu açıklama, verilen mevzuat bağlamına dayanmaktadır.

3. Bağlam: TÜRK TİCARET KANUNU m.55",1_5_6102_MADDE_55,1_5_6102_MADDE_55; 1_5_6102_MADDE_54; 1_5_6102_MADDE_58; 1_5_6362_MADDE_100; 1_5_6502_MADDE_63; 1_5_6502_MADDE_61; 1_5_4054_MADDE_4; 1_5_6102_MADDE_56; 1_5_4054_MADDE_59; 1_5_5684_MADDE_32,TÜRK TİCARET KANUNU m.55 | TÜRK TİCARET KANUNU m.54 | TÜRK TİCARET KANUNU m.58 | SERMAYE PİYASASI KANUNU m.100 | TÜKETİCİNİN KORUNMASI HAKKINDA KANUN m.63 | TÜKETİCİNİN KORUNMASI HAKKINDA KANUN m.61 | REKABETİN KORUNMASI HAKKINDA KANUN m.4 | TÜRK TİCARET KANUNU m.56 | REKABETİN KORUNMASI HAKKINDA KANUN m.59 | SİGORTACILIK KANUNU m.32,0.1643835616438356,0.136986301369863,1.0,1.0,1.0,1.0,acceptable_automatic
Q037,Medeni Hukuk,easy,"""Mirasın reddi"" (reddi miras) süresi ne zamandan itibaren başlar ve ne kadardır?","Mirasın reddi süresi, yasal mirasçılar için mirasçı olduklarını öğrendikleri tarihten; atanmış mirasçılar için tasarrufun kendilerine resmen bildirildiği tarihten itibaren üç aydır.","1. Kısa cevap: Mirası reddetmeden ölen mirasçının ret hakkı kendi mirasçılarına geçer. Bu mirasçılar için ret süresi, kendilerinin mirasbırakanına mirasın geçtiğini öğrendikleri tarihten başlar. Ancak bu süre, kendilerinin mirasbırakanından geçen mirasın reddi için mirasçıya tanınan süre dolmadıkça sona ermez. Ret sonucunda miras daha önce mirasçı olmayanlara geçerse; bunlar için ret süresi, önceki mirasçılar tarafından mirasın reddedildiğini öğrendikleri tarihten işlemeye başlar. 4. Reddin şekli

2. Şartlar / açıklama: Bu açıklama, verilen mevzuat bağlamına dayanmaktadır. Bağlamda cevap yok.

3. Dayanak maddeler: TÜRK MEDENİ KANUNU m.608, m.617, m.606, m.614, m.609, m.571, m.607, m.639, m.241.

4. Not / sınırlılık: Bu açıklama, sadece verilen mevzuat bağlamına dayanmaktadır. Bağlamda cevap yok.",1_5_4721_MADDE_606,1_5_4721_MADDE_608; 1_5_4721_MADDE_617; 1_5_4721_MADDE_606; 1_5_4721_MADDE_614; 1_5_4721_MADDE_609; 1_5_4721_MADDE_571; 1_5_4721_MADDE_607; 1_5_4721_MADDE_559; 1_5_4721_MADDE_639; 1_5_4721_MADDE_241,TÜRK MEDENİ KANUNU m.608 | TÜRK MEDENİ KANUNU m.617 | TÜRK MEDENİ KANUNU m.606 | TÜRK MEDENİ KANUNU m.614 | TÜRK MEDENİ KANUNU m.609 | TÜRK MEDENİ KANUNU m.571 | TÜRK MEDENİ KANUNU m.607 | TÜRK MEDENİ KANUNU m.559 | TÜRK MEDENİ KANUNU m.639 | TÜRK MEDENİ KANUNU m.241,0.1654135338345864,0.0902255639097744,1.0,1.0,1.0,1.0,acceptable_automatic
Q181,İş Hukuku,easy,İş sözleşmesi neyi ifade eder?,"İş sözleşmesi, bir tarafın bağımlı olarak iş görmeyi, diğer tarafın da ücret ödemeyi üstlenmesinden oluşan sözleşmedir.","1. İş sözleşmesi, bir tarafın (işçi) bağımlı olarak iş görmeyi, diğer tarafın (işveren) da ücret ödemeyi üstlenmesinden oluşan sözleşmedir. İş sözleşmesi, Kanunda aksi belirtilmedikçe, özel bir şekle tâbi değildir. Süresi bir yıl ve daha fazla olan iş sözleşmelerinin yazılı şekilde yapılması zorunludur. Bu belgeler damga vergisi ve her çeşit resim ve harçtan muaftır. Yazılı sözleşme yapılmayan hallerde işveren işçiye en geç iki ay içinde genel ve özel çalışma koşullarını, günlük ya da haftalık çalışma süresini, temel ücreti ve varsa ücret eklerini, ücret ödeme dönemini, süresi belirli ise sözleşmenin süresini, fesih halinde tarafların uymak zorunda oldukları hükümleri gösteren yazılı bir belge vermekle yükümlüdür. Süresi bir ayı geçmeyen belirli süreli iş sözleşmelerinde bu fıkra hükmü uygulanmaz. İş sözleşmesi iki aylık süre dolmadan sona ermiş ise, bu bilgilerin en geç sona erme tarihinde işçiye yazılı olarak verilmesi zorunludur. Türü ve çalışma biçimlerini belirleme serbestisi

2. Bağlam: İŞ KANUNU m.8
ArticleKey: 1_5_4857_MADDE_8
URL: https://www.mevzuat.gov.tr/mevzuat?MevzuatNo=4857&MevzuatTur=1&MevzuatTertip=5
Kanun: İŞ KANUNU
Madde: MADDE 8
Metin: İş sözleşmesi, bir tarafın (",1_5_4857_MADDE_8,1_5_4857_MADDE_8; 1_5_4857_MADDE_2; 1_5_4857_MADDE_14; 1_5_4857_MADDE_11; 1_5_4857_MADDE_16; 1_5_6356_MADDE_33; 1_5_4857_MADDE_9; 1_5_6098_MADDE_393; 1_5_6098_MADDE_470; 1_5_6098_MADDE_461,İŞ KANUNU m.8 | İŞ KANUNU m.2 | İŞ KANUNU m.14 | İŞ KANUNU m.11 | İŞ KANUNU m.16 | SENDİKALAR VE TOPLU İŞ SÖZLEŞMESİ KANUNU m.33 | İŞ KANUNU m.9 | TÜRK BORÇLAR KANUNU m.393 | TÜRK BORÇLAR KANUNU m.470 | TÜRK BORÇLAR KANUNU m.461,0.1691542288557213,0.1691542288557213,1.0,1.0,1.0,1.0,acceptable_automatic
Q136,Borçlar Hukuku,medium,Alacağın devri için geçerlilikte hangi şekil aranır?,Alacağın devrinin geçerliliği yazılı şekilde yapılmasına bağlıdır.,"1. Alacağın devrinin geçerliliği, yazılı şekilde yapılmış olmasına bağlıdır. Alacağın devri sözü verme, şekle bağlı değildir. II. Yasal veya yargısal devir ve etkisi

2. Bu madde, alacağın devrinin geçerliliğini ve şeklinin yazılı olarak yapılması gerektiğini belirtir. Alacağın devri sözü verme, şekle bağlı değildir. II. Yasal veya yargısal devir ve etkisi

3. Bağlam: TÜRK BORÇLAR KANUNU m.184
Kaynak: TÜRK BORÇLAR KANUNU m.184",1_5_6098_MADDE_184,1_5_6098_MADDE_184; 1_5_6098_MADDE_185; 1_5_4721_MADDE_917; 1_5_6102_MADDE_1038; 1_5_6098_MADDE_189; 1_5_4721_MADDE_924; 1_4_213_GEÇİCİ_MADDE_24; 1_5_6098_MADDE_191; 1_3_2004_MADDE_197; 1_5_6102_MADDE_788,TÜRK BORÇLAR KANUNU m.184 | TÜRK BORÇLAR KANUNU m.185 | TÜRK MEDENİ KANUNU m.917 | TÜRK TİCARET KANUNU m.1038 | TÜRK BORÇLAR KANUNU m.189 | TÜRK MEDENİ KANUNU m.924 | VERGİ USUL KANUNU geçici m.24 | TÜRK BORÇLAR KANUNU m.191 | İCRA VE İFLAS KANUNU m.197 | TÜRK TİCARET KANUNU m.788,0.1714285714285714,0.1714285714285714,1.0,1.0,1.0,1.0,acceptable_automatic
Q033,Medeni Hukuk,medium,Gaiplik kararının istenebilmesi için gereken süreler hangi durumlarda ne kadardır?,"Gaiplik, ölüm tehlikesi içinde kaybolmada en az bir yıl; uzun zamandan beri haber alınamama halinde son haber tarihinden itibaren en az beş yıl geçmesiyle istenebilir. Karar, hakları bu ölüme bağlı olanların başvurusu üzerine verilir.","1. Kısa cevap: Gaiplik kararının istenebilmesi için, ölüm tehlikesinin üzerinden en az bir yıl veya son haber tarihinin üzerinden en az beş yıl geçmiş olması gerekir. Mahkeme, gaipliğine karar verilecek kişi hakkında bilgisi bulunan kimseleri, belirli bir sürede bilgi vermeleri için usulüne göre yapılan ilânla çağırır. Bu süre, ilk ilânın yapıldığı günden başlayarak en az altı aydır. 3. İstemin düşmesi

2. Şartlar / açıklama: Bu açıklama, verilen mevzuat bağlamına dayanmaktadır. Bağlamda cevap yoktur.

3. Dayanak maddeler: TÜRK MEDENİ KANUNU m.33, GÜMRÜK KANUNU m.6, NÜFUS HİZMETLERİ KANUNU m.34, İDARİ YARGILAMA USULÜ KANUNU m.20, TÜRK MEDENİ KANUNU m.584, HUKUK MUHAKEMELERİ KANUNU m.20, CEZA MUHAKEMESİ KANUNU m.41.

4. Not / sınırlılık: Bu cevap, verilen mevzuat bağlamına dayanmaktadır. Bağlamda cevap yoktur.",1_5_4721_MADDE_33,1_5_4721_MADDE_33; 1_5_4458_MADDE_6; 1_5_5490_MADDE_34; 1_5_2577_MADDE_20; 1_5_4721_MADDE_584; 1_5_4721_MADDE_35; 1_5_6100_MADDE_20; 1_5_5271_MADDE_41; 1_5_5326_MADDE_28; 1_5_2860_MADDE_9,TÜRK MEDENİ KANUNU m.33 | GÜMRÜK KANUNU m.6 | NÜFUS HİZMETLERİ KANUNU m.34 | İDARİ YARGILAMA USULÜ KANUNU m.20 | TÜRK MEDENİ KANUNU m.584 | TÜRK MEDENİ KANUNU m.35 | HUKUK MUHAKEMELERİ KANUNU m.20 | CEZA MUHAKEMESİ KANUNU m.41 | KABAHATLER KANUNU m.28 | YARDIM TOPLAMA KANUNU m.9,0.1739130434782608,0.1739130434782608,1.0,1.0,1.0,1.0,acceptable_automatic
Q183,İş Hukuku,medium,Belirli süreli ve belirsiz süreli iş sözleşmesi arasındaki temel fark nedir?,Belirli süreli iş sözleşmesi objektif koşullara bağlı olarak belirli bir süre veya iş için kurulur; belirsiz süreli iş sözleşmesinde ise iş ilişkisinin sona ereceği tarih baştan belirlenmez.,"1. Belirli süreli iş sözleşmesi, belirli bir zaman ölçüt alınarak ödenecek ücret ve paraya ilişkin bölünebilir menfaatler, işçinin çalıştığı süreye orantılı olarak verilir. Belirli süreli iş sözleşmesi, esaslı bir neden olmadıkça, birden fazla üst üste (zincirleme) yapılamaz. Aksi halde iş sözleşmesi başlangıçtan itibaren belirsiz süreli kabul edilir. Esaslı nedene dayalı zincirleme iş sözleşmeleri, belirli süreli olma özelliğini korurlar. Belirli ve belirsiz süreli iş sözleşmesi ayırımın sınırları

2. Bu açıklama, madde 11'e ve 12'ye göredir.

3. Bağlam: İŞ KANUNU m.11, m.12.

4. Not / sınırlılık: Bu açıklama, sadece verilen mevzuat bağlamına dayanmaktadır. Bağlamda cevap yok ise bunu açıkça söyleyin.",1_5_4857_MADDE_11,1_5_4857_MADDE_11; 1_5_4857_MADDE_12; 1_5_6098_MADDE_430; 1_5_4857_MADDE_10; 1_5_4857_MADDE_9; 1_5_4857_MADDE_14; 1_5_4857_MADDE_8; 1_5_4857_MADDE_13; 1_5_6098_MADDE_327; 1_5_6098_MADDE_468,İŞ KANUNU m.11 | İŞ KANUNU m.12 | TÜRK BORÇLAR KANUNU m.430 | İŞ KANUNU m.10 | İŞ KANUNU m.9 | İŞ KANUNU m.14 | İŞ KANUNU m.8 | İŞ KANUNU m.13 | TÜRK BORÇLAR KANUNU m.327 | TÜRK BORÇLAR KANUNU m.468,0.2015503875968992,0.1860465116279069,1.0,1.0,1.0,1.0,acceptable_automatic
Q008,Anayasa Hukuku,easy,Anayasa Mahkemesi üyelerinin görev süresi kaç yıldır ve bir kişi kaç kez seçilebilir?,Anayasa Mahkemesi üyeleri on iki yıl için seçilir ve bir kimse ikinci kez seçilemez. Üyeler altmış beş yaşını doldurunca emekliye ayrılır.,"1. Anayasa Mahkemesi üyeleri oniki yıl için seçilirler. Bir kimse iki defa Anayasa Mahkemesi üyesi seçilemez. Anayasa Mahkemesi üyeleri altmışbeş yaşını doldurunca emekliye ayrılırlar. Zorunlu emeklilik yaşından önce görev süresi dolan üyelerin başka bir görevde çalışmaları ve özlük işleri kanunla düzenlenir. Anayasa Mahkemesi üyeliği, bir üyenin hakimlik mesleğinden çıkarılmayı gerektiren bir suçtan dolayı hüküm giymesi halinde kendiliğinden; görevini sağlık bakımından yerine getiremeyeceğinin kesin olarak anlaşılması halinde de, Anayasa Mahkemesi üye tamsayısının salt çoğunluğunun kararı ile sona erer. 3. Görev ve yetkileri [83]

Bu kaynak, kesin ve yeterli bilgiler sağlar. Bu kaynak, verilen sorunun cevabını doğrudan ve kesin olarak verir.

Kaynak: TÜRKİYE CUMHURİYETİ ANAYASASI m.147",1_5_2709_MADDE_147,1_5_2709_MADDE_147; 1_5_2709_MADDE_146; 1_5_6216_MADDE_10; 1_5_6216_MADDE_2; 1_5_6216_MADDE_7; 1_5_2797_MADDE_29; 1_5_6216_MADDE_9; 1_5_2709_MADDE_101; 1_5_6216_MADDE_12; 1_5_2709_GEÇİCİ_MADDE_21,TÜRKİYE CUMHURİYETİ ANAYASASI m.147 | TÜRKİYE CUMHURİYETİ ANAYASASI m.146 | ANAYASA MAHKEMESİNİN KURULUŞU VE YARGILAMA USULLERİ HAKKINDA KANUN m.10 | ANAYASA MAHKEMESİNİN KURULUŞU VE YARGILAMA USULLERİ HAKKINDA KANUN m.2 | ANAYASA MAHKEMESİNİN KURULUŞU VE YARGILAMA USULLERİ HAKKINDA KANUN m.7 | YARGITAY KANUNU m.29 | ANAYASA MAHKEMESİNİN KURULUŞU VE YARGILAMA USULLERİ HAKKINDA KANUN m.9 | TÜRKİYE CUMHURİYETİ ANAYASASI m.101 | ANAYASA MAHKEMESİNİN KURULUŞU VE YARGILAMA USULLERİ HAKKINDA KANUN m.12 | TÜRKİYE CUMHURİYETİ ANAYASASI geçici m.21,0.203125,0.1718749999999999,1.0,1.0,1.0,1.0,acceptable_automatic
Q105,Ticaret Hukuku,easy,Haksız rekabette yanıltıcı reklam neyi ifade eder?,Rakipler veya müşteriler üzerinde yanlış ya da yanıltıcı izlenim uyandıran ve dürüstlük kuralına aykırı reklam ve satış yöntemleri haksız rekabet oluşturur.,"1. Haksız rekabet hâllerinin başlıcaları arasında yanıltıcı reklam yer alır. bu tür reklamlar, dürüstlük kuralına aykırıdır.

2. Bu açıklama, kanunun 55. maddesinin 1. ve 2. alt maddelerini ve 61. maddesinin 1. ve 2. alt maddelerini içerir.

3. Bağlam: TÜRK TİCARET KANUNU m.55.

4. Not / sınırlılık: Bu cevap, sadece verilen mevzuat bağlamına dayanmaktadır. Uydurma kanun, madde, karar veya kaynak üretme.",1_5_6102_MADDE_55,1_5_6102_MADDE_55; 1_5_6502_MADDE_61; 1_5_6502_MADDE_62; 1_5_6102_MADDE_54; 1_5_6102_MADDE_58; 1_5_6362_MADDE_100; 1_5_6098_MADDE_57; 1_5_6585_MADDE_6; 1_5_6102_MADDE_56; 1_5_1618_MADDE_19,TÜRK TİCARET KANUNU m.55 | TÜKETİCİNİN KORUNMASI HAKKINDA KANUN m.61 | TÜKETİCİNİN KORUNMASI HAKKINDA KANUN m.62 | TÜRK TİCARET KANUNU m.54 | TÜRK TİCARET KANUNU m.58 | SERMAYE PİYASASI KANUNU m.100 | TÜRK BORÇLAR KANUNU m.57 | PERAKENDE TİCARETİN DÜZENLENMESİ HAKKINDA KANUN m.6 | TÜRK TİCARET KANUNU m.56 | SEYAHAT ACENTALARI VE SEYAHAT ACENTALARI BİRLİĞİ KANUNU m.19,0.216867469879518,0.0963855421686746,1.0,1.0,1.0,1.0,acceptable_automatic
Q077,Ceza Hukuku,medium,Doğrudan kast ile olası kast arasındaki fark nedir?,Doğrudan kastta fail suçun kanuni tanımındaki unsurların gerçekleşmesini ister; olası kastta ise neticenin gerçekleşebileceğini öngörmesine rağmen fiili işlemeye devam eder.,"1. Doğrudan kast ile olası kast arasındaki fark, doğrudan kast, suçun kanuni tanımındaki unsurların bilerek ve istenerek gerçekleştirilmesidir. olası kast ise, suçun kanuni tanımındaki unsurların gerçekleşebileceğini öngörmesine rağmen, fiili işlemesi halinde gerçekleşebilir. Bu halde, ağırlaştırılmış müebbet hapis cezasını gerektiren suçlarda müebbet hapis cezasına, müebbet hapis cezasını gerektiren suçlarda yirmi yıldan yirmibeş yıla kadar hapis cezasına hükmolunur; diğer suçlarda ise temel ceza üçte birden yarısına kadar indirilir. Taksir

Bu kaynak, kesin ve bağlayıcıdır.

2. Bağlam: TÜRK CEZA KANUNU m.21",1_5_5237_MADDE_21,1_5_5237_MADDE_21; 1_3_3894_MADDE_21; 1_3_3894_MADDE_26; 1_5_5271_MADDE_100; 1_5_5237_MADDE_86; 1_5_5237_MADDE_82; 1_5_5237_MADDE_29; 1_5_5237_MADDE_87; 1_3_3894_MADDE_14; 1_5_5237_MADDE_256,TÜRK CEZA KANUNU m.21 | DENİZDE ZABT VE MÜSADERE KANUNU m.21 | DENİZDE ZABT VE MÜSADERE KANUNU m.26 | CEZA MUHAKEMESİ KANUNU m.100 | TÜRK CEZA KANUNU m.86 | TÜRK CEZA KANUNU m.82 | TÜRK CEZA KANUNU m.29 | TÜRK CEZA KANUNU m.87 | DENİZDE ZABT VE MÜSADERE KANUNU m.14 | TÜRK CEZA KANUNU m.256,0.2222222222222222,0.2222222222222222,1.0,1.0,1.0,1.0,acceptable_automatic
Q165,Medeni Hukuk,medium,Nişanın bozulması hâlinde maddi tazminat hangi şartla istenebilir?,"Nişanın haklı bir sebep olmaksızın bozulması veya bozulmasına bir tarafın kusuruyla yol açması hâlinde, diğer taraf uygun maddi tazminat isteyebilir.","1. Nişanın bozulması hâlinde maddi tazminat, kusuru olan taraf, diğerine dürüstlük kuralları çerçevesinde ve evlenme amacıyla yaptığı harcamalar ve katlandığı maddî fedakârlıklar karşılığında uygun bir tazminat vermekle yükümlüdür. Aynı kural nişan giderleri hakkında da uygulanır. Tazminat istemeye hakkı olan tarafın ana ve babası veya onlar gibi davranan kimseler de, aynı koşullar altında yaptıkları harcamalar için uygun bir tazminat isteyebilirler. 2. Manevî tazminat

Kaynak: TÜRK MEDENİ KANUNU m.120",1_5_4721_MADDE_120,1_5_4721_MADDE_120; 1_5_4721_MADDE_121; 1_5_4721_MADDE_119; 1_5_4721_MADDE_174; 1_3_3894_MADDE_81; 0_1_2_MADDE_30; 1_5_4721_MADDE_122; 1_5_4721_MADDE_175; 1_5_6098_MADDE_56; 1_5_2453_MADDE_3,TÜRK MEDENİ KANUNU m.120 | TÜRK MEDENİ KANUNU m.121 | TÜRK MEDENİ KANUNU m.119 | TÜRK MEDENİ KANUNU m.174 | DENİZDE ZABT VE MÜSADERE KANUNU m.81 | RUMELİ DEMİRYOLLARININ UMUMİ NAKLİYESİ HAKKINDA NİZAMNAME m.30 | TÜRK MEDENİ KANUNU m.122 | TÜRK MEDENİ KANUNU m.175 | TÜRK BORÇLAR KANUNU m.56 | YURT DIŞINDA GÖREVLİ PERSONELE NAKTİ TAZMİNAT VERİLMESİ VE AYLIK BAĞLANMASI HAKKINDA KANUN m.3,0.2637362637362637,0.1538461538461538,1.0,1.0,1.0,1.0,acceptable_automatic
Q014,Borçlar Hukuku,easy,"Bir borcun ""ifa yeri"" taraflarca belirlenmemişse; para borçları ve parça borçları nerede ifa edilir?","İfa yeri kararlaştırılmamışsa para borçları alacaklının ödeme zamanındaki yerleşim yerinde, parça borçları sözleşmenin kurulduğu anda borcun konusu nerede ise orada, diğer bütün borçlar ise borçlunun yerleşim yerinde ifa edilir.","1. Borcun ""ifa yeri"" taraflarca belirlenmemişse; para borçları, alacaklının ödeme zamanındaki yerleşim yerinde, parça borçları ise sözleşmenin kurulduğu sırada borç konusunun bulunduğu yerde ifa edilir. Bu hüküm, borcun ifa yeri belirleme yükümlülüğünü ve ifa şartlarını düzenler.

2. Şartlar / açıklama: Bu açıklama, verilen mevzuat bağlamına dayanmaktadır. Bu kaynak, kesin ve bağlamı açık bir şekilde ifade eder.

3. Dayanak maddeler: Madde 89, 179, 85, 83, 166, 821 ve 39.

4. Not / sınırlılık: Bu cevap, verilen mevzuat bağlamına dayanmaktadır. Bağlamda cevap yoksa bunu açıkça söyleyin.",1_5_6098_MADDE_89,1_5_6098_MADDE_89; 1_5_6098_MADDE_179; 1_5_6098_MADDE_85; 1_5_6098_MADDE_83; 1_5_6098_MADDE_137; 1_5_6098_MADDE_136; 1_5_6098_MADDE_166; 1_3_2004_MADDE_144; 1_5_4721_MADDE_821; 1_3_6183_MADDE_39,TÜRK BORÇLAR KANUNU m.89 | TÜRK BORÇLAR KANUNU m.179 | TÜRK BORÇLAR KANUNU m.85 | TÜRK BORÇLAR KANUNU m.83 | TÜRK BORÇLAR KANUNU m.137 | TÜRK BORÇLAR KANUNU m.136 | TÜRK BORÇLAR KANUNU m.166 | İCRA VE İFLAS KANUNU m.144 | TÜRK MEDENİ KANUNU m.821 | AMME ALACAKLARININ TAHSİL USULÜ HAKKINDA KANUN m.39,0.2857142857142857,0.25,1.0,1.0,1.0,1.0,acceptable_automatic
Q141,Ceza Hukuku,easy,Taksir neyi ifade eder?,"Taksir, dikkat ve özen yükümlülüğüne aykırılık dolayısıyla bir davranışın suçun kanuni tanımında belirtilen neticesi öngörülmeyerek gerçekleştirilmesidir.","1. Taksir, bir davranışın suçun kanuni tanımında belirtilen neticesi öngörülmemesi durumudur. bu, dikkat ve özen yükümlülüğüne aykırılık olarak değerlendirilir.
2. Bu açıklama şu kaynak bilgilerine dayandırılmalıdır: TÜRK CEZA KANUNU m.22.
3. Bağlantı: TÜRK CEZA KANUNU m.22.
4. Not: Bu açıklama, sadece verilen mevzuat bağlamına dayanmaktadır. Uydurma kanun, madde, karar veya kaynak üretme.",1_5_5237_MADDE_22,1_5_5237_MADDE_22; 1_5_5237_MADDE_89; 1_3_6183_MADDE_63; 1_5_5237_MADDE_171; 1_3_6183_MADDE_3; 1_5_3065_MADDE_2; 1_5_6502_MADDE_17; 1_4_213_MADDE_70; 1_4_213_MADDE_22; 1_4_213_MADDE_72,TÜRK CEZA KANUNU m.22 | TÜRK CEZA KANUNU m.89 | AMME ALACAKLARININ TAHSİL USULÜ HAKKINDA KANUN m.63 | TÜRK CEZA KANUNU m.171 | AMME ALACAKLARININ TAHSİL USULÜ HAKKINDA KANUN m.3 | KATMA DEĞER VERGİSİ KANUNU m.2 | TÜKETİCİNİN KORUNMASI HAKKINDA KANUN m.17 | VERGİ USUL KANUNU m.70 | VERGİ USUL KANUNU m.22 | VERGİ USUL KANUNU m.72,0.3714285714285714,0.2285714285714285,1.0,1.0,1.0,1.0,acceptable_automatic
Q126,Anayasa Hukuku,medium,Temel hak ve hürriyetler hangi şartlarla sınırlandırılabilir?,Temel hak ve hürriyetler yalnızca Anayasanın ilgili maddelerinde belirtilen sebeplere bağlı olarak ve ancak kanunla sınırlanabilir; sınırlamalar demokratik toplum düzeninin ve ölçülülük ilkesinin gereklerine aykırı olamaz.,"1. Temel hak ve hürriyetler, özlerine dokunulmaksızın yalnızca Anayasanın ilgili maddelerinde belirtilen sebeplere bağlı olarak ve ancak kanunla sınırlanabilir. Bu sınırlamalar, Anayasanın sözüne ve ruhuna, demokratik toplum düzeninin ve lâik Cumhuriyetin gereklerine ve ölçülülük ilkesine aykırı olamaz. III. Temel hak ve hürriyetlerin kötüye kullanılamaması

2. Bu sınırlamalar, Anayasanın sözüne ve ruhuna, demokratik toplum düzeninin ve lâik Cumhuriyetin gereklerine ve ölçülülük ilkesine aykırı olamaz. III. Temel hak ve hürriyetlerin kötüye kullanılamaması

3. Kaynak: TÜRKİYE CUMHURİYETİ ANAYASASI m.13",1_5_2709_MADDE_13,1_5_2709_MADDE_13; 1_5_2709_MADDE_12; 1_5_2709_MADDE_14; 1_5_2709_MADDE_15; 1_5_2709_MADDE_23; 1_5_2709_MADDE_17; 1_5_6701_MADDE_2; 1_5_2709_MADDE_26; 1_5_2709_MADDE_19; 1_5_2565_MADDE_21,TÜRKİYE CUMHURİYETİ ANAYASASI m.13 | TÜRKİYE CUMHURİYETİ ANAYASASI m.12 | TÜRKİYE CUMHURİYETİ ANAYASASI m.14 | TÜRKİYE CUMHURİYETİ ANAYASASI m.15 | TÜRKİYE CUMHURİYETİ ANAYASASI m.23 | TÜRKİYE CUMHURİYETİ ANAYASASI m.17 | TÜRKİYE İNSAN HAKLARI VE EŞİTLİK KURUMU KANUNU m.2 | TÜRKİYE CUMHURİYETİ ANAYASASI m.26 | TÜRKİYE CUMHURİYETİ ANAYASASI m.19 | ASKERİ YASAK BÖLGELER VE GÜVENLİK BÖLGELERİ KANUNU m.21,0.4672897196261682,0.4672897196261682,1.0,1.0,1.0,1.0,acceptable_automatic
